{
"type": "FeatureCollection",
"crs": { "type": "name", "properties": { "name": "urn:ogc:def:crs:EPSG::25832" } },
"features": [
{ "type": "Feature", "properties": { "Gletschern": "Gepatsch Ferner", "id": 7022 }, "geometry": { "type": "Polygon", "coordinates": [ [ [ 636807.726469592191279, 5191257.238662818446755 ], [ 636805.96123930637259, 5191255.60713302064687 ], [ 636804.061492911656387, 5191253.874644814059138 ], [ 636800.625883760047145, 5191248.926383145153522 ], [ 636794.990798563929275, 5191239.840869377367198 ], [ 636784.399470921722241, 5191225.261238320730627 ], [ 636768.298334892839193, 5191207.747955627739429 ], [ 636754.99410747026559, 5191189.527292402461171 ], [ 636739.600328759639524, 5191163.061467354185879 ], [ 636723.757792741875164, 5191145.042629102244973 ], [ 636703.38766092446167, 5191125.131769959814847 ], [ 636680.109004400903359, 5191099.266687798313797 ], [ 636665.853856103378348, 5191078.459997668862343 ], [ 636654.838198928860947, 5191060.023317907936871 ], [ 636647.144017636310309, 5191040.903219506144524 ], [ 636643.833356596995145, 5191035.244282041676342 ], [ 636638.393876889022067, 5191025.954969855956733 ], [ 636608.877577586215921, 5190999.372967271134257 ], [ 636616.379115397459827, 5191014.250762981362641 ], [ 636616.39528784272261, 5191022.700654478743672 ], [ 636613.095547487027943, 5191032.094046171754599 ], [ 636608.822339097503573, 5191039.930953211151063 ], [ 636597.442525033955462, 5191047.586873218417168 ], [ 636582.065218022209592, 5191053.344857604242861 ], [ 636566.322690040571615, 5191062.936429714784026 ], [ 636560.53458303224761, 5191070.477553671225905 ], [ 636555.086113150813617, 5191083.914197294972837 ], [ 636551.689699867274612, 5191096.635784540325403 ], [ 636544.830305788549595, 5191115.418158661574125 ], [ 636539.04950061335694, 5191131.928991888649762 ], [ 636530.452817599638365, 5191149.381844693794847 ], [ 636519.598836055258289, 5191165.506334851495922 ], [ 636504.813947043032385, 5191186.393687442876399 ], [ 636494.047940185992047, 5191199.699792130850255 ], [ 636484.85170928039588, 5191211.252717643976212 ], [ 636474.234716946608387, 5191228.141195140779018 ], [ 636455.065191889181733, 5191242.264212272129953 ], [ 636440.261258053593338, 5191245.472071602940559 ], [ 636424.062039751792327, 5191244.296366368420422 ], [ 636407.171198085299693, 5191240.279017420485616 ], [ 636388.797266095061786, 5191234.686519276350737 ], [ 636368.131325182388537, 5191229.804934166371822 ], [ 636346.162888577324338, 5191225.661154168657959 ], [ 636322.093082510866225, 5191224.54146986361593 ], [ 636309.384382373886183, 5191216.275519382208586 ], [ 636297.553683024365455, 5191203.42473675403744 ], [ 636291.177586354664527, 5191195.576558179222047 ], [ 636283.603118059341796, 5191194.097686651162803 ], [ 636270.630084021016955, 5191186.08722401689738 ], [ 636265.669164557475597, 5191172.643415733240545 ], [ 636269.267713377717882, 5191152.745607079938054 ], [ 636276.508345952956006, 5191138.589514156803489 ], [ 636281.942572037456557, 5191125.402633270248771 ], [ 636294.437178994994611, 5191113.935885705985129 ], [ 636308.201185679296032, 5191102.500716108828783 ], [ 636326.167753827059641, 5191095.01690345723182 ], [ 636333.984823687234893, 5191087.530301913619041 ], [ 636341.629957139957696, 5191077.22093219216913 ], [ 636357.053454224718735, 5191069.923825034871697 ], [ 636377.980681683402508, 5191065.33026666380465 ], [ 636400.000929797883146, 5191058.205447451211512 ], [ 636414.286500016460195, 5191055.488748424686491 ], [ 636433.375366159249097, 5191053.153795876540244 ], [ 636457.918630993692204, 5191055.831452902406454 ], [ 636480.051707745762542, 5191053.828303819522262 ], [ 636492.367445755982772, 5191048.75818366650492 ], [ 636487.666448711534031, 5191035.318794029764831 ], [ 636478.355891535175033, 5191023.040870020166039 ], [ 636467.644361027516425, 5191016.108865729533136 ], [ 636455.683877169969492, 5191017.34521044138819 ], [ 636442.640342173632234, 5191021.113004828803241 ], [ 636443.397027867846191, 5191011.90630570333451 ], [ 636457.379191546235234, 5191001.754789171740413 ], [ 636469.932932048570365, 5190987.989110586233437 ], [ 636479.49882014002651, 5190972.342682830058038 ], [ 636484.534103545360267, 5190955.569164780899882 ], [ 636493.831421858398244, 5190940.428125859238207 ], [ 636509.559532394283451, 5190931.096291073597968 ], [ 636516.390221962938085, 5190922.812955427914858 ], [ 636512.012666327413172, 5190906.81917660869658 ], [ 636497.896128202788532, 5190903.129049520008266 ], [ 636486.955139886355028, 5190904.392760724760592 ], [ 636477.673605522606522, 5190909.794517523609102 ], [ 636470.152658000355586, 5190915.746213061735034 ], [ 636457.012472253409214, 5190922.842207997106016 ], [ 636442.130574593669735, 5190928.868613323196769 ], [ 636424.950952958199196, 5190935.355878720991313 ], [ 636411.82519935304299, 5190942.192132172174752 ], [ 636396.401702453149483, 5190949.489245255477726 ], [ 636387.078414078918286, 5190956.170236313715577 ], [ 636382.527943690307438, 5190965.022343221120536 ], [ 636377.816107141086832, 5190979.241487284190953 ], [ 636373.956083645112813, 5190990.415264820680022 ], [ 636367.197603948763572, 5191005.619494111277163 ], [ 636361.558347244048491, 5191016.752995184622705 ], [ 636352.871938722440973, 5191028.314579666592181 ], [ 636342.539160945801996, 5191034.968394467607141 ], [ 636326.938146175816655, 5191039.182615661993623 ], [ 636313.353014029329643, 5191044.221136222593486 ], [ 636302.042535821441561, 5191049.568350997753441 ], [ 636292.632583324797451, 5191059.577703850343823 ], [ 636282.194476298056543, 5191070.069526079110801 ], [ 636273.999064702889882, 5191082.159455246292055 ], [ 636263.24616995640099, 5191094.695811918005347 ], [ 636254.871499660192057, 5191094.993249 ], [ 636252.940353015204892, 5191082.140986004844308 ], [ 636253.82990380236879, 5191068.066779968328774 ], [ 636256.103981381515041, 5191050.196339359506965 ], [ 636258.628000472555868, 5191032.330133643932641 ], [ 636261.282350277062505, 5191018.555962457321584 ], [ 636270.602565944311209, 5191002.655366840772331 ], [ 636270.668803105014376, 5190991.127039761282504 ], [ 636265.917354000033811, 5190979.47670765966177 ], [ 636262.716804713942111, 5190966.592827956192195 ], [ 636265.677091093268245, 5190951.293941092677414 ], [ 636270.023836321430281, 5190940.898417147807777 ], [ 636279.792090173927136, 5190936.274914820678532 ], [ 636294.891947453841567, 5190931.542159746401012 ], [ 636309.72336756112054, 5190927.304825309664011 ], [ 636323.98141994245816, 5190925.617605844512582 ], [ 636338.289925272809342, 5190922.141336514614522 ], [ 636346.770096433581784, 5190917.995878911577165 ], [ 636347.481909778900445, 5190910.838331549428403 ], [ 636336.546701153507456, 5190902.362573166377842 ], [ 636320.43411068781279, 5190897.858515516854823 ], [ 636315.590261054458097, 5190889.286475624889135 ], [ 636324.649382322328165, 5190882.850982869975269 ], [ 636335.496243827044964, 5190875.955939039587975 ], [ 636348.154105304507539, 5190867.821783002465963 ], [ 636365.948733595432714, 5190857.515152449719608 ], [ 636379.393675390747376, 5190848.3744499925524 ], [ 636389.626915190019645, 5190835.819228138774633 ], [ 636395.709201101679355, 5190818.043591070920229 ], [ 636392.026364570949227, 5190804.121547373011708 ], [ 636377.779665949521586, 5190796.329401506111026 ], [ 636360.810856017051265, 5190795.130624843761325 ], [ 636343.250164844561368, 5190796.981619624421 ], [ 636330.415942971012555, 5190802.552901125513017 ], [ 636319.51846091740299, 5190811.246984172612429 ], [ 636314.662055497523397, 5190821.623845268972218 ], [ 636312.675241285818629, 5190838.479237156920135 ], [ 636311.544643354252912, 5190852.029352219775319 ], [ 636307.124338876921684, 5190864.983500796370208 ], [ 636299.497876829700544, 5190874.783230060711503 ], [ 636290.223864163970575, 5190889.144683640450239 ], [ 636283.933258393895812, 5190905.646832004189491 ], [ 636273.745058949803934, 5190916.142911734990776 ], [ 636262.622132893651724, 5190914.58364568091929 ], [ 636258.749988241586834, 5190898.858484719879925 ], [ 636257.711433668853715, 5190881.151623354293406 ], [ 636252.679641532362439, 5190861.296907735988498 ], [ 636246.013210243778303, 5190845.244219056330621 ], [ 636237.223652699962258, 5190823.505605516023934 ], [ 636239.155760021414608, 5190808.689188676886261 ], [ 636247.351162666222081, 5190796.599254911765456 ], [ 636257.309866899624467, 5190794.298880162648857 ], [ 636272.222325176233426, 5190796.462616200558841 ], [ 636285.938775367103517, 5190796.04612054489553 ], [ 636298.495578961446881, 5190791.500069419853389 ], [ 636309.319499756093137, 5190785.36458957195282 ], [ 636314.076367343543097, 5190769.086327684111893 ], [ 636311.645554223563522, 5190756.215549833141267 ], [ 636303.560699921566993, 5190736.548852562904358 ], [ 636299.090913163614459, 5190723.623389110900462 ], [ 636302.607568296836689, 5190715.533757730387151 ], [ 636298.908839191426523, 5190713.656622923910618 ], [ 636295.608855250524357, 5190712.004656077362597 ], [ 636288.755844930652529, 5190708.464237161912024 ], [ 636283.057082868064754, 5190705.540055610239506 ], [ 636264.202663465752266, 5190700.705584197305143 ], [ 636250.314190205885097, 5190698.304300172254443 ], [ 636234.045822069980204, 5190699.427348548546433 ], [ 636237.777727630687878, 5190705.18059874791652 ], [ 636241.562929614796303, 5190711.914716666564345 ], [ 636250.500942033715546, 5190719.056507314555347 ], [ 636259.916830682894215, 5190727.496388841420412 ], [ 636270.063802587101236, 5190736.458695105277002 ], [ 636273.642509610042907, 5190744.749212665483356 ], [ 636272.153626724495552, 5190752.913493808358908 ], [ 636265.711272192653269, 5190756.593649556860328 ], [ 636256.944021128234453, 5190761.744174734689295 ], [ 636246.670380148338154, 5190766.099093277007341 ], [ 636241.035137468483299, 5190758.783523256890476 ], [ 636236.742892863927409, 5190748.940928834490478 ], [ 636227.728433990268968, 5190735.128126779571176 ], [ 636217.672548900125548, 5190722.577546090818942 ], [ 636213.735534133389592, 5190708.90117818582803 ], [ 636214.751271469751373, 5190699.748903688974679 ], [ 636211.482917869230732, 5190696.723420937545598 ], [ 636207.601458086632192, 5190692.707542306743562 ], [ 636204.491221629781649, 5190689.20476128347218 ], [ 636202.033451285911724, 5190686.143064848147333 ], [ 636198.968613047152758, 5190680.561153001151979 ], [ 636197.638205606257543, 5190678.238620040938258 ], [ 636191.921114880824462, 5190669.271734497509897 ], [ 636183.386576633434743, 5190658.986938199959695 ], [ 636182.549627455300651, 5190653.522967842407525 ], [ 636179.281380343600176, 5190651.667422393336892 ], [ 636169.023499188013375, 5190646.283067366108298 ], [ 636161.646563251735643, 5190637.897894330322742 ], [ 636153.982374075101689, 5190630.527793363668025 ], [ 636145.526663060998544, 5190624.424147645011544 ], [ 636136.414208964910358, 5190623.419080625288188 ], [ 636124.5272763610119, 5190622.096814324147999 ], [ 636117.412020408548415, 5190622.425687679089606 ], [ 636110.611360355047509, 5190620.720013201236725 ], [ 636104.944389114971273, 5190614.683834705501795 ], [ 636099.772800187347457, 5190608.916092869825661 ], [ 636093.809879204374738, 5190604.404799404554069 ], [ 636086.667091586510651, 5190605.763155780732632 ], [ 636084.240954223554581, 5190610.831617483869195 ], [ 636080.59617086360231, 5190614.059438818134367 ], [ 636074.741447371197864, 5190614.939728713594377 ], [ 636072.627185434335843, 5190608.734044746495783 ], [ 636071.564185539958999, 5190601.276298195123672 ], [ 636072.853611945058219, 5190591.31873778346926 ], [ 636077.122362672467716, 5190583.741746203973889 ], [ 636084.128233977942728, 5190580.441139303147793 ], [ 636074.654052314581349, 5190578.021581562235951 ], [ 636069.189088394865394, 5190576.646319375373423 ], [ 636068.97457306238357, 5190576.608812522143126 ], [ 636048.898338842438534, 5190574.514145456254482 ], [ 636026.940728942397982, 5190572.228130079805851 ], [ 635991.725082084769383, 5190570.308796120807528 ], [ 635962.795855522737838, 5190570.596343743614852 ], [ 635937.229973571375012, 5190568.411313598044217 ], [ 635921.877627244917676, 5190563.921701401472092 ], [ 635924.673203149461187, 5190572.957368024624884 ], [ 635927.859161740867421, 5190586.110961117781699 ], [ 635928.835690134903416, 5190596.887080448679626 ], [ 635929.069837865303271, 5190606.630603672005236 ], [ 635923.842013227520511, 5190612.391332382336259 ], [ 635916.556572225410491, 5190618.607018918730319 ], [ 635902.203026674804278, 5190624.142449679784477 ], [ 635889.627572451834567, 5190629.198144778609276 ], [ 635883.221264516585506, 5190631.349010650068521 ], [ 635872.289141827146523, 5190632.092888064682484 ], [ 635866.239563158596866, 5190630.909978420473635 ], [ 635864.35990092321299, 5190630.308004192076623 ], [ 635859.817264501238242, 5190624.600961971096694 ], [ 635855.187278369790874, 5190617.562477034516633 ], [ 635850.844393430743366, 5190609.518967161886394 ], [ 635845.750791485887021, 5190600.932660741731524 ], [ 635841.139489329885691, 5190593.384533571079373 ], [ 635837.429287824546918, 5190580.482005683705211 ], [ 635839.660414142068475, 5190573.360336191020906 ], [ 635844.743621395668015, 5190563.757310220040381 ], [ 635851.504986728541553, 5190557.782679294236004 ], [ 635860.490552469389513, 5190553.905806530267 ], [ 635869.421073559788056, 5190552.087898263707757 ], [ 635877.888110309024341, 5190548.712179753929377 ], [ 635888.661433637607843, 5190544.375755093060434 ], [ 635898.783350690151565, 5190545.408011072315276 ], [ 635905.825233031297103, 5190547.627769283950329 ], [ 635911.496288096765056, 5190553.922317520715296 ], [ 635911.31827685481403, 5190553.103640173561871 ], [ 635907.888654210255481, 5190537.43337238766253 ], [ 635906.896065970766358, 5190530.199536858126521 ], [ 635903.365799232851714, 5190505.542061730287969 ], [ 635902.355302472948097, 5190498.871042782440782 ], [ 635894.309886619914323, 5190486.874667630530894 ], [ 635881.492691916879267, 5190473.232159244827926 ], [ 635871.363352935179137, 5190463.235232056118548 ], [ 635858.367209351621568, 5190455.994373483583331 ], [ 635844.425338826142251, 5190446.157527581788599 ], [ 635833.290642134612426, 5190435.888510293327272 ], [ 635835.719689453137107, 5190440.049655774608254 ], [ 635839.887967106187716, 5190454.239924279972911 ], [ 635841.091143463854678, 5190465.799835064448416 ], [ 635841.234210889437236, 5190479.131628203205764 ], [ 635832.684939452679828, 5190485.575799898244441 ], [ 635825.705438781529665, 5190490.266773577779531 ], [ 635822.724906170740724, 5190497.355707122012973 ], [ 635823.468718674732372, 5190507.117892848327756 ], [ 635816.980756780947559, 5190530.516346628777683 ], [ 635805.902677393518388, 5190536.897475186735392 ], [ 635789.996910905581899, 5190543.15643348544836 ], [ 635774.020257684867829, 5190543.004506483674049 ], [ 635764.00346021715086, 5190538.144233443774283 ], [ 635749.4926149250241, 5190530.597607935778797 ], [ 635741.201514858752489, 5190518.347079648636281 ], [ 635734.611719617620111, 5190508.955374671146274 ], [ 635722.706114428583533, 5190508.142755770124495 ], [ 635712.17831384530291, 5190512.743343650363386 ], [ 635701.355755576165393, 5190509.399278226308525 ], [ 635692.495734315598384, 5190499.438954149372876 ], [ 635681.625396175542846, 5190488.914453463628888 ], [ 635669.147939190501347, 5190481.162435880862176 ], [ 635659.057603757595643, 5190478.860823155380785 ], [ 635640.666170969139785, 5190474.297983828932047 ], [ 635621.227882846142165, 5190470.727296320721507 ], [ 635607.982014557346702, 5190463.472201062366366 ], [ 635612.95991098578088, 5190457.707201877608895 ], [ 635623.822910971241072, 5190459.262028895318508 ], [ 635640.20387616334483, 5190463.270659102126956 ], [ 635651.809106423286721, 5190465.868069498799741 ], [ 635667.517167453537695, 5190466.525401812046766 ], [ 635686.997381728026085, 5190468.806867580860853 ], [ 635700.955056758481078, 5190468.904427825473249 ], [ 635715.740253108320758, 5190466.206226421520114 ], [ 635723.557318276027218, 5190458.719643528573215 ], [ 635722.354142377269454, 5190447.159716841764748 ], [ 635713.985077687771991, 5190437.727720238268375 ], [ 635701.319907717988826, 5190436.892185081727803 ], [ 635689.3550247666426, 5190438.38845478836447 ], [ 635674.247878069407307, 5190434.151530336588621 ], [ 635658.572771976236254, 5190422.745259704999626 ], [ 635651.565932660130784, 5190428.455726792104542 ], [ 635642.206461174646392, 5190436.676031444221735 ], [ 635631.343441281467676, 5190435.121204635128379 ], [ 635615.781338765984401, 5190428.826627751812339 ], [ 635603.758670328767039, 5190423.142273365519941 ], [ 635591.377710225759074, 5190412.072076570242643 ], [ 635578.583715738262981, 5190397.655005888082087 ], [ 635565.034409829881042, 5190382.965095601044595 ], [ 635552.198661587201059, 5190369.827260719612241 ], [ 635557.187881759600714, 5190354.582910260185599 ], [ 635562.539666958036833, 5190344.474499147385359 ], [ 635552.518637672183104, 5190339.864175519905984 ], [ 635541.033144061919302, 5190333.169007926248014 ], [ 635538.355531846405938, 5190319.524092400446534 ], [ 635548.652067978982814, 5190314.40960503462702 ], [ 635565.415978745324537, 5190313.54497193172574 ], [ 635582.217049306724221, 5190311.671040832065046 ], [ 635594.00556440546643, 5190307.6118573108688 ], [ 635592.487600843654945, 5190298.096506181173027 ], [ 635579.105808258289471, 5190286.489309404976666 ], [ 635566.219606952392496, 5190275.140523524023592 ], [ 635556.322564304340631, 5190266.182517685927451 ], [ 635543.108460308052599, 5190257.648007159121335 ], [ 635535.970106930006295, 5190258.746477416716516 ], [ 635531.419661706546322, 5190267.598573565483093 ], [ 635527.295502908644266, 5190279.017833089455962 ], [ 635519.723962851101533, 5190286.768579611554742 ], [ 635511.798514220863581, 5190288.873573800548911 ], [ 635505.344430837663822, 5190283.843971870839596 ], [ 635501.224123748252168, 5190276.824181572534144 ], [ 635501.999454906675965, 5190267.107859919779003 ], [ 635508.916752298828214, 5190255.496154591441154 ], [ 635513.98128259065561, 5190246.40281377825886 ], [ 635516.886662967852317, 5190233.152906007133424 ], [ 635517.517393165966496, 5190219.594308828003705 ], [ 635515.817479275166988, 5190207.25598917901516 ], [ 635508.931713667581789, 5190199.389157728292048 ], [ 635499.151740139815956, 5190195.302891851402819 ], [ 635496.94374905154109, 5190201.655005634762347 ], [ 635496.117950702086091, 5190213.160392372868955 ], [ 635489.717404968454503, 5190215.561336002312601 ], [ 635483.953771975822747, 5190212.853361504152417 ], [ 635474.586985798552632, 5190212.103981122374535 ], [ 635463.608640453545377, 5190214.387011734768748 ], [ 635460.150106908637099, 5190220.187861181795597 ], [ 635460.056530991569161, 5190232.73565869871527 ], [ 635460.38155466131866, 5190248.89039006922394 ], [ 635461.270142130670138, 5190262.484853439964354 ], [ 635458.773523956420831, 5190279.33153510093689 ], [ 635454.668030748376623, 5190290.241111186333001 ], [ 635444.002981069730595, 5190299.969113708473742 ], [ 635431.319135166937485, 5190299.643245089799166 ], [ 635420.430134296650067, 5190289.628399275243282 ], [ 635414.085818124120124, 5190280.500868611037731 ], [ 635408.021815108368173, 5190279.577685768716037 ], [ 635402.584561036783271, 5190283.544942388311028 ], [ 635395.577708877972327, 5190289.255407964810729 ], [ 635386.238266966305673, 5190287.486532306298614 ], [ 635379.411631455877796, 5190277.320843989029527 ], [ 635383.398700402234681, 5190271.019012225791812 ], [ 635392.70328915072605, 5190264.8476836187765 ], [ 635404.995876062661409, 5190260.547123990952969 ], [ 635415.078694318188354, 5190253.889070304110646 ], [ 635421.116691453149542, 5190246.352209536358714 ], [ 635422.856642352067865, 5190238.712206499651074 ], [ 635418.958877231227234, 5190232.716145472601056 ], [ 635410.41522655216977, 5190229.430895801633596 ], [ 635402.77705101436004, 5190230.520840064622462 ], [ 635390.293839055113494, 5190232.508262634277344 ], [ 635373.037798550678417, 5190232.324563486501575 ], [ 635356.269661741098389, 5190233.439122043550014 ], [ 635345.01542928989511, 5190227.257876177318394 ], [ 635342.137158005265519, 5190221.289177621714771 ], [ 635336.797885272651911, 5190212.448730719275773 ], [ 635328.775390024413355, 5190199.692813767120242 ], [ 635321.457775818300433, 5190188.998782948590815 ], [ 635315.701062057865784, 5190177.071394100785255 ], [ 635310.698348447796889, 5190164.906843814998865 ], [ 635307.425743222353049, 5190155.081632382236421 ], [ 635311.347929922863841, 5190150.828604467213154 ], [ 635318.313006523647346, 5190146.397370520979166 ], [ 635326.912880605552346, 5190138.154147502034903 ], [ 635338.046972578042187, 5190130.244050050154328 ], [ 635348.267062976257876, 5190118.458564396947622 ], [ 635352.34518982982263, 5190108.568463372066617 ], [ 635352.319010045612231, 5190100.118447828106582 ], [ 635352.412581761018373, 5190087.570653637871146 ], [ 635351.501070862170309, 5190074.735758901573718 ], [ 635348.26890461880248, 5190063.121331435628235 ], [ 635340.569862812175415, 5190047.811053647659719 ], [ 635333.384905798942782, 5190032.259531257674098 ], [ 635333.923428540700115, 5190021.769199277274311 ], [ 635344.41075260436628, 5190018.957837478257716 ], [ 635355.923606585827656, 5190024.633499475196004 ], [ 635364.401048360392451, 5190039.447064937092364 ], [ 635368.319243336562067, 5190053.643046746961772 ], [ 635369.526853057788685, 5190064.943052364513278 ], [ 635374.464691519271582, 5190079.156388179399073 ], [ 635377.274992695078254, 5190087.943783034570515 ], [ 635383.518434120342135, 5190100.64943998772651 ], [ 635391.795109251048416, 5190113.159688114188612 ], [ 635400.065750274574384, 5190117.210253245197237 ], [ 635407.981208190903999, 5190115.105086242780089 ], [ 635419.454933605738916, 5190113.090469310060143 ], [ 635439.31329938408453, 5190110.778565084561706 ], [ 635452.769980975426733, 5190110.347616214305162 ], [ 635470.73514080629684, 5190112.343293245881796 ], [ 635484.058971318416297, 5190116.779846810735762 ], [ 635497.674496135907248, 5190119.941440055146813 ], [ 635515.816023940220475, 5190124.499988946132362 ], [ 635528.940382379805669, 5190127.143243663944304 ], [ 635543.207080720807426, 5190124.94616677146405 ], [ 635544.632417775457725, 5190119.340705898590386 ], [ 635538.315437353565358, 5190109.193680997937918 ], [ 635526.675521523924544, 5190098.646087541244924 ], [ 635508.315835770685226, 5190092.8038823986426 ], [ 635492.444533847272396, 5190088.813952592201531 ], [ 635475.358708411920816, 5190082.743433977477252 ], [ 635458.067807189654559, 5190074.619536058045924 ], [ 635438.843257982865907, 5190072.592436438426375 ], [ 635426.497130759991705, 5190069.462478557601571 ], [ 635428.655870281159878, 5190055.429900662042201 ], [ 635428.659861771040596, 5190036.980867091566324 ], [ 635422.007652275380678, 5190020.678453623317182 ], [ 635404.175345064373687, 5190013.815279477275908 ], [ 635391.992485149530694, 5190014.017916291952133 ], [ 635379.281148605165072, 5190014.721538402140141 ], [ 635359.448364238603972, 5190007.304349010810256 ], [ 635343.959801497403532, 5189998.451176133006811 ], [ 635331.018538359319791, 5189989.161367860622704 ], [ 635320.907780354609713, 5189978.659808374941349 ], [ 635321.55912000942044, 5189973.291152622550726 ], [ 635328.970478046801873, 5189971.427398419938982 ], [ 635337.473535853438079, 5189966.522347075864673 ], [ 635347.074065569206141, 5189958.826129720546305 ], [ 635356.156067452277057, 5189951.631066676229239 ], [ 635363.241063158377074, 5189943.092043019831181 ], [ 635370.399404150317423, 5189932.004447182640433 ], [ 635373.040439976030029, 5189919.010028178803623 ], [ 635370.754207934020087, 5189909.981559190899134 ], [ 635362.380903775570914, 5189900.799504509195685 ], [ 635349.848403539857827, 5189895.106492870487273 ], [ 635338.238944183336571, 5189892.759023426100612 ], [ 635327.754259098088369, 5189886.600874721072614 ], [ 635328.233483396936208, 5189878.419426753185689 ], [ 635334.753773682867177, 5189871.920719443820417 ], [ 635345.272880356293172, 5189867.829950740560889 ], [ 635354.262661804794334, 5189863.703164179809391 ], [ 635361.04269201902207, 5189857.218867148272693 ], [ 635368.400505547178909, 5189847.92454940918833 ], [ 635375.616832212312147, 5189844.007565015926957 ], [ 635384.774135239655152, 5189842.963467301800847 ], [ 635396.725926304934546, 5189842.236922781914473 ], [ 635408.931873878929764, 5189841.264709102921188 ], [ 635419.468335154117085, 5189836.154294394887984 ], [ 635422.131110879592597, 5189831.869818918406963 ], [ 635421.583431523526087, 5189830.56055370811373 ], [ 635416.838681679917499, 5189824.390098894946277 ], [ 635403.691067019943148, 5189822.526433416642249 ], [ 635391.266830945387483, 5189823.984911867417395 ], [ 635380.895833860617131, 5189822.898445157334208 ], [ 635370.552648243028671, 5189819.002608044072986 ], [ 635367.135210083913989, 5189805.935092002153397 ], [ 635368.051884336979128, 5189790.851427297107875 ], [ 635379.270832597510889, 5189783.242749222554266 ], [ 635388.693830643082038, 5189777.163416408933699 ], [ 635400.871236917795613, 5189774.930790632963181 ], [ 635416.323133766185492, 5189774.773770746774971 ], [ 635428.234426321461797, 5189774.076525744050741 ], [ 635435.338091933866963, 5189772.077499717473984 ], [ 635440.445680094067939, 5189767.504673373885453 ], [ 635435.272918600356206, 5189754.167297966778278 ], [ 635419.613621530588716, 5189749.471007420681417 ], [ 635414.677682080538943, 5189736.907627837732434 ], [ 635408.751049508107826, 5189722.037514607422054 ], [ 635403.803321408573538, 5189710.753840510733426 ], [ 635388.371700820396654, 5189709.131274908781052 ], [ 635373.920334465918131, 5189711.605208271183074 ], [ 635365.760160039179027, 5189716.926078576594591 ], [ 635359.359279095660895, 5189724.046773345209658 ], [ 635349.993855952168815, 5189723.217426490038633 ], [ 635344.99033640336711, 5189717.562559513375163 ], [ 635336.243235916015692, 5189706.254248359240592 ], [ 635327.8178517119959, 5189687.791758396662772 ], [ 635318.701471786014736, 5189662.927839213982224 ], [ 635304.953772930894047, 5189645.204740363173187 ], [ 635292.51132550323382, 5189623.644043520092964 ], [ 635276.501604807912372, 5189604.872503076680005 ], [ 635255.665124220075086, 5189587.098762633278966 ], [ 635229.998791789403185, 5189571.092753573320806 ], [ 635207.316327512147836, 5189560.727239517495036 ], [ 635187.883825554396026, 5189554.466838729567826 ], [ 635175.563679909217171, 5189545.69757853448391 ], [ 635160.997364804148674, 5189534.36025605071336 ], [ 635152.536821380606852, 5189519.726999457925558 ], [ 635138.413381950580515, 5189513.506939717568457 ], [ 635123.988635789137334, 5189512.651500497944653 ], [ 635114.47115366323851, 5189503.130002670921385 ], [ 635105.11868440953549, 5189501.540908414870501 ], [ 635091.688904819195159, 5189502.742298997938633 ], [ 635078.819351732032374, 5189498.053496826440096 ], [ 635067.409225272247568, 5189499.269257145002484 ], [ 635058.696558534400538, 5189509.440473777242005 ], [ 635045.174506236100569, 5189519.589845571666956 ], [ 635032.225420257309452, 5189523.099278029985726 ], [ 635016.57612344971858, 5189518.403190614655614 ], [ 634999.649746404378675, 5189514.715318944305182 ], [ 634996.706789049087092, 5189505.495681932196021 ], [ 635002.626968855387531, 5189496.066928294487298 ], [ 635007.802105797687545, 5189484.58556002471596 ], [ 635011.236632558284327, 5189470.794708360917866 ], [ 635010.06653476471547, 5189460.81529662758112 ], [ 634996.091564462985843, 5189465.847199976444244 ], [ 634982.998861122410744, 5189483.673485968261957 ], [ 634972.685882994439453, 5189501.507094280794263 ], [ 634958.861065061413683, 5189516.521049381233752 ], [ 634944.539514763746411, 5189530.756605791859329 ], [ 634927.748524153139442, 5189539.090412851423025 ], [ 634911.041132320533507, 5189538.986091172322631 ], [ 634892.613896141760051, 5189533.002788076177239 ], [ 634873.980910680023953, 5189522.656168350949883 ], [ 634858.649118059780449, 5189511.055853533558547 ], [ 634848.499337238725275, 5189488.744217792525887 ], [ 634830.799944863771088, 5189485.823147791437805 ], [ 634819.333315532887354, 5189468.61890241317451 ], [ 634810.693391449633054, 5189446.312983185052872 ], [ 634808.427627220167778, 5189420.215749093331397 ], [ 634819.037800130667165, 5189397.257483043707907 ], [ 634835.428575415397063, 5189378.94735693000257 ], [ 634854.277365819783881, 5189367.798684316687286 ], [ 634875.425990983843803, 5189354.88925554510206 ], [ 634891.473433239734732, 5189345.002842234447598 ], [ 634912.348582766368054, 5189334.648622842505574 ], [ 634938.027552330400795, 5189324.056184316985309 ], [ 634961.88835289911367, 5189318.062537987716496 ], [ 634986.01217527652625, 5189311.303422449156642 ], [ 635012.851112516596913, 5189310.700209795497358 ], [ 635036.822610043804161, 5189318.767758633010089 ], [ 635057.217974955448881, 5189330.144283163361251 ], [ 635079.916477182647213, 5189338.980115887708962 ], [ 635096.513765501906164, 5189350.841988976113498 ], [ 635115.937590245739557, 5189357.612209947779775 ], [ 635134.383801325107925, 5189361.305958662182093 ], [ 635150.381051002303138, 5189357.308421955443919 ], [ 635166.862086473731324, 5189354.848997391760349 ], [ 635181.347024637507275, 5189349.815756480209529 ], [ 635193.563809258164838, 5189343.503974381834269 ], [ 635210.80919270706363, 5189340.787600111216307 ], [ 635229.514006354147568, 5189343.975770317949355 ], [ 635243.874275018344633, 5189350.969800541177392 ], [ 635257.264463640283793, 5189353.857536466792226 ], [ 635264.740937418770045, 5189341.115397213958204 ], [ 635269.92900137626566, 5189328.874323613010347 ], [ 635284.643421671935357, 5189325.634869990870357 ], [ 635298.597898715757765, 5189322.392513058148324 ], [ 635312.478789085405879, 5189327.588482085615396 ], [ 635321.440668645664118, 5189342.730260695330799 ], [ 635319.777035946492106, 5189357.051229788921773 ], [ 635311.977480396395549, 5189376.437547089532018 ], [ 635311.057730067637749, 5189392.291103132069111 ], [ 635310.678881653351709, 5189404.564046446233988 ], [ 635312.61184673581738, 5189413.786502601578832 ], [ 635323.771887893439271, 5189412.576473680324852 ], [ 635337.222138406243175, 5189409.58552370313555 ], [ 635350.492944564670324, 5189398.921904975548387 ], [ 635360.018384554539807, 5189383.884757498279214 ], [ 635369.474938426283188, 5189375.246118118986487 ], [ 635382.972111574141309, 5189367.146218234673142 ], [ 635399.939583590370603, 5189367.244968025013804 ], [ 635406.765384562197141, 5189368.061079540289938 ], [ 635416.134071898180991, 5189368.110518658533692 ], [ 635425.295373932574876, 5189363.30668562091887 ], [ 635428.140726880519651, 5189357.695359356701374 ], [ 635432.719176115351729, 5189355.423397719860077 ], [ 635440.718171059619635, 5189365.449038596823812 ], [ 635453.063196391682141, 5189372.168794138357043 ], [ 635466.723607293097302, 5189373.281216679140925 ], [ 635488.50650692358613, 5189371.871992567554116 ], [ 635507.781375402817503, 5189369.180144231766462 ], [ 635524.748872029013, 5189369.278894498944283 ], [ 635536.689755753614008, 5189364.492351392284036 ], [ 635551.509536412311718, 5189351.535181068815291 ], [ 635560.666418694425374, 5189346.991236569359899 ], [ 635575.108683344791643, 5189346.817038017325103 ], [ 635588.498713106615469, 5189349.714763869531453 ], [ 635602.639991630217992, 5189353.125263498164713 ], [ 635608.160866482765414, 5189357.759002778679132 ], [ 635617.016421900130808, 5189358.582157685421407 ], [ 635630.494513264042325, 5189352.779319684021175 ], [ 635646.324143777601421, 5189339.829340360127389 ], [ 635664.068949244217947, 5189320.69224925339222 ], [ 635679.117714726016857, 5189301.919255264103413 ], [ 635683.850333376089111, 5189293.092892922461033 ], [ 635693.054511632071808, 5189275.917723841033876 ], [ 635702.209931055083871, 5189247.074912283569574 ], [ 635705.354605549946427, 5189211.535129032097757 ], [ 635706.253434066427872, 5189197.842958480119705 ], [ 635707.149808658985421, 5189184.184814340434968 ], [ 635705.501371898921207, 5189147.085759324021637 ], [ 635700.999863868812099, 5189116.630638148635626 ], [ 635695.741729519795626, 5189085.392657939344645 ], [ 635689.68021376663819, 5189058.760798154398799 ], [ 635686.038707359228283, 5189035.923653410747647 ], [ 635685.3928908247035, 5189031.87914443295449 ], [ 635678.087099269265309, 5189003.446197947487235 ], [ 635672.618606221862137, 5188968.114850827492774 ], [ 635663.118544471682981, 5188929.950042543932796 ], [ 635660.563020556000993, 5188918.30440429225564 ], [ 635654.662692966987379, 5188891.5329903466627 ], [ 635651.144869179348461, 5188875.197351197712123 ], [ 635649.078093735734001, 5188865.669226171448827 ], [ 635644.35784244525712, 5188833.67044124007225 ], [ 635645.639717894955538, 5188806.81855302490294 ], [ 635650.6854791441001, 5188783.840535212308168 ], [ 635656.975206108298153, 5188762.388618334196508 ], [ 635666.793813228840008, 5188742.756643070839345 ], [ 635681.677384972339496, 5188723.405850108712912 ], [ 635700.113349813385867, 5188703.31556592322886 ], [ 635719.300669367192313, 5188683.732991266064346 ], [ 635738.182099397061393, 5188669.784979965537786 ], [ 635758.302409572643228, 5188657.367948633618653 ], [ 635771.942903404589742, 5188649.897422908805311 ], [ 635785.55007157404907, 5188642.442329896613955 ], [ 635811.996928564272821, 5188631.092904839664698 ], [ 635837.374511134927161, 5188625.87497756909579 ], [ 635853.373540624510497, 5188620.597489006817341 ], [ 635880.330965594388545, 5188609.506742942146957 ], [ 635895.453875404899009, 5188606.520415705628693 ], [ 635906.716546017094515, 5188604.286834233440459 ], [ 635915.181846321327612, 5188602.598746585659683 ], [ 635927.769198469351977, 5188600.074424083344638 ], [ 635948.838699693325907, 5188595.343179701827466 ], [ 635974.707441122736782, 5188590.643585844896734 ], [ 635994.987903757602908, 5188588.208811447024345 ], [ 636009.071629415615462, 5188583.248706736601889 ], [ 636014.126756979618222, 5188572.35523764975369 ], [ 636013.162468596477993, 5188560.269412331283092 ], [ 636002.334688290720806, 5188548.415724221616983 ], [ 635989.031569428858347, 5188529.830231469124556 ], [ 635973.210594777832739, 5188527.581131123937666 ], [ 635947.451504498254508, 5188521.723100215196609 ], [ 635933.843466997379437, 5188515.181856652721763 ], [ 635917.499967837007716, 5188507.794093064032495 ], [ 635913.414056385867298, 5188492.285317328758538 ], [ 635911.664772094693035, 5188469.916620974428952 ], [ 635909.895089816185646, 5188453.447296995669603 ], [ 635908.348374585970305, 5188432.102008069865406 ], [ 635902.053798056324013, 5188420.635436022654176 ], [ 635895.501617206144147, 5188420.193973088636994 ], [ 635885.921583257615566, 5188436.09019183088094 ], [ 635876.921207222505473, 5188433.787155761383474 ], [ 635873.12002198304981, 5188412.123523030430079 ], [ 635879.149213394732215, 5188390.99711312353611 ], [ 635886.446106847492047, 5188375.29204043187201 ], [ 635898.253482022322714, 5188354.84393575694412 ], [ 635904.214774102903903, 5188340.646038331091404 ], [ 635892.202056467998773, 5188332.612015287391841 ], [ 635880.101236726506613, 5188337.395891460590065 ], [ 635866.914588593994267, 5188343.701203559525311 ], [ 635857.129999516298994, 5188347.524529755115509 ], [ 635862.766910666483454, 5188329.471306740306318 ], [ 635868.586017164168879, 5188318.340862048789859 ], [ 635868.139658629661426, 5188311.663583323359489 ], [ 635855.392173336585984, 5188297.447365717962384 ], [ 635847.648478835704736, 5188290.045952699147165 ], [ 635852.214327981346287, 5188273.234450595453382 ], [ 635868.984121466288343, 5188254.98069067299366 ], [ 635877.098463114118204, 5188232.3698456203565 ], [ 635885.472543798503466, 5188209.773409532383084 ], [ 635892.719578174408525, 5188184.067944048903883 ], [ 635899.758284071809612, 5188162.968735309317708 ], [ 635907.15440421027597, 5188144.955449607223272 ], [ 635910.896001960616559, 5188124.280091881752014 ], [ 635911.937976962421089, 5188107.118652775883675 ], [ 635917.952742752851918, 5188086.251995622180402 ], [ 635927.315932610770687, 5188069.582093106582761 ], [ 635931.547364361700602, 5188048.915087123401463 ], [ 635928.970597977051511, 5188033.451992892660201 ], [ 635920.861144850612618, 5188017.574759475886822 ], [ 635908.807201073504984, 5188004.910280412994325 ], [ 635893.479122932185419, 5187991.910090892575681 ], [ 635884.201556429034099, 5187976.512994388118386 ], [ 635885.378753476776183, 5187961.393738586455584 ], [ 635877.921918701613322, 5187948.297458446584642 ], [ 635876.582325590308756, 5187944.100428079254925 ], [ 635871.485662885243073, 5187928.670406885445118 ], [ 635869.810843046521768, 5187923.700664326548576 ], [ 635860.165195424575359, 5187901.13762503489852 ], [ 635855.570610234048218, 5187894.403045560233295 ], [ 635851.923172226175666, 5187889.073436362668872 ], [ 635848.516144199296832, 5187884.116368521004915 ], [ 635845.199814196908846, 5187879.307474502362311 ], [ 635836.894295920850709, 5187873.633005675859749 ], [ 635825.350203134119511, 5187863.327085402794182 ], [ 635814.780610298737884, 5187856.867552331648767 ], [ 635798.90039875311777, 5187849.872692439705133 ], [ 635785.952623704215512, 5187836.848023412749171 ], [ 635779.178542391047813, 5187827.703202325850725 ], [ 635780.449678647797555, 5187814.115488300099969 ], [ 635786.13285095221363, 5187813.91219347063452 ], [ 635794.916549953166395, 5187819.931458847597241 ], [ 635800.67283593909815, 5187823.864108918234706 ], [ 635810.058957645320334, 5187823.478824909776449 ], [ 635811.954257203848101, 5187816.059770156629384 ], [ 635808.522777824779041, 5187808.563402055762708 ], [ 635797.710626186919399, 5187793.440171058289707 ], [ 635784.178750518360175, 5187785.360320118255913 ], [ 635773.030989886610769, 5187769.391424022614956 ], [ 635769.615724680945277, 5187750.314240811392665 ], [ 635751.624488788074814, 5187729.279147831723094 ], [ 635730.150948603870347, 5187712.504596716724336 ], [ 635706.646330443327315, 5187706.964963403530419 ], [ 635684.508507448597811, 5187704.548425597138703 ], [ 635668.44359377771616, 5187696.655478938482702 ], [ 635649.47000615671277, 5187680.463435997255147 ], [ 635627.482195601216517, 5187663.940146829932928 ], [ 635609.647568857646547, 5187639.577894739806652 ], [ 635597.721391621860676, 5187624.105726827867329 ], [ 635589.007417768239975, 5187610.258149141445756 ], [ 635579.938685300992802, 5187598.454426604323089 ], [ 635565.981227420968935, 5187588.352432631887496 ], [ 635544.184681550948881, 5187580.571993948891759 ], [ 635517.501238905475475, 5187569.68353337328881 ], [ 635491.066712655476294, 5187554.744516086764634 ], [ 635473.849131089169532, 5187546.422010393813252 ], [ 635456.275504894088954, 5187531.403732093982399 ], [ 635445.801951846457087, 5187520.476072351448238 ], [ 635435.178697736817412, 5187505.416077553294599 ], [ 635433.273223509662785, 5187500.709842910058796 ], [ 635428.801749667851254, 5187489.678341446444392 ], [ 635424.879159167758189, 5187475.442308221943676 ], [ 635414.185910672531463, 5187452.741499844007194 ], [ 635396.938450104556978, 5187437.358799692243338 ], [ 635389.435262123821303, 5187431.691445277072489 ], [ 635378.936388676753268, 5187445.762130714021623 ], [ 635371.098951678606682, 5187473.257426047697663 ], [ 635353.602109935483895, 5187474.299663267098367 ], [ 635350.63917876360938, 5187456.260166792199016 ], [ 635358.687284932471812, 5187435.188137452118099 ], [ 635364.357237666030414, 5187416.365522347390652 ], [ 635361.702683061012067, 5187406.060868386179209 ], [ 635357.465783987776376, 5187395.899288024753332 ], [ 635339.671749175526202, 5187388.546923842281103 ], [ 635330.092453279881738, 5187385.59411299135536 ], [ 635322.289078137371689, 5187397.57073559332639 ], [ 635315.053821103647351, 5187406.717188862152398 ], [ 635307.381255030166358, 5187394.54725394397974 ], [ 635304.148864667280577, 5187374.713214337825775 ], [ 635296.198095947736874, 5187348.919271619059145 ], [ 635283.627467931131832, 5187326.656475360505283 ], [ 635266.070214807055891, 5187315.37834071367979 ], [ 635244.021595538943075, 5187298.904044041410089 ], [ 635219.518150491407141, 5187278.018196666613221 ], [ 635206.498741787392646, 5187252.157975169830024 ], [ 635192.761164251016453, 5187239.124932797625661 ], [ 635174.254145824117586, 5187223.720822636969388 ], [ 635155.611606550402939, 5187216.284023819491267 ], [ 635139.865465573268011, 5187217.86605314258486 ], [ 635129.897302840370685, 5187207.206992804072797 ], [ 635116.303939667763188, 5187185.69681409932673 ], [ 635098.736683259252459, 5187174.418500821106136 ], [ 635085.596350571955554, 5187156.255852778442204 ], [ 635078.126890192506835, 5187147.429225107654929 ], [ 635071.012583776959218, 5187148.878115693107247 ], [ 635059.433289683423936, 5187143.581377955153584 ], [ 635043.576870172051713, 5187136.951955383643508 ], [ 635021.709747893037274, 5187125.090537927113473 ], [ 635000.387169842491858, 5187111.198469545692205 ], [ 634945.423278917558491, 5187105.123702448792756 ], [ 634925.603582414332777, 5187096.346964042633772 ], [ 634920.502212187158875, 5187086.450657581910491 ], [ 634920.375007706461474, 5187086.44580757804215 ], [ 634919.704484018380754, 5187086.907065082341433 ], [ 634908.052191751077771, 5187086.488855117000639 ], [ 634880.260250860243104, 5187084.921111593954265 ], [ 634859.531395247206092, 5187080.213705824688077 ], [ 634828.785079977125861, 5187063.041496822610497 ], [ 634829.552282732212916, 5187046.745373188517988 ], [ 634845.423940471606329, 5187037.195883889682591 ], [ 634858.695077577023767, 5187031.211968302726746 ], [ 634864.343585888971575, 5187027.168246558867395 ], [ 634859.063020020374097, 5187024.278566215187311 ], [ 634845.381241148686968, 5187023.835843130014837 ], [ 634834.173120718449354, 5187027.284979210235178 ], [ 634816.613709640223533, 5187031.416033066809177 ], [ 634803.161269725766033, 5187032.777122443541884 ], [ 634785.381234507192858, 5187034.594513354822993 ], [ 634775.248432304477319, 5187034.202173317782581 ], [ 634760.578598631895147, 5187032.472690120339394 ], [ 634748.473279384430498, 5187028.706937683746219 ], [ 634734.864335027989, 5187023.39569965004921 ], [ 634719.478625171119347, 5187019.07415496557951 ], [ 634698.979285331326537, 5187016.745534679852426 ], [ 634675.959307669661939, 5187013.874085197225213 ], [ 634658.763083047349937, 5187014.291493321768939 ], [ 634655.46871567890048, 5187009.855676267296076 ], [ 634647.744843953521922, 5187005.404488132335246 ], [ 634636.365557866753079, 5186998.931241761893034 ], [ 634626.767466816818342, 5186990.618375429883599 ], [ 634615.009860995109193, 5186986.398572519421577 ], [ 634598.563528830418363, 5186984.468877991661429 ], [ 634572.229175694053993, 5186980.101085621863604 ], [ 634566.643083213828504, 5186980.476035755127668 ], [ 634559.452502366038971, 5186988.173304959200323 ], [ 634555.677125640679151, 5186997.31860488280654 ], [ 634551.701948914327659, 5187001.160796138457954 ], [ 634545.985170141793787, 5186999.813594519160688 ], [ 634547.590163553250022, 5186987.171555172652006 ], [ 634550.3637793577509, 5186979.309136109426618 ], [ 634552.096063625067472, 5186973.878892918117344 ], [ 634541.107695322367363, 5186974.991906170733273 ], [ 634526.936482720077038, 5186979.220597979612648 ], [ 634521.583071033470333, 5186984.139262531884015 ], [ 634514.984671679441817, 5187002.286078571341932 ], [ 634506.99789730948396, 5187021.519223880954087 ], [ 634499.08323319198098, 5187038.863674306310713 ], [ 634488.755292989197187, 5187059.346922506578267 ], [ 634478.689590520458296, 5187077.934719549492002 ], [ 634468.122682042769156, 5187099.533839129842818 ], [ 634454.271739738760516, 5187121.967035189270973 ], [ 634434.042393745505251, 5187145.50167053937912 ], [ 634408.152102661086246, 5187166.170124914497137 ], [ 634386.462887450470589, 5187182.06031521037221 ], [ 634363.231472484068945, 5187198.084250753745437 ], [ 634344.564365454483777, 5187215.605755939148366 ], [ 634325.59258204663638, 5187230.462213184684515 ], [ 634300.452349756611511, 5187246.42367963027209 ], [ 634270.495411859825253, 5187268.082894582301378 ], [ 634245.554794024443254, 5187283.477773495949805 ], [ 634220.025190714746714, 5187294.112884457223117 ], [ 634197.805380094097927, 5187314.153800361789763 ], [ 634197.595760703552514, 5187314.720213021151721 ], [ 634188.823598239105195, 5187323.69050307944417 ], [ 634180.061291411169805, 5187328.846493225544691 ], [ 634179.750343003077433, 5187330.375794121064246 ], [ 634176.181160987005569, 5187339.154594690538943 ], [ 634168.757539287558757, 5187358.787273973226547 ], [ 634154.648434167029336, 5187372.296530954539776 ], [ 634148.115758144413121, 5187383.05481599457562 ], [ 634152.469744203612208, 5187401.027931558899581 ], [ 634151.38851847848855, 5187415.208820527419448 ], [ 634159.413166600512341, 5187427.254718669690192 ], [ 634164.257858828175813, 5187452.825812664814293 ], [ 634161.2411572689889, 5187478.503147515468299 ], [ 634156.941291935741901, 5187496.729024880565703 ], [ 634159.745946067152545, 5187525.835219490341842 ], [ 634162.288528118981048, 5187556.826836552470922 ], [ 634161.514668216113932, 5187584.09226199798286 ], [ 634166.559125022031367, 5187609.67676654830575 ], [ 634175.509992437320761, 5187627.818103587254882 ], [ 634180.767622243962251, 5187647.336530799046159 ], [ 634185.554096497129649, 5187658.697402018122375 ], [ 634183.24466690979898, 5187680.416957468725741 ], [ 634190.813893572078086, 5187699.83471170719713 ], [ 634206.93516459967941, 5187721.457877555862069 ], [ 634216.181019127601758, 5187736.954385074786842 ], [ 634226.913220218382776, 5187753.836122459731996 ], [ 634240.081463384674862, 5187766.829474533908069 ], [ 634255.44995922211092, 5187782.740127133205533 ], [ 634263.346956862951629, 5187792.883973187766969 ], [ 634270.59894594294019, 5187805.086710082367063 ], [ 634276.953416579635814, 5187820.674031170085073 ], [ 634277.526063755969517, 5187831.683191644959152 ], [ 634274.556084906798787, 5187834.042549950070679 ], [ 634264.698144216788933, 5187819.845555224455893 ], [ 634257.105682652327232, 5187806.497067869640887 ], [ 634245.865770669770427, 5187793.006543315015733 ], [ 634231.656213009497151, 5187782.445304471999407 ], [ 634215.41969542321749, 5187774.649464447982609 ], [ 634199.93935880321078, 5187767.076464165002108 ], [ 634188.751762511557899, 5187757.566616283729672 ], [ 634182.420033742324449, 5187741.229744013398886 ], [ 634170.509162487578578, 5187725.447912931442261 ], [ 634156.728713520220481, 5187707.884357735514641 ], [ 634148.609201453393325, 5187693.186987818218768 ], [ 634135.152948350994848, 5187671.849169982597232 ], [ 634130.222714426461607, 5187659.535928399302065 ], [ 634128.166927862213925, 5187646.951605534180999 ], [ 634124.32654103601817, 5187641.696536952629685 ], [ 634115.597330403747037, 5187644.027904422022402 ], [ 634110.008526069228537, 5187639.273048780858517 ], [ 634112.572855512611568, 5187626.667347103357315 ], [ 634110.834820738178678, 5187610.688617246225476 ], [ 634103.033209519227967, 5187592.586836085654795 ], [ 634098.921430088463239, 5187578.597604537382722 ], [ 634102.04218237020541, 5187566.201352584175766 ], [ 634114.12787878070958, 5187555.83751015458256 ], [ 634120.228441042010672, 5187546.381807920522988 ], [ 634117.027120909886435, 5187522.958567094057798 ], [ 634111.199670872068964, 5187508.720163822174072 ], [ 634109.746442772215232, 5187495.396151160821319 ], [ 634105.968520723166876, 5187482.942514433525503 ], [ 634101.634049523854628, 5187469.699476407840848 ], [ 634100.619562030653469, 5187460.562694380991161 ], [ 634103.972645130008459, 5187452.730145862326026 ], [ 634103.167776436777785, 5187443.026970686390996 ], [ 634096.475369645399041, 5187436.723428701981902 ], [ 634085.791506637935527, 5187434.631768391467631 ], [ 634073.536277905339375, 5187433.803305354900658 ], [ 634062.345066843554378, 5187429.793114184401929 ], [ 634059.372522317105904, 5187421.722978189587593 ], [ 634065.741442879196256, 5187410.01194597221911 ], [ 634073.884924518293701, 5187396.851180083118379 ], [ 634083.187668301397935, 5187383.730135851539671 ], [ 634092.20866096962709, 5187373.06417596898973 ], [ 634101.678410196560435, 5187360.705943264998496 ], [ 634111.940131801296957, 5187352.930925679393113 ], [ 634128.658544671605341, 5187347.095669726841152 ], [ 634140.442654051352292, 5187345.056270064786077 ], [ 634144.668029753956944, 5187344.13820809405297 ], [ 634151.548895614570938, 5187341.715388365089893 ], [ 634156.215537822106853, 5187340.134853261522949 ], [ 634162.195858827326447, 5187337.746761980466545 ], [ 634167.854757937369868, 5187335.443136057816446 ], [ 634171.186751725617796, 5187334.139899357222021 ], [ 634175.421669507632032, 5187331.57165833003819 ], [ 634171.178445591125637, 5187334.039756700396538 ], [ 634156.368717757519335, 5187339.947485637851059 ], [ 634144.522502461448312, 5187343.875748149119318 ], [ 634133.504625660600141, 5187340.258483900688589 ], [ 634114.926771378028207, 5187339.012466319836676 ], [ 634101.024460129556246, 5187335.666135693900287 ], [ 634079.653326039318927, 5187342.852150600403547 ], [ 634061.781919685075991, 5187359.447218825109303 ], [ 634043.762377189239487, 5187385.339308640919626 ], [ 634032.904320803820156, 5187404.653548684902489 ], [ 634021.407247730880044, 5187430.966554554179311 ], [ 634012.873732048436068, 5187449.420404363423586 ], [ 634003.684852347942069, 5187481.122389005497098 ], [ 633999.525527641642839, 5187506.37029773928225 ], [ 633993.204969392623752, 5187532.871367163956165 ], [ 633988.027049010270275, 5187565.091582820750773 ], [ 633987.220288789016195, 5187593.116369289346039 ], [ 633983.20791866700165, 5187625.006418431177735 ], [ 633981.081642797216773, 5187652.418795961886644 ], [ 633977.265668774954975, 5187683.932199767790735 ], [ 633976.416285487241112, 5187713.286209922283888 ], [ 633973.759223846253008, 5187750.149061284027994 ], [ 633968.941810982418247, 5187772.345922756940126 ], [ 633964.278027072083205, 5187800.79506347514689 ], [ 633960.305023948312737, 5187831.545841120183468 ], [ 633953.375260989647359, 5187864.466206430457532 ], [ 633942.666736801038496, 5187900.852083954960108 ], [ 633930.397003527032211, 5187927.321916602551937 ], [ 633911.673854011343792, 5187951.662059005349874 ], [ 633891.520200785831548, 5187967.808286960236728 ], [ 633852.349465307663195, 5187989.130679344758391 ], [ 633808.199105760548264, 5188005.158616220578551 ], [ 633746.010361959924921, 5188031.139094982296228 ], [ 633700.091894446290098, 5188048.236876329407096 ], [ 633663.020088327117264, 5188070.204921236261725 ], [ 633624.952796336379834, 5188093.085968314670026 ], [ 633580.752717470517382, 5188115.562681572511792 ], [ 633541.3335203534225, 5188133.271013512276113 ], [ 633489.924232169170864, 5188148.085470132529736 ], [ 633447.015015538199805, 5188155.814954484812915 ], [ 633406.211360476445407, 5188158.510502500459552 ], [ 633355.247834737761877, 5188160.643229438923299 ], [ 633308.874923177878372, 5188163.314028998836875 ], [ 633259.774905917467549, 5188156.418977319262922 ], [ 633211.097386292996816, 5188148.201129937544465 ], [ 633158.477837584214285, 5188137.76637323666364 ], [ 633131.606577949249186, 5188132.049466193653643 ], [ 633094.19489732477814, 5188136.382646913640201 ], [ 633053.810517623089254, 5188137.945412144996226 ], [ 633017.636871611932293, 5188140.039786217734218 ], [ 632981.047220697393641, 5188143.077043561264873 ], [ 632949.631018731510267, 5188146.482287609949708 ], [ 632907.605657623382285, 5188156.336676290258765 ], [ 632874.008390074013732, 5188166.864419176243246 ], [ 632828.794272550498135, 5188174.894637037068605 ], [ 632789.181978469830938, 5188192.78961646836251 ], [ 632755.493063478614204, 5188200.475958500057459 ], [ 632713.314476978848688, 5188204.058082705363631 ], [ 632668.886613468755968, 5188200.552320678718388 ], [ 632626.429674163344316, 5188201.099881452508271 ], [ 632590.252835149061866, 5188203.384165626950562 ], [ 632556.747410842450336, 5188211.453589728102088 ], [ 632523.903116395347752, 5188222.394114375114441 ], [ 632476.131475156871602, 5188237.340423739515245 ], [ 632448.244191292207688, 5188254.90490176063031 ], [ 632422.907324582105502, 5188270.672890213318169 ], [ 632388.884191120043397, 5188288.012981986626983 ], [ 632354.098146984586492, 5188304.940105753950775 ], [ 632318.084066150709987, 5188324.106216664426029 ], [ 632287.302504019578919, 5188336.641720267944038 ], [ 632247.110647186636925, 5188354.516807274892926 ], [ 632219.216932555427775, 5188366.581476883031428 ], [ 632184.388466100674123, 5188379.538110725581646 ], [ 632143.348433453822508, 5188399.658640955574811 ], [ 632107.668393363826908, 5188420.350294303148985 ], [ 632076.441487025818788, 5188434.378141385503113 ], [ 632042.821013701031916, 5188450.975097380578518 ], [ 632000.710158709436655, 5188474.087195090018213 ], [ 631970.917472607456148, 5188491.389241728000343 ], [ 631940.266446381690912, 5188510.946534782648087 ], [ 631910.014793048962019, 5188535.240358226932585 ], [ 631882.828025710536167, 5188554.536607421003282 ], [ 631863.411429761443287, 5188566.155556572601199 ], [ 631835.272151632467285, 5188579.725945954211056 ], [ 631807.296476052724756, 5188594.25904724933207 ], [ 631783.027409283444285, 5188607.215319830924273 ], [ 631755.936054842662998, 5188618.553662505932152 ], [ 631729.129334524506703, 5188632.556673479266465 ], [ 631697.33639867301099, 5188641.065175867639482 ], [ 631683.086668861564249, 5188647.562313335947692 ], [ 631657.242871512658894, 5188656.102051035501063 ], [ 631637.126293070148677, 5188661.259427360258996 ], [ 631602.689937643590383, 5188668.802997265942395 ], [ 631560.506442422280088, 5188679.14456070959568 ], [ 631485.496616393327713, 5188693.497290233150125 ], [ 631421.34857140854001, 5188703.595115106552839 ], [ 631377.397031058208086, 5188709.126862963661551 ], [ 631327.044545870274305, 5188721.789275557734072 ], [ 631318.209637192310765, 5188729.748463440686464 ], [ 631314.468197667156346, 5188747.473745248280466 ], [ 631312.547651576576754, 5188763.380124581977725 ], [ 631301.399253775598481, 5188787.418985592201352 ], [ 631290.654101661639288, 5188818.904251974076033 ], [ 631278.566243805922568, 5188842.32715905085206 ], [ 631261.052452321746387, 5188870.817440242506564 ], [ 631242.465395259088837, 5188897.739533263258636 ], [ 631224.536916077020578, 5188922.982926125638187 ], [ 631202.963491959497333, 5188952.054075476713479 ], [ 631181.406688782386482, 5188980.735511807724833 ], [ 631152.701398229459301, 5189006.415497893467546 ], [ 631124.8824782356387, 5189033.480465176515281 ], [ 631096.109415890765376, 5189056.679430543445051 ], [ 631074.805943614104763, 5189072.235966879874468 ], [ 631047.415789605118334, 5189090.558739962056279 ], [ 631018.161690154927783, 5189103.830111379735172 ], [ 630990.37876708060503, 5189122.316187300719321 ], [ 630961.771748580620624, 5189138.108415455557406 ], [ 630934.896666651940905, 5189153.780102988705039 ], [ 630916.398056442150846, 5189170.804269040003419 ], [ 630899.337386338505894, 5189186.18301944155246 ], [ 630884.523707924061455, 5189206.429693373851478 ], [ 630878.028753275400959, 5189225.548006125725806 ], [ 630880.786301990738139, 5189259.762863742187619 ], [ 630883.115926434518769, 5189290.920626283623278 ], [ 630887.839237280422822, 5189320.089237937703729 ], [ 630888.402376199490391, 5189348.107126639224589 ], [ 630890.189309294219129, 5189386.475230356678367 ], [ 630892.236852736095898, 5189419.518078776076436 ], [ 630901.803996680770069, 5189451.968927996233106 ], [ 630912.501857722178102, 5189480.849262281320989 ], [ 630915.366219131741673, 5189508.786314066499472 ], [ 630913.572777466732077, 5189526.034747962839901 ], [ 630912.846454400569201, 5189552.85076588857919 ], [ 630918.499111335957423, 5189573.66626388952136 ], [ 630921.592632147716358, 5189575.93405175767839 ], [ 630926.739244621479884, 5189579.665598487481475 ], [ 630936.554795545525849, 5189587.03387672547251 ], [ 630940.823773352778517, 5189590.219644664786756 ], [ 630958.280635645845905, 5189602.681005271151662 ], [ 630963.293950208812021, 5189605.725739327259362 ], [ 630971.874405853799544, 5189610.931867215782404 ], [ 630988.278848317451775, 5189628.240004051476717 ], [ 631005.883282777620479, 5189649.658326311036944 ], [ 631023.064592945971526, 5189664.209874068386853 ], [ 631050.546207315870561, 5189683.996397115290165 ], [ 631089.088821055716835, 5189705.446068966761231 ], [ 631122.656890085432678, 5189722.481340853497386 ], [ 631148.694952355348505, 5189731.903958286158741 ], [ 631165.632786669535562, 5189740.614620606414974 ], [ 631173.977221372537315, 5189744.903456347994506 ], [ 631195.014890264719725, 5189754.660922460258007 ], [ 631223.05563657428138, 5189766.857430663891137 ], [ 631249.396081985672936, 5189774.965249012224376 ], [ 631275.897896404610947, 5189779.466033197939396 ], [ 631299.041652093874291, 5189781.51479369122535 ], [ 631331.978094144724309, 5189786.310072973370552 ], [ 631360.358953245799057, 5189797.912429688498378 ], [ 631380.620801263372414, 5189811.246481989510357 ], [ 631403.217139050131664, 5189824.31029218994081 ], [ 631422.300389326410368, 5189838.154263763688505 ], [ 631439.039642834221013, 5189852.828283322043717 ], [ 631455.670155981904827, 5189869.780333789996803 ], [ 631468.002074609976262, 5189887.839140604250133 ], [ 631475.322549056378193, 5189906.587641156278551 ], [ 631476.354486868833192, 5189917.044579620473087 ], [ 631477.386547870235518, 5189927.496534697711468 ], [ 631487.148718953831121, 5189937.912060055881739 ], [ 631496.879201421397738, 5189943.13736813236028 ], [ 631510.278162747388706, 5189951.964902578853071 ], [ 631518.536520080757327, 5189963.784759164787829 ], [ 631526.743543264805339, 5189972.743915789760649 ], [ 631539.023289217264391, 5189980.942428704351187 ], [ 631548.113636608468369, 5189991.466543392278254 ], [ 631552.05818971071858, 5190001.173106112517416 ], [ 631557.719995409017429, 5190015.148635170422494 ], [ 631569.857262993464246, 5190018.205055752769113 ], [ 631581.576923538465053, 5190018.184511555358768 ], [ 631592.567202567821369, 5190025.181150295771658 ], [ 631604.584389379713684, 5190034.705139590427279 ], [ 631618.602303493884392, 5190048.29292902443558 ], [ 631629.63814333092887, 5190057.900199352763593 ], [ 631641.212527815368958, 5190071.116410844959319 ], [ 631651.05441293225158, 5190085.073113991878927 ], [ 631655.141132487682626, 5190099.351833699271083 ], [ 631668.311373154749162, 5190105.755620956420898 ], [ 631677.341890182113275, 5190104.519390363246202 ], [ 631687.24969087576028, 5190111.077645676210523 ], [ 631702.213749552844092, 5190131.35115822032094 ], [ 631718.957137653138489, 5190145.195312757976353 ], [ 631727.095016779843718, 5190157.04313893802464 ], [ 631731.852730006328784, 5190161.273863345384598 ], [ 631740.534061761572957, 5190155.291983597911894 ], [ 631744.775241128401831, 5190153.444267297163606 ], [ 631749.333489996264689, 5190158.231581996195018 ], [ 631759.130201979423873, 5190156.628408920019865 ], [ 631772.179676666273735, 5190155.440598530694842 ], [ 631786.584821160882711, 5190153.325901750475168 ], [ 631799.431719883461483, 5190153.464547396637499 ], [ 631807.470841519767419, 5190155.251294041983783 ], [ 631817.812374532455578, 5190156.887195937335491 ], [ 631826.066714466782287, 5190156.017739559523761 ], [ 631833.03444532759022, 5190149.076734929345548 ], [ 631838.843179387156852, 5190143.255936274304986 ], [ 631846.5523213557899, 5190139.167378475889564 ], [ 631852.725535522564314, 5190135.432663695886731 ], [ 631857.555631628842093, 5190131.885081818327308 ], [ 631863.893521400983445, 5190130.813016468659043 ], [ 631866.756964991916902, 5190132.361665517091751 ], [ 631861.939358114730567, 5190134.589546290226281 ], [ 631859.418307909974828, 5190137.596460714004934 ], [ 631859.193891919218004, 5190141.382390831597149 ], [ 631855.301727862446569, 5190147.985785514116287 ], [ 631852.394068374414928, 5190150.796128132380545 ], [ 631847.776057233568281, 5190152.45744944922626 ], [ 631842.968109659850597, 5190154.11551880184561 ], [ 631842.898651340743527, 5190161.13392766751349 ], [ 631846.867834796896204, 5190167.631096243858337 ], [ 631856.424278540769592, 5190171.333537200465798 ], [ 631863.091499505098909, 5190175.586771459318697 ], [ 631872.650847548735328, 5190178.529314167797565 ], [ 631879.188372691045515, 5190176.890652356669307 ], [ 631883.641538112307899, 5190172.576726880855858 ], [ 631887.277968456619419, 5190173.948540261015296 ], [ 631890.052905883989297, 5190184.225163161754608 ], [ 631891.526010029483587, 5190190.499887992627919 ], [ 631898.047990671126172, 5190190.950852727517486 ], [ 631902.510526030790061, 5190185.497135578654706 ], [ 631910.986052240245044, 5190181.031647236086428 ], [ 631917.552361622336321, 5190177.11363088991493 ], [ 631923.889773163245991, 5190175.481592108495533 ], [ 631926.313621073728427, 5190183.472376925870776 ], [ 631932.594674102263525, 5190188.089033050462604 ], [ 631934.201036000275053, 5190200.635642115026712 ], [ 631932.985339806415141, 5190208.02451831381768 ], [ 631927.37594824610278, 5190212.708778302185237 ], [ 631921.785932889441028, 5190216.253436108119786 ], [ 631917.320125619648024, 5190221.897089356556535 ], [ 631913.100803422858007, 5190221.285312719643116 ], [ 631904.95076111133676, 5190211.327162173576653 ], [ 631898.099299052613787, 5190205.560885474085808 ], [ 631891.029405771172605, 5190202.640730391256511 ], [ 631882.784951593028381, 5190202.930388278327882 ], [ 631878.594104833551683, 5190199.469257604330778 ], [ 631875.023882017238066, 5190191.268951773643494 ], [ 631871.786859891144559, 5190189.343970230780542 ], [ 631869.724700271501206, 5190184.189180893823504 ], [ 631863.9598533436656, 5190185.081006467342377 ], [ 631856.104951910208911, 5190184.807319185696542 ], [ 631846.766958366264589, 5190178.258776441216469 ], [ 631841.280763572314754, 5190170.415856096893549 ], [ 631835.341563995811157, 5190169.214804431423545 ], [ 631825.589197694556788, 5190166.448997871018946 ], [ 631817.752633324358612, 5190163.335794312879443 ], [ 631811.224536707624793, 5190163.834665717557073 ], [ 631802.76134424447082, 5190166.400464500300586 ], [ 631796.477230366319418, 5190161.963759482838213 ], [ 631790.737646064371802, 5190160.196168657392263 ], [ 631782.464409827371128, 5190162.765219648368657 ], [ 631771.517899779835716, 5190164.358814206905663 ], [ 631754.227264840737917, 5190167.394340870901942 ], [ 631749.400521983858198, 5190171.331952427513897 ], [ 631746.63565991143696, 5190179.264434674754739 ], [ 631737.402873165206984, 5190182.397100352682173 ], [ 631733.928485656855628, 5190185.017814449965954 ], [ 631737.149961855029687, 5190189.032420878298581 ], [ 631729.823947274009697, 5190192.937486120499671 ], [ 631721.566855899640359, 5190194.556851988658309 ], [ 631716.413226532400586, 5190191.849294180050492 ], [ 631707.772739351610653, 5190193.082170630805194 ], [ 631704.773901061038487, 5190205.950397407636046 ], [ 631696.827224739361554, 5190214.594615148380399 ], [ 631686.827956371475011, 5190217.524242702871561 ], [ 631669.543581027770415, 5190220.189899182878435 ], [ 631658.57788697257638, 5190222.913105845451355 ], [ 631643.048350498545915, 5190222.93877321947366 ], [ 631633.653833732125349, 5190222.648891462944448 ], [ 631631.620822491822764, 5190234.583595016039908 ], [ 631631.887347398325801, 5190246.537435515783727 ], [ 631636.417698197998106, 5190255.314024032093585 ], [ 631641.115028782049194, 5190264.853421587496996 ], [ 631641.220269189449027, 5190274.534645744599402 ], [ 631639.063408922753297, 5190279.057660764083266 ], [ 631631.60102586064022, 5190277.460748879238963 ], [ 631628.155114285764284, 5190277.232108963653445 ], [ 631626.375014338642359, 5190282.531493452377617 ], [ 631625.554755349177867, 5190287.83722370211035 ], [ 631622.077595281298272, 5190291.207846091128886 ], [ 631616.914579003700055, 5190289.640058886259794 ], [ 631612.540264409268275, 5190285.795823567546904 ], [ 631607.554405256407335, 5190284.981008732691407 ], [ 631605.759239069535397, 5190292.929991357959807 ], [ 631603.589876753743738, 5190299.362681260332465 ], [ 631605.579490295262076, 5190311.715840573422611 ], [ 631609.8464595786063, 5190326.567584703676403 ], [ 631609.375403700629249, 5190336.618983091786504 ], [ 631611.764285693410784, 5190347.838988007977605 ], [ 631619.353607856319286, 5190356.077703962102532 ], [ 631627.975466529955156, 5190357.114366525784135 ], [ 631636.029978845501319, 5190356.821479269303381 ], [ 631636.930194919812493, 5190363.856388279236853 ], [ 631630.560750174336135, 5190367.957731387577951 ], [ 631621.527328743599355, 5190369.953873320482671 ], [ 631612.126328201266006, 5190370.043841865845025 ], [ 631606.925578353693709, 5190372.455188980326056 ], [ 631608.240470516961068, 5190375.687369312159717 ], [ 631613.605893848114647, 5190375.938689620234072 ], [ 631618.974550290033221, 5190376.000053924508393 ], [ 631621.974339560954832, 5190383.050697173923254 ], [ 631626.479462509858422, 5190394.486722421832383 ], [ 631627.752927863271907, 5190401.328001932241023 ], [ 631625.786292615812272, 5190406.424209594726562 ], [ 631622.105784972314723, 5190409.991371439769864 ], [ 631623.338441120227799, 5190421.581672004424036 ], [ 631624.992686631623656, 5190430.139319273643196 ], [ 631625.480700919637457, 5190439.067110424861312 ], [ 631623.507908325991593, 5190445.113171676173806 ], [ 631624.420435949112289, 5190450.248411688953638 ], [ 631623.207389994291589, 5190456.307403856888413 ], [ 631613.395265941973776, 5190459.990167175419629 ], [ 631605.511603119084612, 5190461.995866276323795 ], [ 631598.939428762765601, 5190467.433689368888736 ], [ 631593.292284525930882, 5190476.097076633013785 ], [ 631591.253380184993148, 5190489.551533811725676 ], [ 631591.735425411839969, 5190499.419190811924636 ], [ 631586.452588787535205, 5190510.178628828376532 ], [ 631578.231249204836786, 5190528.497633369639516 ], [ 631581.779293106636032, 5190538.587427360005677 ], [ 631592.067247120896354, 5190545.722118099220097 ], [ 631604.651524108136073, 5190553.065885053947568 ], [ 631613.213733528391458, 5190561.131152698770165 ], [ 631616.648267357959412, 5190583.178329636342824 ], [ 631612.46190361015033, 5190600.016087141819298 ], [ 631601.607697827508673, 5190612.0506197437644 ], [ 631590.167688112705946, 5190625.015129765495658 ], [ 631581.42013819469139, 5190637.825464867055416 ], [ 631570.397737692575902, 5190646.817342922091484 ], [ 631556.141993133118376, 5190654.254253558814526 ], [ 631539.355498613440432, 5190665.267863003537059 ], [ 631530.049723507487215, 5190675.038895128294826 ], [ 631526.496457888744771, 5190685.817777330055833 ], [ 631521.955023321206681, 5190699.429676403291523 ], [ 631506.14747801865451, 5190708.740030096843839 ], [ 631495.676836589816958, 5190721.151097359135747 ], [ 631489.063420874066651, 5190730.187986523844302 ], [ 631478.025724047329277, 5190741.839424737729132 ], [ 631467.886881107231602, 5190739.456982754170895 ], [ 631464.69131686235778, 5190752.131838500499725 ], [ 631466.310760496067815, 5190763.908720397390425 ], [ 631469.234764402033761, 5190778.937607248313725 ], [ 631476.606237669708207, 5190791.162348629906774 ], [ 631478.589678007061593, 5190804.465340523049235 ], [ 631478.501119624357671, 5190813.193304133601487 ], [ 631469.87680031650234, 5190813.476483347825706 ], [ 631459.706088283797726, 5190813.553359447978437 ], [ 631451.651579227065668, 5190813.846237392164767 ], [ 631446.114581963745877, 5190810.752164755947888 ], [ 631445.839608188020065, 5190819.85695727262646 ], [ 631444.42397797096055, 5190827.242419606074691 ], [ 631444.545041678589769, 5190835.403994887135923 ], [ 631439.281306212535128, 5190844.453863671980798 ], [ 631435.765467284363694, 5190850.683647562749684 ], [ 631439.867913976311684, 5190862.86277573928237 ], [ 631443.584448553505354, 5190876.565220328047872 ], [ 631448.069830714142881, 5190888.570865808986127 ], [ 631458.345459456089884, 5190897.605250593274832 ], [ 631464.943345707142726, 5190908.866887535899878 ], [ 631468.43792088306509, 5190925.03542748093605 ], [ 631473.820425409590825, 5190944.255911105312407 ], [ 631486.439637344912626, 5190948.370483019389212 ], [ 631499.201774608227424, 5190958.187141218222678 ], [ 631509.201829306664877, 5190975.186362624168396 ], [ 631516.747527457773685, 5190988.924017421901226 ], [ 631531.368824886041693, 5191004.072012869641185 ], [ 631548.477227608091198, 5191021.142241187393665 ], [ 631561.815352299134247, 5191030.018768298439682 ], [ 631573.782199954730459, 5191041.911763878539205 ], [ 631579.009729822748341, 5191057.899815326556563 ], [ 631571.978809244348668, 5191071.489337050355971 ], [ 631562.27436795970425, 5191083.533436346799135 ], [ 631557.907457903609611, 5191099.228163221850991 ], [ 631556.986575701390393, 5191115.731523650698364 ], [ 631560.303234671824612, 5191129.427187406457961 ], [ 631567.608167760074139, 5191147.910444422625005 ], [ 631572.284075994510204, 5191161.059270729310811 ], [ 631580.614783846074715, 5191172.150448461994529 ], [ 631591.067853435873985, 5191182.507776838727295 ], [ 631597.806037344736978, 5191200.801407088525593 ], [ 631603.733241503243335, 5191222.68104693107307 ], [ 631616.457672084216028, 5191236.476833345368505 ], [ 631630.980501353973523, 5191242.133724231272936 ], [ 631651.065176896867342, 5191247.665288287214935 ], [ 631669.879288819851354, 5191245.595690814778209 ], [ 631685.228588859550655, 5191244.997019849717617 ], [ 631697.042487030499615, 5191232.978837604634464 ], [ 631701.586867667501792, 5191218.607002166099846 ], [ 631706.140657629817724, 5191203.095453299582005 ], [ 631709.728447857894935, 5191188.527371454052627 ], [ 631713.674822729080915, 5191177.565188311040401 ], [ 631721.630911781685427, 5191167.781198685057461 ], [ 631732.776463830494322, 5191164.481132498010993 ], [ 631744.610189147293568, 5191170.682185480371118 ], [ 631756.795783088542521, 5191180.299090038985014 ], [ 631767.045988219790161, 5191191.412917819805443 ], [ 631784.0901890960522, 5191194.632863407954574 ], [ 631798.21714280557353, 5191201.812941328622401 ], [ 631814.631160785676911, 5191210.33186368085444 ], [ 631833.942877844907343, 5191216.040282381698489 ], [ 631858.839325474807993, 5191220.863815448246896 ], [ 631877.045625559869222, 5191222.193654783070087 ], [ 631893.740637185052037, 5191220.667949358001351 ], [ 631907.968190775252879, 5191216.650387271307409 ], [ 631921.872605497366749, 5191206.357670191675425 ], [ 631937.278747938456945, 5191200.070295693352818 ], [ 631950.552946622599848, 5191195.666511084884405 ], [ 631972.091170445084572, 5191189.823499286547303 ], [ 631988.774020286044106, 5191190.187455650418997 ], [ 632000.968535077059641, 5191198.104601064696908 ], [ 632006.949633988086134, 5191215.055439103394747 ], [ 632011.372479091514833, 5191234.259617170318961 ], [ 632012.985274400212802, 5191246.426378320902586 ], [ 632018.218502103583887, 5191260.90462146140635 ], [ 632023.065696724341251, 5191276.326253429055214 ], [ 632037.145215414697304, 5191288.055250014178455 ], [ 632055.880665075732395, 5191294.133850019425154 ], [ 632070.640908409608528, 5191295.245032290928066 ], [ 632083.690835555782542, 5191294.617231721058488 ], [ 632088.162360232206993, 5191287.46375940926373 ], [ 632089.955081068095751, 5191280.834663639776409 ], [ 632101.392833148362115, 5191287.978964217938483 ], [ 632111.269485493656248, 5191298.716471383348107 ], [ 632122.305478685535491, 5191308.313800413161516 ], [ 632133.600102809257805, 5191309.765974747017026 ], [ 632139.060549287474714, 5191300.909436572343111 ], [ 632135.369599348050542, 5191285.117526657879353 ], [ 632128.616129318601452, 5191269.483439780771732 ], [ 632126.027633842546493, 5191258.829992626793683 ], [ 632133.188559051603079, 5191251.70229831431061 ], [ 632142.85835899063386, 5191243.45737743191421 ], [ 632152.841788323014043, 5191242.047418800182641 ], [ 632163.899649676284753, 5191249.185252817347646 ], [ 632175.571970368851908, 5191252.533745589666069 ], [ 632180.050131595577113, 5191244.990409732796252 ], [ 632184.705873828846961, 5191239.349997078068554 ], [ 632191.747570218984038, 5191245.689509897492826 ], [ 632201.607923141913489, 5191256.796715197153389 ], [ 632210.686629418167286, 5191270.940458850935102 ], [ 632220.924218408530578, 5191283.384030734188855 ], [ 632228.855971447192132, 5191296.178327211178839 ], [ 632235.942757533630356, 5191318.077722338028252 ], [ 632236.560910193715245, 5191333.457365812733769 ], [ 632233.91414955991786, 5191350.311339974403381 ], [ 632236.398501824820414, 5191371.782417650334537 ], [ 632252.448079483699985, 5191378.215269288979471 ], [ 632267.756255026557483, 5191381.79564957972616 ], [ 632281.619539228267968, 5191375.681995455175638 ], [ 632292.712082701036707, 5191379.020642968825996 ], [ 632306.756200741510838, 5191374.619975700043142 ], [ 632312.960691810585558, 5191367.286007300950587 ], [ 632314.775607948307879, 5191358.767394511960447 ], [ 632323.235566276242025, 5191356.391554442234337 ], [ 632326.77269154402893, 5191346.562322639860213 ], [ 632331.235286363982596, 5191341.108593971468508 ], [ 632340.28122190432623, 5191337.792767814360559 ], [ 632350.103202676516958, 5191333.530220170505345 ], [ 632355.563383942469954, 5191324.103696760721505 ], [ 632357.770798401441425, 5191314.261838919483125 ], [ 632361.494914889102802, 5191305.19575721770525 ], [ 632362.723277213983238, 5191296.477147261612117 ], [ 632356.242593503091484, 5191292.427066080272198 ], [ 632350.167511738603935, 5191286.283986099995673 ], [ 632344.500616199336946, 5191277.308041278272867 ], [ 632338.76428151584696, 5191275.350495325401425 ], [ 632336.398666087654419, 5191282.149844956584275 ], [ 632337.815038873581216, 5191294.693237430416048 ], [ 632337.131100868806243, 5191305.500978458672762 ], [ 632332.491233018226922, 5191309.621764914132655 ], [ 632326.241614195751026, 5191301.395849789492786 ], [ 632316.019881110521965, 5191287.432627006433904 ], [ 632307.647726537892595, 5191279.950531385838985 ], [ 632298.319610305596143, 5191272.822137855924666 ], [ 632287.996682911063544, 5191268.916646574623883 ], [ 632278.038041271269321, 5191267.107210823334754 ], [ 632267.68414538167417, 5191267.370949639007449 ], [ 632262.860042142914608, 5191269.978673256002367 ], [ 632258.869125229306519, 5191266.520931296981871 ], [ 632255.672616809257306, 5191259.276929466985166 ], [ 632255.938497750554234, 5191251.881872798316181 ], [ 632253.071783984778449, 5191250.523150568827987 ], [ 632246.70232038362883, 5191254.624485784210265 ], [ 632241.124935477273539, 5191256.839422238990664 ], [ 632230.621313340961933, 5191251.800913783721626 ], [ 632222.094072887906805, 5191240.506388686597347 ], [ 632215.894821664202027, 5191226.971625878475606 ], [ 632208.738842282560654, 5191212.660629355348647 ], [ 632208.126384815317579, 5191195.771177212707698 ], [ 632208.249631212442182, 5191183.243986771441996 ], [ 632208.157194396480918, 5191172.812988756224513 ], [ 632210.339217829983681, 5191165.050584493204951 ], [ 632205.372312009218149, 5191162.536181264556944 ], [ 632197.679010299965739, 5191165.105076223611832 ], [ 632187.318172778119333, 5191165.188697873614728 ], [ 632188.014750455040485, 5191153.051251244731247 ], [ 632193.636204123147763, 5191145.897349269129336 ], [ 632193.525153444963507, 5191137.735928980633616 ], [ 632186.907824996393174, 5191127.613869498483837 ], [ 632173.432766629499383, 5191112.095362276770175 ], [ 632158.649862824939191, 5191094.104756744578481 ], [ 632147.79750464274548, 5191084.880532801151276 ], [ 632133.727675225352868, 5191072.581729277037084 ], [ 632124.411724366946146, 5191063.563679550774395 ], [ 632112.72674114361871, 5191061.544882209971547 ], [ 632108.60982647666242, 5191071.364242177456617 ], [ 632108.870168226305395, 5191084.26795229781419 ], [ 632113.156493106274866, 5191097.980101372115314 ], [ 632122.795484954607673, 5191112.693341437727213 ], [ 632133.435293368180282, 5191123.243852697312832 ], [ 632145.99809900787659, 5191134.197090974077582 ], [ 632151.284813150647096, 5191142.596601322293282 ], [ 632151.405581961153075, 5191150.18822957854718 ], [ 632142.138289211085066, 5191157.110060527920723 ], [ 632135.752970799803734, 5191162.731042579747736 ], [ 632125.60147001571022, 5191161.678295132704079 ], [ 632116.301378854783252, 5191151.140597123652697 ], [ 632108.287235055817291, 5191146.124449065886438 ], [ 632102.946922694216482, 5191143.223706724122167 ], [ 632101.563018082291819, 5191147.569906956516206 ], [ 632096.178498186985962, 5191149.028159204870462 ], [ 632083.153989634476602, 5191146.986558274365962 ], [ 632071.855963233625516, 5191145.734313151799142 ], [ 632059.053126246668398, 5191140.656672815792263 ], [ 632052.831550925620832, 5191129.021417692303658 ], [ 632054.898980775964446, 5191112.717554613947868 ], [ 632061.768304574303329, 5191096.285455201752484 ], [ 632067.263116457732394, 5191083.05970560759306 ], [ 632072.029303275980055, 5191066.231822589412332 ], [ 632077.900754108792171, 5191053.202533173374832 ], [ 632083.766505727544427, 5191041.683033499866724 ], [ 632083.455816948320717, 5191034.088193167001009 ], [ 632074.310694597312249, 5191026.782922681421041 ], [ 632057.232129182782955, 5191027.932172819972038 ], [ 632035.766761132050306, 5191026.556819164194167 ], [ 632021.028382541146129, 5191022.986153299920261 ], [ 632006.182473059743643, 5191011.634095688350499 ], [ 631992.491923433844931, 5190998.20182291045785 ], [ 631979.97359357541427, 5190983.459599360823631 ], [ 631970.901637161499821, 5190969.505957901477814 ], [ 631969.649906457518227, 5190959.625209046527743 ], [ 631972.620579116279259, 5190950.176314973272383 ], [ 631975.603448459063657, 5190938.247782048769295 ], [ 631979.274553704774007, 5190935.820413114503026 ], [ 631994.899609423708171, 5190946.045797208324075 ], [ 632011.098286231281236, 5190957.230905453674495 ], [ 632019.118588591460139, 5190961.297193791717291 ], [ 632034.049829035880975, 5190964.111211126670241 ], [ 632043.44418457755819, 5190964.411098146811128 ], [ 632050.56784168293234, 5190961.822494474239647 ], [ 632061.080413699848577, 5190965.161266437731683 ], [ 632071.665961384074762, 5190961.861630749888718 ], [ 632079.61853046156466, 5190951.69760359544307 ], [ 632084.321706135990098, 5190941.508238227106631 ], [ 632090.557918137405068, 5190931.134994149208069 ], [ 632090.839071969501674, 5190921.080351806245744 ], [ 632086.166501453728415, 5190908.321542550809681 ], [ 632078.60862497636117, 5190896.473572221584618 ], [ 632076.808944482821971, 5190884.123647417873144 ], [ 632076.333274104516022, 5190873.296174939721823 ], [ 632082.569333536550403, 5190862.932917852886021 ], [ 632090.595545805408619, 5190865.479389375075698 ], [ 632097.402607280761003, 5190875.614681251347065 ], [ 632108.099230265128426, 5190880.476481041871011 ], [ 632110.630137474392541, 5190876.889751516282558 ], [ 632106.502587869414128, 5190867.360053133219481 ], [ 632107.132170584402047, 5190860.921149426139891 ], [ 632114.857659715693444, 5190855.872930615209043 ], [ 632110.406466660089791, 5190839.508100364357233 ], [ 632106.968728920910507, 5190817.650850642472506 ], [ 632106.004590985015966, 5190797.335601204074919 ], [ 632111.14109274733346, 5190781.073963191360235 ], [ 632118.149980362504721, 5190769.953899799846113 ], [ 632126.885193061665632, 5190759.043221160769463 ], [ 632136.301583582069725, 5190756.873621585778892 ], [ 632142.370972118456848, 5190764.526499943807721 ], [ 632150.72696874733083, 5190772.958247119560838 ], [ 632160.09946413571015, 5190775.717643552459776 ], [ 632171.407041944796219, 5190776.410074836574495 ], [ 632175.940022803959437, 5190783.856801467947662 ], [ 632183.137447002576664, 5190794.558704645372927 ], [ 632188.112996969139203, 5190794.803394810296595 ], [ 632193.114410313894041, 5190793.528589275665581 ], [ 632195.594785450492054, 5190795.26071613188833 ], [ 632196.706348030129448, 5190798.689462819136679 ], [ 632193.726406000787392, 5190809.858085207641125 ], [ 632200.616061606095172, 5190812.205228727310896 ], [ 632210.716725361766294, 5190818.006824858486652 ], [ 632215.230905436212197, 5190827.733117376454175 ], [ 632216.260990867973305, 5190840.649913243949413 ], [ 632217.658458110992797, 5190854.892877382226288 ], [ 632223.870653443969786, 5190867.667905958369374 ], [ 632229.262391287367791, 5190885.758639798499644 ], [ 632234.454970445251092, 5190904.975945846177638 ], [ 632235.693791381781921, 5190915.616410695947707 ], [ 632242.877973283175379, 5190926.508084481582046 ], [ 632249.30843341187574, 5190936.446978962048888 ], [ 632254.21187576407101, 5190945.039966762065887 ], [ 632262.241593178594485, 5190947.966484699398279 ], [ 632267.334513881243765, 5190937.20378209091723 ], [ 632267.646922032348812, 5190923.549886509776115 ], [ 632261.684896444785409, 5190904.889457745477557 ], [ 632258.957124216714874, 5190889.49390603415668 ], [ 632261.14855265035294, 5190880.591707250103354 ], [ 632261.477103965356946, 5190865.988145839422941 ], [ 632263.120564808137715, 5190854.616752599366009 ], [ 632271.982734673423693, 5190850.347847362980247 ], [ 632280.677119569620118, 5190844.186194797977805 ], [ 632288.769554458092898, 5190839.904168080538511 ], [ 632291.135161442216486, 5190833.104855238460004 ], [ 632296.148910481948406, 5190829.930378058925271 ], [ 632305.325006311875768, 5190833.066398620605469 ], [ 632314.39125754754059, 5190848.529839377850294 ], [ 632319.18734208936803, 5190868.130374719388783 ], [ 632322.706903909449466, 5190881.069547767750919 ], [ 632330.679932761006057, 5190890.264741237275302 ], [ 632338.807334077078849, 5190882.753503014333546 ], [ 632345.391671100980602, 5190875.426011260598898 ], [ 632349.110849516233429, 5190887.798606744036078 ], [ 632354.705646017566323, 5190905.122863447293639 ], [ 632358.215626629767939, 5190919.211817745119333 ], [ 632360.351861397037283, 5190937.637139207683504 ], [ 632356.025612536817789, 5190948.592876450158656 ], [ 632345.275178898125887, 5190949.239829196594656 ], [ 632336.871782155241817, 5190945.35700913798064 ], [ 632329.466388289351016, 5190938.061367812566459 ], [ 632329.197588320588693, 5190946.21632518991828 ], [ 632330.532183117233217, 5190967.677825121209025 ], [ 632331.543017294025049, 5190981.724240031093359 ], [ 632326.862009888864122, 5190990.024077805690467 ], [ 632329.967304842430167, 5191007.325960109010339 ], [ 632336.755466385977343, 5191019.160838215611875 ], [ 632337.785526941646822, 5191032.077618820592761 ], [ 632340.022196759120561, 5191039.315311354584992 ], [ 632344.783022468560375, 5191042.776147049851716 ], [ 632347.934088550042361, 5191033.890301029197872 ], [ 632349.137466056505218, 5191028.401091804727912 ], [ 632356.44442967872601, 5191026.205601282417774 ], [ 632361.997314178617671, 5191027.780036975629628 ], [ 632364.79084423428867, 5191035.787157537415624 ], [ 632368.497394112870097, 5191049.489446089603007 ], [ 632375.972738894284703, 5191050.326646821573377 ], [ 632377.024051504675299, 5191040.845092496834695 ], [ 632377.314599316800013, 5191029.650669746100903 ], [ 632379.30974688322749, 5191021.70507887378335 ], [ 632384.906241447199136, 5191017.780573547817767 ], [ 632388.742001416627318, 5191018.015856024809182 ], [ 632389.635911769233644, 5191025.420646958984435 ], [ 632391.802820015582256, 5191039.106758171692491 ], [ 632392.253677500062622, 5191053.153634149581194 ], [ 632392.123968998668715, 5191066.060704520903528 ], [ 632392.21053958684206, 5191078.011486140079796 ], [ 632393.835965340724215, 5191088.848547861911356 ], [ 632401.775900903041475, 5191080.01420587580651 ], [ 632409.196698155719787, 5191066.431292292661965 ], [ 632416.417570479679853, 5191052.844975155778229 ], [ 632421.700124971335754, 5191041.515540573745966 ], [ 632425.611228715395555, 5191033.21258685272187 ], [ 632425.8706395549234, 5191026.197401022538543 ], [ 632428.709313731756993, 5191030.965454397723079 ], [ 632432.8051288863644, 5191043.534476347267628 ], [ 632435.134220707463101, 5191061.203116291202605 ], [ 632439.626074387342669, 5191072.828919460996985 ], [ 632444.657040956662968, 5191089.203634585253894 ], [ 632448.173651987337507, 5191102.902731937356293 ], [ 632453.222823256859556, 5191115.857938243076205 ], [ 632458.120432987692766, 5191125.970750975422561 ], [ 632464.46770680625923, 5191123.758925944566727 ], [ 632466.830257579451427, 5191117.139503423124552 ], [ 632468.451402624836192, 5191107.66764665953815 ], [ 632468.514700256986544, 5191101.599063208326697 ], [ 632469.708360560936853, 5191096.679663485847414 ], [ 632471.456741511472501, 5191094.419547382742167 ], [ 632475.631421688245609, 5191098.830358700826764 ], [ 632481.133483188110404, 5191105.153676015324891 ], [ 632487.03466031095013, 5191109.763867545872927 ], [ 632491.104755232459866, 5191105.633378639817238 ], [ 632494.686371337855235, 5191092.015122884884477 ], [ 632496.937850483926013, 5191077.234272885136306 ], [ 632497.82036368874833, 5191064.160030740313232 ], [ 632500.420441218535416, 5191052.984916406683624 ], [ 632499.931980565423146, 5191043.497149898670614 ], [ 632494.195911612827331, 5191042.109587504528463 ], [ 632491.949849662720226, 5191036.011685115285218 ], [ 632495.499900368740782, 5191025.422717208974063 ], [ 632497.953937797690742, 5191009.315408375114202 ], [ 632498.821339512593113, 5190998.890750368125737 ], [ 632501.405388003680855, 5190989.245290302671492 ], [ 632499.944629541714676, 5190981.070860932581127 ], [ 632493.267996137496084, 5190977.957399104721844 ], [ 632487.671192274428904, 5190981.311943730339408 ], [ 632484.105285895406269, 5190993.420559631660581 ], [ 632481.13151314877905, 5191003.639371698722243 ], [ 632475.677823371253908, 5191012.6860092850402 ], [ 632470.492934752022848, 5191013.577705751173198 ], [ 632465.725372097454965, 5191009.926762541756034 ], [ 632459.799058624310419, 5191007.96598613448441 ], [ 632456.159989577136002, 5191007.924043819308281 ], [ 632452.019966672407463, 5190999.714039270766079 ], [ 632451.341279542073607, 5190989.653040388599038 ], [ 632445.322254377417266, 5190976.691317900083959 ], [ 632441.581502777873538, 5190967.348176737315953 ], [ 632443.050158483209088, 5190953.323962181806564 ], [ 632446.204456354724243, 5190944.24817618727684 ], [ 632446.280394533299841, 5190936.849882780574262 ], [ 632440.394934768322855, 5190930.140077510848641 ], [ 632436.026624427642673, 5190925.355978736653924 ], [ 632438.189843669300899, 5190919.873115318827331 ], [ 632447.406894970685244, 5190918.840077406726778 ], [ 632454.131116953794844, 5190917.394614445976913 ], [ 632451.352672941982746, 5190906.737927878275514 ], [ 632449.721084383549169, 5190896.850701740011573 ], [ 632454.741301517467946, 5190893.296369257383049 ], [ 632464.886464427458122, 5190895.308934484608471 ], [ 632472.248134455643594, 5190907.523570272140205 ], [ 632482.764239914016798, 5190911.242369261570275 ], [ 632490.42627194582019, 5190912.272737408056855 ], [ 632498.322715997928753, 5190909.517301268875599 ], [ 632507.948023780132644, 5190905.061401669867337 ], [ 632513.877552130026743, 5190906.83223935123533 ], [ 632516.250567095004953, 5190919.571901596151292 ], [ 632516.507661967305467, 5190932.66554225422442 ], [ 632515.843249582103454, 5190942.913654289208353 ], [ 632517.306953310151584, 5190950.328165383078158 ], [ 632530.562249159323983, 5190947.623944440856576 ], [ 632542.104130447376519, 5190943.95062695350498 ], [ 632552.490054601337761, 5190941.217565210536122 ], [ 632560.043958398513496, 5190933.326568195596337 ], [ 632565.43464117217809, 5190930.918493999168277 ], [ 632570.094862328260206, 5190945.576991592533886 ], [ 632574.368283831514418, 5190960.048923246562481 ], [ 632576.32368332403712, 5190976.761247248388827 ], [ 632578.854899779078551, 5190992.543479540385306 ], [ 632579.866022807778791, 5191007.159846023656428 ], [ 632579.724746408755891, 5191023.096590588800609 ], [ 632582.131957998964936, 5191031.477066082879901 ], [ 632588.69828602601774, 5191027.559095852077007 ], [ 632594.538338029407896, 5191018.139009362086654 ], [ 632601.154415026307106, 5191007.77221901435405 ], [ 632603.735401720390655, 5190998.306686840951443 ], [ 632608.381754886824638, 5190993.806019995361567 ], [ 632614.04864086501766, 5191002.781985757872462 ], [ 632622.743969599017873, 5191016.539227930828929 ], [ 632629.295185337075964, 5191034.069770279340446 ], [ 632636.783901618677191, 5191053.506163946352899 ], [ 632644.668538322206587, 5191071.41936949454248 ], [ 632653.20812833448872, 5191080.814210175536573 ], [ 632654.986058872658759, 5191096.2036202121526 ], [ 632659.050618521519937, 5191112.371902232989669 ], [ 632666.989140124525875, 5191125.356316586956382 ], [ 632671.562498246319592, 5191127.494048602879047 ], [ 632674.732797247590497, 5191117.478560427203774 ], [ 632677.921490764594637, 5191104.033592730760574 ], [ 632676.688700276543386, 5191092.453266793861985 ], [ 632676.707790632266551, 5191090.743681073188782 ], [ 632681.28838154557161, 5191093.631494992412627 ], [ 632685.254036322701722, 5191099.74866131786257 ], [ 632689.260626932256855, 5191101.696743962354958 ], [ 632694.188599127810448, 5191087.701414058916271 ], [ 632695.907549737254158, 5191068.371756065636873 ], [ 632698.047380026080646, 5191044.289523717947304 ], [ 632698.962202973896638, 5191029.315941231325269 ], [ 632702.328495417372324, 5191017.773898071609437 ], [ 632705.710644526989199, 5191004.71220607124269 ], [ 632706.986132333055139, 5190990.874686602503061 ], [ 632706.374261877383105, 5190975.125138647854328 ], [ 632699.174196910811588, 5190965.753099635243416 ], [ 632691.784076097770594, 5190955.797858826816082 ], [ 632683.041732045239769, 5190947.7394854798913 ], [ 632673.317083910806105, 5190940.994318551383913 ], [ 632665.138852051692083, 5190934.45549513027072 ], [ 632660.795806023641489, 5190927.011971343308687 ], [ 632660.858674104558304, 5190919.793453273363411 ], [ 632665.165816618129611, 5190910.547292744740844 ], [ 632672.124662818852812, 5190905.306036019697785 ], [ 632683.036196595989168, 5190906.94167230091989 ], [ 632694.328220951370895, 5190909.723738484084606 ], [ 632702.791129373130389, 5190906.587948557920754 ], [ 632706.091468380298465, 5190902.444372465834022 ], [ 632702.708534223726019, 5190895.577176838181913 ], [ 632698.508602621150203, 5190893.825768646784127 ], [ 632696.240195173770189, 5190889.627405965700746 ], [ 632701.434785016812384, 5190888.165915112011135 ], [ 632709.863186753354967, 5190888.81935297511518 ], [ 632716.796577715314925, 5190886.247505147010088 ], [ 632726.266748228343204, 5190878.569142131134868 ], [ 632737.605765485437587, 5190875.652336801402271 ], [ 632749.64889793517068, 5190880.717045877128839 ], [ 632756.842191904317588, 5190889.898976993747056 ], [ 632758.695759490714408, 5190897.320128307677805 ], [ 632758.217933544190601, 5190907.181428252719343 ], [ 632760.559676212957129, 5190923.520370508544147 ], [ 632767.643277992377989, 5190945.609745162539184 ], [ 632777.000847515533678, 5190969.80766424536705 ], [ 632786.085734778316692, 5190983.001584611833096 ], [ 632793.039052944281138, 5190998.059107191860676 ], [ 632801.702633381355554, 5191014.855633483268321 ], [ 632808.858341572689824, 5191028.596685317344964 ], [ 632818.472832303727046, 5191047.099329374730587 ], [ 632826.316158332512714, 5191069.201621943153441 ], [ 632826.988089888938703, 5191079.072503794915974 ], [ 632827.818821245688014, 5191093.125841896981001 ], [ 632825.744803245645016, 5191109.229661053046584 ], [ 632825.486456312704831, 5191136.743730200454593 ], [ 632825.627242367598228, 5191162.544710914604366 ], [ 632833.502604648354463, 5191182.17767099943012 ], [ 632842.533598156063817, 5191200.300393511541188 ], [ 632853.668634459725581, 5191220.528827822767198 ], [ 632864.425974181853235, 5191238.86094004381448 ], [ 632875.715670626610518, 5191261.751862993463874 ], [ 632882.571405777125619, 5191287.827113512903452 ], [ 632887.880911195417866, 5191313.686071560718119 ], [ 632892.269080142956227, 5191336.689510528929532 ], [ 632896.470066399313509, 5191358.939784846268594 ], [ 632907.696305292192847, 5191369.110330243594944 ], [ 632919.954185213427991, 5191370.95889051258564 ], [ 632932.231000157189555, 5191370.517913281917572 ], [ 632943.846506722504273, 5191379.55513209477067 ], [ 632944.486694263294339, 5191392.465335384011269 ], [ 632947.822891512536444, 5191405.601394872181118 ], [ 632953.981477559427731, 5191423.875234056264162 ], [ 632960.566885191947222, 5191437.046603933908045 ], [ 632967.523402822087519, 5191451.914222565479577 ], [ 632970.675224675214849, 5191462.957267409190536 ], [ 632966.842980812303722, 5191463.102005647495389 ], [ 632958.851148820249364, 5191456.186335709877312 ], [ 632949.127097654854879, 5191450.581116036511958 ], [ 632938.572782258619554, 5191450.281452490016818 ], [ 632937.151263522682711, 5191459.186778887175024 ], [ 632945.092724736547098, 5191471.411289846524596 ], [ 632956.274292526766658, 5191485.380868393927813 ], [ 632964.599149005371146, 5191497.991891627199948 ], [ 632971.754824460716918, 5191511.732937974855304 ], [ 632978.489972293726169, 5191530.206587026827037 ], [ 632983.3177686202107, 5191546.767863924615085 ], [ 632986.727276507532224, 5191572.044511656276882 ], [ 632985.191888625500724, 5191592.337258926592767 ], [ 632984.084468164015561, 5191608.637499774806201 ], [ 632981.814293565344997, 5191625.687906820327044 ], [ 632976.446390062686987, 5191645.555447077378631 ], [ 632974.375582712586038, 5191661.469312590546906 ], [ 632974.655135881155729, 5191673.243414519354701 ], [ 632973.80648226197809, 5191681.38851376529783 ], [ 632967.785465106717311, 5191689.105597642250359 ], [ 632958.156616752734408, 5191693.181438751518726 ], [ 632947.051581993466243, 5191691.162501233629882 ], [ 632935.196079106535763, 5191688.000844114460051 ], [ 632926.612113493494689, 5191682.97499428037554 ], [ 632921.315851575694978, 5191675.13526522833854 ], [ 632914.074550899094902, 5191669.362293157726526 ], [ 632909.637353593716398, 5191672.736571985296905 ], [ 632909.261305523803458, 5191691.889115839265287 ], [ 632914.811978410813026, 5191714.152380736544728 ], [ 632916.773356592282653, 5191729.924892171286047 ], [ 632922.339312104624696, 5191749.528564053587615 ], [ 632927.350876261480153, 5191767.04291214980185 ], [ 632929.882521735387854, 5191783.385118880309165 ], [ 632932.816655648872256, 5191798.40423115901649 ], [ 632943.088761634309776, 5191807.058627935126424 ], [ 632955.533782506245188, 5191809.660366581752896 ], [ 632962.653750853147358, 5191806.70173404365778 ], [ 632966.742950873333029, 5191800.861679785884917 ], [ 632973.118474312126637, 5191795.23051945772022 ], [ 632978.462143885204569, 5191798.521328382194042 ], [ 632992.768524513347074, 5191785.76558397244662 ], [ 633003.238629009923898, 5191754.005584449507296 ], [ 633011.912799153709784, 5191728.474652832373977 ], [ 633019.440555997076444, 5191703.32418942078948 ], [ 633026.442288204212673, 5191672.655087722465396 ], [ 633029.820326508488506, 5191639.864392085000873 ], [ 633029.685749569558538, 5191613.113580049946904 ], [ 633028.671277710120194, 5191598.107143788598478 ], [ 633037.849425315042026, 5191580.564331836998463 ], [ 633056.194437384721823, 5191567.287369039840996 ], [ 633079.141909550176933, 5191554.43872706592083 ], [ 633098.015893003786914, 5191545.92049961630255 ], [ 633114.802935236715712, 5191535.466859979555011 ], [ 633128.152988846646622, 5191523.084797807969153 ], [ 633138.016008148435503, 5191514.653178637847304 ], [ 633141.603496052557603, 5191499.51508401427418 ], [ 633141.058063983800821, 5191476.927017520181835 ], [ 633156.133851019432768, 5191463.61437648255378 ], [ 633178.748436581925489, 5191445.650359082967043 ], [ 633196.187091114115901, 5191426.28828486148268 ], [ 633209.555966945015825, 5191411.626665867865086 ], [ 633227.115503391716629, 5191400.436207297258079 ], [ 633250.342404559021816, 5191398.781670589931309 ], [ 633267.937675104825757, 5191404.290926851332188 ], [ 633281.877835795050487, 5191410.697898020967841 ], [ 633286.746769330115058, 5191423.080108866095543 ], [ 633281.841122445650399, 5191435.175929836928844 ], [ 633272.75726920447778, 5191442.480901072733104 ], [ 633273.495440345490351, 5191445.523298371583223 ], [ 633292.509456072351895, 5191442.877135758288205 ], [ 633315.304872636450455, 5191444.835085343569517 ], [ 633333.546515232883394, 5191443.505683686584234 ], [ 633340.650628653354943, 5191442.06671221088618 ], [ 633339.421972534619272, 5191450.215341153554618 ], [ 633349.776373429805972, 5191450.511601801030338 ], [ 633365.758853758336045, 5191443.854039240628481 ], [ 633378.624894098145887, 5191442.283157731406391 ], [ 633383.97769599291496, 5191443.864187595434487 ], [ 633377.009896331932396, 5191450.805196007713675 ], [ 633365.801011908566579, 5191460.173884160816669 ], [ 633354.978469429421239, 5191469.169143952429295 ], [ 633339.942940179258585, 5191476.592785367742181 ], [ 633324.308867175364867, 5191486.866077155806124 ], [ 633318.038109212415293, 5191501.028559039346874 ], [ 633324.307138565694913, 5191508.114892085082829 ], [ 633342.000090030021966, 5191503.186372289434075 ], [ 633355.964037262019701, 5191485.875023169443011 ], [ 633367.588054676889442, 5191473.853564891032875 ], [ 633378.819094362668693, 5191462.595357743091881 ], [ 633390.233775115804747, 5191451.710270694456995 ], [ 633403.92334697348997, 5191444.643700802698731 ], [ 633417.22579291916918, 5191436.820580007508397 ], [ 633432.999227325315587, 5191431.86935184430331 ], [ 633453.165959512582049, 5191428.472848829813302 ], [ 633469.522428396972828, 5191423.341571350581944 ], [ 633490.667641394305974, 5191417.681851161643863 ], [ 633507.220685719512403, 5191412.163943261839449 ], [ 633525.679841944715008, 5191406.868455061689019 ], [ 633535.495713040232658, 5191403.555735955946147 ], [ 633549.292794230394065, 5191404.270564311183989 ], [ 633566.951243403600529, 5191403.131234905682504 ], [ 633586.335736649227329, 5191401.631311247125268 ], [ 633606.876480963896029, 5191399.761074620299041 ], [ 633625.693938162410632, 5191397.501537333242595 ], [ 633645.616969099966809, 5191399.610592965036631 ], [ 633669.714978416101076, 5191406.700440211221576 ], [ 633675.923775487928651, 5191419.675429637543857 ], [ 633684.26127398153767, 5191430.956778910011053 ], [ 633687.422820988460444, 5191441.430030731484294 ], [ 633697.308782533742487, 5191450.447836766950786 ], [ 633718.860470795887522, 5191463.204056845977902 ], [ 633734.096601082826965, 5191475.132780656218529 ], [ 633743.203242660034448, 5191485.287269263528287 ], [ 633749.959964436478913, 5191500.73148525506258 ], [ 633763.88751497445628, 5191508.468163195066154 ], [ 633778.375774302869104, 5191517.924301907420158 ], [ 633792.062845850363374, 5191530.97662649396807 ], [ 633798.290615098550916, 5191541.662079897709191 ], [ 633807.359647661447525, 5191556.375680414028466 ], [ 633815.659678142052144, 5191563.396614549681544 ], [ 633821.39727410452906, 5191569.393954901956022 ], [ 633824.505269560497254, 5191577.726427028886974 ], [ 633831.690139589714818, 5191593.277918073348701 ], [ 633856.633862294373102, 5191618.241247365251184 ], [ 633868.11941853351891, 5191643.135443068109453 ], [ 633879.043188279145397, 5191661.090460601262748 ], [ 633892.292013352038339, 5191677.565155277960002 ], [ 633905.454207793343812, 5191697.368178063072264 ], [ 633919.474308375734836, 5191722.575519355945289 ], [ 633935.009504585410468, 5191748.068657897412777 ], [ 633956.413466688944027, 5191772.441766384057701 ], [ 633980.115101144416258, 5191796.35402399674058 ], [ 634003.24033261812292, 5191813.596789550036192 ], [ 634021.66346438601613, 5191816.880272720009089 ], [ 634038.336219106800854, 5191819.603961106389761 ], [ 634059.767196180298924, 5191824.768548025749624 ], [ 634073.85069292190019, 5191829.218056666664779 ], [ 634088.497357363346964, 5191841.116808488965034 ], [ 634095.436555110150948, 5191856.414138631895185 ], [ 634103.591826444724575, 5191864.302563815377653 ], [ 634109.797338648233563, 5191859.848452042788267 ], [ 634109.591960323508829, 5191839.606015495024621 ], [ 634110.386012573260814, 5191829.380071041174233 ], [ 634119.043657957343385, 5191828.317506567575037 ], [ 634126.44362273637671, 5191835.933089383877814 ], [ 634135.104130359133705, 5191844.100109711289406 ], [ 634142.453658177983016, 5191853.504733240231872 ], [ 634144.124652327154763, 5191866.362513632513583 ], [ 634138.694855906651355, 5191879.289405161514878 ], [ 634127.811842074268498, 5191887.723672952502966 ], [ 634123.450834373827092, 5191898.368881909176707 ], [ 634122.634997206390835, 5191909.874395772814751 ], [ 634114.721296949544922, 5191920.689098061062396 ], [ 634106.885399294900708, 5191928.69527002889663 ], [ 634095.306364458054304, 5191934.547835759818554 ], [ 634091.269983264501207, 5191943.158658211119473 ], [ 634091.791522446321324, 5191951.877084158360958 ], [ 634092.512355614569969, 5191962.398811214603484 ], [ 634093.041197445592843, 5191980.086893076077104 ], [ 634093.324371876660734, 5191997.520799037069082 ], [ 634090.859630631632172, 5192013.078025293536484 ], [ 634084.610961683909409, 5192028.290848966687918 ], [ 634078.129729815642349, 5192042.479757250286639 ], [ 634069.670171226840466, 5192054.815077226608992 ], [ 634055.220202123862691, 5192063.668601419776678 ], [ 634044.78195722354576, 5192074.170345878228545 ], [ 634035.275372399482876, 5192087.50779496692121 ], [ 634026.701794024906121, 5192104.190949313342571 ], [ 634018.900730313966051, 5192120.137292822822928 ], [ 634016.227841532207094, 5192134.411051504313946 ], [ 634014.378095733001828, 5192146.148934555239975 ], [ 634016.09972725994885, 5192157.207666261121631 ], [ 634021.913764495169744, 5192158.126599791459739 ], [ 634024.771613446995616, 5192155.895377246662974 ], [ 634027.747887732461095, 5192149.056408887729049 ], [ 634029.478051495272666, 5192141.406263956800103 ], [ 634034.179893939057365, 5192127.187066035345197 ], [ 634040.583134720101953, 5192115.816677330061793 ], [ 634048.843420691089705, 5192101.678039597347379 ], [ 634057.396914784330875, 5192094.984028815291822 ], [ 634069.163708444335498, 5192082.21503559872508 ], [ 634079.455993896815926, 5192077.350514557212591 ], [ 634092.441532969591208, 5192066.412167057394981 ], [ 634100.29036721738521, 5192057.646246667951345 ], [ 634103.659424373065121, 5192045.944216155447066 ], [ 634103.211606373894028, 5192034.657174384221435 ], [ 634105.985557254985906, 5192016.795325487852097 ], [ 634115.687161427922547, 5192005.511094533838332 ], [ 634120.454213108168915, 5192007.432157997041941 ], [ 634128.287388809490949, 5192008.395473275333643 ], [ 634134.417634452111088, 5191997.790375367738307 ], [ 634143.854905204148963, 5191986.761627351865172 ], [ 634156.891070763929747, 5191974.024247744120657 ], [ 634160.519864841131493, 5191962.336627112701535 ], [ 634161.363200486404821, 5191949.801633954048157 ], [ 634161.448169752722606, 5191937.763708393089473 ], [ 634159.471027977997437, 5191926.440639707259834 ], [ 634157.540107146603987, 5191913.578452929854393 ], [ 634159.171715821838006, 5191900.556891665793955 ], [ 634161.408484881743789, 5191883.705850522965193 ], [ 634167.137266262085177, 5191878.473660450428724 ], [ 634175.517626349348575, 5191878.426332433708012 ], [ 634177.691145036369562, 5191882.323135443031788 ], [ 634176.483958300901577, 5191889.212225077673793 ], [ 634176.268857930554077, 5191897.148150184191763 ], [ 634174.515777079854161, 5191905.557861220091581 ], [ 634178.227314469520934, 5191908.980879092589021 ], [ 634182.325862633180805, 5191907.290743780322373 ], [ 634184.292650593444705, 5191900.424575850367546 ], [ 634185.69915138615761, 5191895.338787917979062 ], [ 634189.172168183024041, 5191889.278233587741852 ], [ 634195.400773412780836, 5191884.054552095010877 ], [ 634204.540715708746575, 5191884.030145588330925 ], [ 634206.090425766888075, 5191892.26610900927335 ], [ 634208.002661366015673, 5191905.637957169674337 ], [ 634209.5610502458876, 5191913.3640904603526 ], [ 634212.566512847086415, 5191924.194707742892206 ], [ 634218.4789346344769, 5191930.495020233094692 ], [ 634228.063648569397628, 5191932.538118350319564 ], [ 634238.060002945596352, 5191929.198429860174656 ], [ 634250.598068344406784, 5191925.162116570398211 ], [ 634255.87190242134966, 5191917.872297420166433 ], [ 634247.911819962202571, 5191912.027084043249488 ], [ 634236.149123101378791, 5191906.3471101783216 ], [ 634224.745940085034817, 5191896.58348065149039 ], [ 634217.086065714713186, 5191888.963470215909183 ], [ 634212.0891701169312, 5191877.049023983068764 ], [ 634209.308982944814488, 5191858.272664058022201 ], [ 634220.479272576281801, 5191848.823328110389411 ], [ 634228.29220178979449, 5191859.785776966251433 ], [ 634238.203456350369379, 5191868.494060754776001 ], [ 634250.073319470509887, 5191889.025068686343729 ], [ 634263.895387708209455, 5191902.959654388017952 ], [ 634274.713451370131224, 5191906.563653860241175 ], [ 634290.635143107967451, 5191908.764602820388973 ], [ 634308.604666371596977, 5191910.500426148995757 ], [ 634326.458845082321204, 5191916.0741081321612 ], [ 634345.124371644691564, 5191920.391652567312121 ], [ 634365.26743555883877, 5191926.024301388300955 ], [ 634375.752064169384539, 5191932.182469093240798 ], [ 634394.536361894221045, 5191950.08134111110121 ], [ 634406.390072484733537, 5191962.16253403108567 ], [ 634417.953289883676916, 5191966.049196673557162 ], [ 634415.102435722597875, 5191959.061028530821204 ], [ 634415.656814709422179, 5191938.831491122022271 ], [ 634422.247621646150947, 5191920.554656271822751 ], [ 634429.043475410086103, 5191904.331176592037082 ], [ 634429.363914048066363, 5191892.557235958054662 ], [ 634421.367632486973889, 5191888.251329751685262 ], [ 634411.456722306786105, 5191897.732118613086641 ], [ 634401.365053024259396, 5191904.909932290203869 ], [ 634393.290780205512419, 5191903.422545308247209 ], [ 634387.441916119772941, 5191894.563430695794523 ], [ 634383.901976610301062, 5191875.774128618650138 ], [ 634377.940468856366351, 5191861.783362393267453 ], [ 634365.94081807998009, 5191855.339401599019766 ], [ 634358.985772316693328, 5191849.781291444785893 ], [ 634350.30486941896379, 5191833.414344571530819 ], [ 634346.792253555264324, 5191813.605572859756649 ], [ 634341.468871184391901, 5191795.025916362181306 ], [ 634336.760597638553008, 5191772.616909462958574 ], [ 634329.798301361734048, 5191758.089140941388905 ], [ 634320.552665232913569, 5191743.762467477470636 ], [ 634313.344701261026785, 5191728.980524124577641 ], [ 634317.834470255183987, 5191731.916821258142591 ], [ 634328.082452789647505, 5191737.2910016188398 ], [ 634336.547926018130966, 5191743.404800441116095 ], [ 634346.506757982890122, 5191741.094472422264516 ], [ 634357.984866412822157, 5191738.819978654384613 ], [ 634374.195226041949354, 5191730.526382267475128 ], [ 634379.320408224477433, 5191719.634208584204316 ], [ 634374.277285082265735, 5191709.258878658525646 ], [ 634373.245909768040292, 5191700.531767860986292 ], [ 634380.680368485394865, 5191697.898480804637074 ], [ 634390.760657317587174, 5191700.199965674430132 ], [ 634409.912928724079393, 5191705.29574934579432 ], [ 634419.814164918498136, 5191714.003862620331347 ], [ 634423.730735068325885, 5191719.480255490168929 ], [ 634446.361966443480924, 5191726.975143009796739 ], [ 634457.061677913065068, 5191725.19739499501884 ], [ 634467.658600814407691, 5191718.298151805996895 ], [ 634466.572515291161835, 5191711.610001716762781 ], [ 634459.523525721859187, 5191700.410579482093453 ], [ 634450.757521084626205, 5191696.091573619283736 ], [ 634435.650245301192626, 5191691.864602380432189 ], [ 634421.621765725431032, 5191685.356117791496217 ], [ 634408.318062575766817, 5191670.930370697751641 ], [ 634398.968303191126324, 5191650.972239978611469 ], [ 634397.266880136332475, 5191629.914358777925372 ], [ 634402.010636558174156, 5191614.405904712155461 ], [ 634420.387245383695699, 5191601.039443702436984 ], [ 634436.939738680142909, 5191589.681823506951332 ], [ 634465.000954343704507, 5191584.239810949191451 ], [ 634488.843836275395006, 5191584.585687252692878 ], [ 634515.980663961730897, 5191585.277630941942334 ], [ 634544.564629773958586, 5191579.084543257951736 ], [ 634566.892455506953411, 5191579.144644008018076 ], [ 634597.61377399333287, 5191578.387670841999352 ], [ 634623.618852104642428, 5191592.109700943343341 ], [ 634641.933563702390529, 5191600.001082581467927 ], [ 634664.039369355537929, 5191617.216520502232015 ], [ 634685.030355023802258, 5191638.242798316292465 ], [ 634702.722799685550854, 5191659.192945692688227 ], [ 634722.886279647122137, 5191673.025496668182313 ], [ 634736.886035633622669, 5191690.032978639937937 ], [ 634747.074724757345393, 5191697.716024695895612 ], [ 634755.310868265572935, 5191712.01551750767976 ], [ 634765.382673262851313, 5191733.025916791521013 ], [ 634776.325299922493286, 5191750.461328552104533 ], [ 634786.562883877777494, 5191765.844843258149922 ], [ 634801.521667218883522, 5191784.668549368157983 ], [ 634817.676296968944371, 5191806.082489464432001 ], [ 634826.321186285931617, 5191823.978758780285716 ], [ 634837.857422225410119, 5191847.073990942910314 ], [ 634847.853931820602156, 5191861.933417869731784 ], [ 634867.006552571896464, 5191885.218312723562121 ], [ 634883.383565849624574, 5191907.665994509123266 ], [ 634897.252008287934586, 5191920.051474397070706 ], [ 634909.93173817358911, 5191938.826402680948377 ], [ 634915.255159587599337, 5191957.406107460148633 ], [ 634917.953119213925675, 5191979.250926835462451 ], [ 634919.989874618127942, 5192006.454235475510359 ], [ 634917.379167801234871, 5192027.648729438893497 ], [ 634906.617411144310609, 5192040.704856008291245 ], [ 634898.316678402246907, 5192056.632739039137959 ], [ 634900.132270674454048, 5192073.332795253023505 ], [ 634910.514276975067332, 5192074.359505689702928 ], [ 634924.103628579061478, 5192069.071135087870061 ], [ 634932.5676308744587, 5192056.475860460661352 ], [ 634935.935297689284198, 5192054.253311266191304 ], [ 634928.21661673230119, 5192067.121259272098541 ], [ 634914.980958580039442, 5192078.06536231469363 ], [ 634906.151687592733651, 5192094.494206548668444 ], [ 634902.759700280614197, 5192106.955842980183661 ], [ 634895.962450533523224, 5192132.658824007958174 ], [ 634876.720728041254915, 5192149.850357003509998 ], [ 634859.857643590774387, 5192163.002610376104712 ], [ 634840.659270515665412, 5192169.42541832011193 ], [ 634825.961065502720885, 5192186.984293061308563 ], [ 634825.383581544738263, 5192207.983401823788881 ], [ 634822.271883678040467, 5192228.649371769279242 ], [ 634816.349539058865048, 5192250.537442900240421 ], [ 634798.644641362130642, 5192266.735192547552288 ], [ 634778.894489694386721, 5192274.438533300533891 ], [ 634755.669805743265897, 5192279.482854817993939 ], [ 634736.243278551613912, 5192284.621867821551859 ], [ 634721.933435144484974, 5192297.57757562585175 ], [ 634716.138365899561904, 5192314.338048770092428 ], [ 634706.058381916140206, 5192330.225636639632285 ], [ 634688.61626515048556, 5192355.657362333498895 ], [ 634673.080479806754738, 5192376.011822226457298 ], [ 634656.168133473955095, 5192391.473090846091509 ], [ 634637.992166108568199, 5192397.163347471505404 ], [ 634628.722543481737375, 5192411.264796542935073 ], [ 634624.710950141190551, 5192427.815643802285194 ], [ 634617.087519880849868, 5192446.834891223348677 ], [ 634603.431744372239336, 5192463.661511484533548 ], [ 634582.44273967819754, 5192479.523364933207631 ], [ 634568.265757197397761, 5192487.611550807021558 ], [ 634548.629806181183085, 5192490.957065819762647 ], [ 634528.921422506449744, 5192497.381179666146636 ], [ 634511.046029902994633, 5192501.276636764407158 ], [ 634498.056020701071247, 5192512.47490955889225 ], [ 634482.49970839265734, 5192524.639378455467522 ], [ 634466.332816003472544, 5192540.363318987190723 ], [ 634449.33260006189812, 5192558.632933485321701 ], [ 634434.203905096277595, 5192573.874559283256531 ], [ 634417.226630743476562, 5192591.384608581662178 ], [ 634404.615297569893301, 5192616.168589321896434 ], [ 634391.921434457413852, 5192625.83197215385735 ], [ 634371.54457717796322, 5192628.644876390695572 ], [ 634353.44661685754545, 5192631.516580215655267 ], [ 634335.835224527050741, 5192635.176540241576731 ], [ 634309.254257001215592, 5192632.964074172079563 ], [ 634290.061549256904982, 5192629.657477510161698 ], [ 634268.968326044967398, 5192621.688720082864165 ], [ 634249.436026320676319, 5192612.486656853929162 ], [ 634234.052909252000973, 5192599.795399812981486 ], [ 634213.291842203587294, 5192588.762460713274777 ], [ 634196.902087289141491, 5192585.273595051839948 ], [ 634185.330348823568784, 5192600.095801247283816 ], [ 634173.283548182225786, 5192622.84948609303683 ], [ 634154.270040370989591, 5192631.335320287384093 ], [ 634125.309138987096958, 5192632.652142468839884 ], [ 634094.716292952536605, 5192628.801458007656038 ], [ 634064.587093636393547, 5192626.498592027463019 ], [ 634040.581145121017471, 5192622.810045321471989 ], [ 634005.891147511429153, 5192611.170005897991359 ], [ 633975.685368448263034, 5192602.206175038591027 ], [ 633927.482720822095871, 5192592.525963357649744 ], [ 633901.391064400784671, 5192582.132276924327016 ], [ 633872.388401728356257, 5192584.728329888544977 ], [ 633845.507103699608706, 5192584.300634226761758 ], [ 633824.772012594155967, 5192581.727754764258862 ], [ 633799.616444045794196, 5192573.909848380833864 ], [ 633772.896788403159007, 5192558.115763484500349 ], [ 633747.001567525905557, 5192540.295807166956365 ], [ 633719.678137002279982, 5192518.851724066771567 ], [ 633690.784935832023621, 5192499.160843742080033 ], [ 633666.544756739516743, 5192485.738846438005567 ], [ 633638.301521096960641, 5192470.15879768691957 ], [ 633612.238634548266418, 5192449.266163623891771 ], [ 633569.974256588378921, 5192436.147267152555287 ], [ 633542.054670989979059, 5192436.211920436471701 ], [ 633510.537655333871953, 5192438.485170805826783 ], [ 633481.472845010925084, 5192434.160554192960262 ], [ 633452.936533516156487, 5192429.334958841092885 ], [ 633424.393104438204318, 5192433.738743409514427 ], [ 633395.602945292601362, 5192447.347826242446899 ], [ 633368.464637865428813, 5192456.145282784476876 ], [ 633341.96474752924405, 5192460.333862782455981 ], [ 633315.45470097893849, 5192464.532279070466757 ], [ 633286.813077961094677, 5192463.544683340005577 ], [ 633250.85103717376478, 5192460.842525216750801 ], [ 633220.070511920261197, 5192463.908280774019659 ], [ 633196.028737388085574, 5192479.948078077286482 ], [ 633177.528144985437393, 5192497.662115234881639 ], [ 633161.068047764943913, 5192524.150408690795302 ], [ 633139.581173515878618, 5192548.70324151776731 ], [ 633123.249511230154894, 5192570.583965509198606 ], [ 633103.798576876171865, 5192585.971954015083611 ], [ 633082.435733636841178, 5192606.177104847505689 ], [ 633057.528868103050627, 5192626.041930767707527 ], [ 633035.842551923706196, 5192648.80144299659878 ], [ 633017.40533485962078, 5192663.96670027077198 ], [ 632998.549477309104986, 5192685.514443186111748 ], [ 632984.542906653718092, 5192705.914820710197091 ], [ 632972.289719184511341, 5192736.094545257277787 ], [ 632955.974359509418719, 5192766.415078998543322 ], [ 632945.140713266097009, 5192800.728712894953787 ], [ 632934.554106479045004, 5192825.817081164568663 ], [ 632924.404848972684704, 5192844.013265891000628 ], [ 632921.957353433826938, 5192868.540221645496786 ], [ 632922.00670125731267, 5192894.419635204598308 ], [ 632913.682844257680699, 5192911.11698757763952 ], [ 632901.445474894251674, 5192931.557485765777528 ], [ 632893.89290242549032, 5192956.987480671145022 ], [ 632885.989636424113996, 5192985.981299473904073 ], [ 632886.085480408743024, 5193028.510585447773337 ], [ 632883.299914648989215, 5193055.861647091805935 ], [ 632892.204614691087045, 5193073.762281794101 ], [ 632900.803199759684503, 5193093.19760544039309 ], [ 632904.273645436624065, 5193096.096551851369441 ], [ 632913.305205389624462, 5193090.690638357773423 ], [ 632924.215560211450793, 5193081.236941649578512 ], [ 632938.119652731227688, 5193073.904094933532178 ], [ 632952.147951925988309, 5193062.213605900295079 ], [ 632963.345753515139222, 5193051.734858369454741 ], [ 632976.904679121333174, 5193038.246463064104319 ], [ 632990.866215889342129, 5193019.90523680485785 ], [ 632997.928121817298234, 5193012.135884506627917 ], [ 633005.23535226774402, 5193004.640721534378827 ], [ 633016.213606988661923, 5193002.357780548743904 ], [ 633031.639865212957375, 5193004.290347836911678 ], [ 633048.543803534354083, 5193007.527992359362543 ], [ 633061.594506822293624, 5193012.729926488362253 ], [ 633067.594900528085418, 5193016.211916892789304 ], [ 633064.721220512525178, 5193028.182327284477651 ], [ 633057.82697910675779, 5193039.024346685037017 ], [ 633050.219384303316474, 5193048.304289761930704 ], [ 633042.138009226648137, 5193056.046255219727755 ], [ 633038.610116960480809, 5193064.155744502320886 ], [ 633045.856785736395977, 5193068.438905938528478 ], [ 633060.197136617498472, 5193063.673338601365685 ], [ 633076.157569741131738, 5193055.375548323616385 ], [ 633091.475627391133457, 5193051.916593095287681 ], [ 633114.750705284997821, 5193045.08328290656209 ], [ 633135.474051615456119, 5193038.946474832482636 ], [ 633151.83896735322196, 5193034.495379909873009 ], [ 633166.452165495837107, 5193028.974505168385804 ], [ 633182.061928466660902, 5193024.240558445453644 ], [ 633197.703295773710124, 5193018.237222096882761 ], [ 633219.789995031896979, 5193017.773331022821367 ], [ 633239.953075035475194, 5193013.416894555091858 ], [ 633263.66441585123539, 5193009.150862908922136 ], [ 633283.09528628969565, 5193003.752014321275055 ], [ 633300.660448207054287, 5193001.631233965046704 ], [ 633322.765840622247197, 5193000.65768314152956 ], [ 633345.486372983781621, 5192995.854812388308346 ], [ 633363.59737684216816, 5192992.213394171558321 ], [ 633383.046958378865384, 5192986.304904269985855 ], [ 633398.224710347363725, 5192978.753728769719601 ], [ 633412.670420466922224, 5192970.150172960013151 ], [ 633425.586832821718417, 5192961.510568283498287 ], [ 633433.581383421318606, 5192957.10692285373807 ], [ 633445.414760033600032, 5192950.998743185773492 ], [ 633458.493015358573757, 5192955.171185604296625 ], [ 633465.53325200418476, 5192966.880449952557683 ], [ 633480.484648669138551, 5192976.734515546821058 ], [ 633492.915934004820883, 5192986.015676540322602 ], [ 633502.740465734968893, 5192998.052313989959657 ], [ 633508.169167954707518, 5193012.793965846300125 ], [ 633515.004382394719869, 5193022.44984271004796 ], [ 633532.299546073074453, 5193030.313880342058837 ], [ 633553.303226525196806, 5193032.381435293704271 ], [ 633571.071925870375708, 5193031.814013483002782 ], [ 633583.986943555646576, 5193032.653881220147014 ], [ 633607.389241561526433, 5193030.682477874681354 ], [ 633636.182459966512397, 5193026.292996476404369 ], [ 633657.155754042090848, 5193020.160434869118035 ], [ 633675.198798794765025, 5193019.337699556723237 ], [ 633693.20431822759565, 5193019.544289812445641 ], [ 633711.956653512781486, 5193020.523547358810902 ], [ 633728.714476793655194, 5193029.408404268324375 ], [ 633738.221382530056871, 5193034.26003417186439 ], [ 633762.291008297470398, 5193035.379818883724511 ], [ 633782.461395189049654, 5193039.993026344105601 ], [ 633802.845465815160424, 5193046.149795644916594 ], [ 633829.445065564359538, 5193047.852626453153789 ], [ 633849.137570271268487, 5193051.167768858373165 ], [ 633866.5843029927928, 5193053.654692345298827 ], [ 633880.258891434292309, 5193054.517504038289189 ], [ 633902.003464383189566, 5193057.11762557644397 ], [ 633923.030258062761277, 5193058.415596061386168 ], [ 633951.172101864707656, 5193059.394725829362869 ], [ 633972.448819310287945, 5193060.69695193413645 ], [ 633996.213689462398179, 5193063.86143202893436 ], [ 634018.389928205753677, 5193069.29875872656703 ], [ 634039.143713030032814, 5193071.362043712288141 ], [ 634058.632513305405155, 5193073.133796414360404 ], [ 634074.131230263854377, 5193071.987756485119462 ], [ 634086.383181123179384, 5193069.486513825133443 ], [ 634109.007108615594916, 5193068.0118153328076 ], [ 634129.625176417292096, 5193065.71303972043097 ], [ 634147.60777396010235, 5193066.679174846969545 ], [ 634164.525850685546175, 5193069.677087241783738 ], [ 634188.796136671793647, 5193073.110178395174444 ], [ 634206.228451420553029, 5193075.856862872838974 ], [ 634222.746644955594093, 5193074.73819069378078 ], [ 634238.250930461683311, 5193073.852229381911457 ], [ 634254.087354784831405, 5193069.902083403430879 ], [ 634263.573907153098844, 5193066.553800716996193 ], [ 634279.495742895407602, 5193068.744788487441838 ], [ 634298.489005729672499, 5193070.258130100555718 ], [ 634319.829290462774225, 5193069.00155858695507 ], [ 634348.1358238105895, 5193063.833822297863662 ], [ 634370.587844742578454, 5193059.536348529160023 ], [ 634394.058182374574244, 5193054.746234513819218 ], [ 634416.992497939616442, 5193051.486918694339693 ], [ 634439.248181266710162, 5193044.626237593591213 ], [ 634456.205197990173474, 5193037.115348565392196 ], [ 634475.176947449333966, 5193029.908757192082703 ], [ 634497.220218382310122, 5193022.014529203996062 ], [ 634512.429977013962343, 5193013.173946671187878 ], [ 634530.396460996358655, 5193005.690252454951406 ], [ 634548.094394498039037, 5192998.711963562294841 ], [ 634578.453182665049098, 5192992.819189381785691 ], [ 634601.368840089999139, 5192990.069529265165329 ], [ 634624.157456671120599, 5192982.447971670888364 ], [ 634637.579144262825139, 5192974.086899529211223 ], [ 634652.534729970386252, 5192965.491997756063938 ], [ 634667.494571326998994, 5192956.647173719480634 ], [ 634680.443954043556005, 5192947.248149003833532 ], [ 634691.715375527739525, 5192934.210722139105201 ], [ 634712.030063399462961, 5192924.477132064290345 ], [ 634727.275876297149807, 5192914.107238073833287 ], [ 634745.362148393876851, 5192902.525764000602067 ], [ 634761.322795649641193, 5192894.217983416281641 ], [ 634778.88501422223635, 5192882.877578930929303 ], [ 634798.182786505203694, 5192864.157122293487191 ], [ 634814.622720047947951, 5192847.667866857722402 ], [ 634827.858395772287622, 5192836.723792102187872 ], [ 634842.432444175472483, 5192823.522604089230299 ], [ 634856.738053649896756, 5192810.816833039745688 ], [ 634869.769843729911372, 5192798.339347873814404 ], [ 634885.668342876946554, 5192783.110820357687771 ], [ 634902.525696566328406, 5192769.708519544452429 ], [ 634921.93627185979858, 5192756.10970414429903 ], [ 634939.553359867539257, 5192742.720336126163602 ], [ 634960.413934842916206, 5192731.466087402775884 ], [ 634979.424451594008133, 5192713.760662932880223 ], [ 635001.547155084437691, 5192693.568358032032847 ], [ 635026.064072763198055, 5192669.596985527314246 ], [ 635045.584401946980506, 5192651.900235106237233 ], [ 635063.634586322354153, 5192631.868560971692204 ], [ 635078.036862616543658, 5192615.834590919315815 ], [ 635094.908631581580266, 5192602.172537181526423 ], [ 635114.636952477856539, 5192585.769255335442722 ], [ 635128.584282360272482, 5192567.677628536708653 ], [ 635140.93874218640849, 5192552.108758057467639 ], [ 635155.072448129300028, 5192536.58016945514828 ], [ 635168.723670188337564, 5192520.023406771942973 ], [ 635185.090033262735233, 5192506.092756311409175 ], [ 635201.440765175619163, 5192501.89136880915612 ], [ 635220.704222792293876, 5192493.409761184826493 ], [ 635236.375725012621842, 5192477.41736972425133 ], [ 635248.243465007166378, 5192461.070241461507976 ], [ 635263.827172463643365, 5192447.886234804056585 ], [ 635279.452659848961048, 5192433.422975333407521 ], [ 635295.878333416301757, 5192417.18345336522907 ], [ 635311.258323892019689, 5192402.456026966683567 ], [ 635323.812075833324343, 5192388.690451114438474 ], [ 635337.408583572716452, 5192374.172662822529674 ], [ 635346.942556387046352, 5192359.815683970227838 ], [ 635359.328806481673382, 5192342.967395798303187 ], [ 635373.969283955055289, 5192318.227883536368608 ], [ 635388.11592380143702, 5192301.939523779787123 ], [ 635403.332646525232121, 5192283.87949570082128 ], [ 635409.455622457899153, 5192264.304702353663743 ], [ 635408.861920716241002, 5192248.665366379544139 ], [ 635407.587937570526265, 5192230.694545280188322 ], [ 635408.013727778336033, 5192215.082575692795217 ], [ 635409.629688595770858, 5192211.790243612602353 ], [ 635428.032499141176231, 5192206.873793771490455 ], [ 635444.433506920002401, 5192200.893313948996365 ], [ 635459.28363386017736, 5192196.146374610252678 ], [ 635471.33072663214989, 5192191.581708827987313 ], [ 635486.98660301824566, 5192185.318566623143852 ], [ 635497.479601333732717, 5192172.777819497510791 ], [ 635502.321788932662457, 5192162.650767556391656 ], [ 635512.351158351171762, 5192148.562196732498705 ], [ 635522.325814686366357, 5192136.512612602673471 ], [ 635532.062102986150421, 5192133.178539028391242 ], [ 635549.537660443689674, 5192125.166457942686975 ], [ 635567.250036693527363, 5192117.928353418596089 ], [ 635579.383824408054352, 5192110.035324908792973 ], [ 635589.299174118321389, 5192100.294603667221963 ], [ 635593.728189961402677, 5192086.830660104751587 ], [ 635592.458453404717147, 5192068.60992828477174 ], [ 635586.309195975307375, 5192061.535576129332185 ], [ 635578.532252366654575, 5192049.043778987601399 ], [ 635573.193187045864761, 5192040.193315063603222 ], [ 635570.238174510304816, 5192027.57363323122263 ], [ 635569.54930113942828, 5192015.762476119212806 ], [ 635576.654217911302112, 5191997.244327839463949 ], [ 635594.581676556612365, 5191982.070282991044223 ], [ 635604.884074863628484, 5191967.216406820341945 ], [ 635610.979502834728919, 5191948.67108010314405 ], [ 635610.714822458103299, 5191930.737433632835746 ], [ 635609.185357913491316, 5191912.502308867871761 ], [ 635607.928717289469205, 5191893.511834946461022 ], [ 635604.898599644424394, 5191874.731135454960167 ], [ 635604.014510612701997, 5191860.876754410564899 ], [ 635602.656783967860974, 5191845.474399768747389 ], [ 635603.774309914791957, 5191832.694034268148243 ], [ 635606.014117013895884, 5191825.062543634325266 ], [ 635610.069197226781398, 5191815.942025759257376 ], [ 635613.633131279610097, 5191806.303166816942394 ], [ 635616.675671464414336, 5191787.935860762372613 ], [ 635616.96143551170826, 5191768.211669534444809 ], [ 635616.506148936459795, 5191747.964921900071204 ], [ 635613.507813985343091, 5191727.904819422401488 ], [ 635611.542036133585498, 5191707.10237829759717 ], [ 635606.815095798578113, 5191685.202963596209884 ], [ 635601.978374036611058, 5191667.401500070467591 ], [ 635595.381108666071668, 5191649.050077319145203 ], [ 635587.54640485427808, 5191629.377664369530976 ], [ 635580.949137971037999, 5191611.026242896914482 ], [ 635576.163039211998694, 5191591.425708916969597 ], [ 635570.256213634391315, 5191575.39593668654561 ], [ 635562.802723392611369, 5191560.3497858280316 ], [ 635558.133523992612027, 5191545.631017737090588 ], [ 635558.105814588954672, 5191528.46138240210712 ], [ 635562.403326514177024, 5191510.385415733791888 ], [ 635564.580953671014868, 5191495.833191505633295 ], [ 635561.449737035203725, 5191480.640634899958968 ], [ 635559.459492160240188, 5191470.087251600809395 ], [ 635566.594958172179759, 5191459.759262101724744 ], [ 635582.263741058646701, 5191452.736315831542015 ], [ 635603.992443217663094, 5191446.876504578627646 ], [ 635622.530993020161986, 5191446.322113334201276 ], [ 635641.186578198103234, 5191450.639479851350188 ], [ 635659.374297385569662, 5191453.65896628703922 ], [ 635676.02388109639287, 5191457.162230364978313 ], [ 635700.711665435926989, 5191463.682183701545 ], [ 635719.998583569191396, 5191472.620080126449466 ], [ 635740.390091167530045, 5191487.746492897160351 ], [ 635762.495962097775191, 5191504.961972219869494 ], [ 635775.926795236067846, 5191524.259693347848952 ], [ 635793.46352322329767, 5191550.836945018731058 ], [ 635801.743180237477645, 5191572.566851640120149 ], [ 635809.259035755414516, 5191594.523761223070323 ], [ 635813.09051061491482, 5191612.048135329037905 ], [ 635817.72524416144006, 5191637.015842415392399 ], [ 635822.849395732395351, 5191653.792238079942763 ], [ 635825.909587079077028, 5191662.583946784026921 ], [ 635821.509317059186287, 5191665.548881604336202 ], [ 635811.114391209441237, 5191665.281934645958245 ], [ 635801.692700777901337, 5191666.581476503051817 ], [ 635800.492934663430788, 5191682.430280970409513 ], [ 635805.797523627756163, 5191701.529673397541046 ], [ 635806.750930494861677, 5191713.075364262796938 ], [ 635806.325007993844338, 5191728.697376628406346 ], [ 635796.48181953956373, 5191745.35898033156991 ], [ 635791.501392908976413, 5191760.083483017981052 ], [ 635789.533208663808182, 5191776.429185735061765 ], [ 635791.12929205223918, 5191801.325164407491684 ], [ 635796.457155960029922, 5191819.644998393952847 ], [ 635802.66418379242532, 5191833.899978248402476 ], [ 635811.535904471413232, 5191852.570118858478963 ], [ 635819.425463537918404, 5191870.193589561618865 ], [ 635825.336724872002378, 5191885.963466425426304 ], [ 635832.817573182517663, 5191899.99013883061707 ], [ 635842.063219023868442, 5191914.316869860514998 ], [ 635852.874387300689705, 5191927.140312419272959 ], [ 635863.517880266299471, 5191936.891049119643867 ], [ 635877.3401532828575, 5191950.815685667097569 ], [ 635892.213521167752333, 5191963.498310268856585 ], [ 635908.701644233777188, 5191982.358101399615407 ], [ 635921.717978478758596, 5191997.808971256017685 ], [ 635930.654583371942863, 5192014.430314262397587 ], [ 635935.745621096459217, 5192031.976160187274218 ], [ 635937.535010409541428, 5192050.215744665823877 ], [ 635938.235779307666235, 5192070.726692908443511 ], [ 635942.450013579102233, 5192083.387843646109104 ], [ 635950.569121603271924, 5192092.815625110641122 ], [ 635956.09593030391261, 5192094.749632491730154 ], [ 635964.88204825273715, 5192089.079490666277707 ], [ 635969.533624760340899, 5192076.639264467172325 ], [ 635970.300151033559814, 5192067.442755321972072 ], [ 635970.134025312028825, 5192054.880529842339456 ], [ 635971.505735876620747, 5192041.85450482275337 ], [ 635975.570812390884385, 5192032.73415089212358 ], [ 635982.189528168062679, 5192031.616874027065933 ], [ 635989.19501853431575, 5192035.385942026972771 ], [ 635995.325615154346451, 5192042.96998277772218 ], [ 636000.072775337495841, 5192054.870241904631257 ], [ 636000.192868319223635, 5192068.961606292054057 ], [ 636001.200977651169524, 5192078.468313738703728 ], [ 635999.551826594630256, 5192092.519567552953959 ], [ 636000.295751520665362, 5192102.271753071807325 ], [ 636007.669608153752051, 5192101.437347619794309 ], [ 636013.495099079678766, 5192092.87694394774735 ], [ 636023.894454621826299, 5192092.883992067538202 ], [ 636024.739484259160236, 5192099.048094555735588 ], [ 636026.534675440751016, 5192107.548241496086121 ], [ 636031.873745259130374, 5192116.398716365918517 ], [ 636042.567866459838115, 5192124.350407278165221 ], [ 636057.060005775769241, 5192132.40673893596977 ], [ 636061.183159828651696, 5192148.656187345273793 ], [ 636052.64556124387309, 5192163.810116052627563 ], [ 636040.53656646120362, 5192179.643198501318693 ], [ 636027.022460942389444, 5192191.082578098401427 ], [ 636015.543091009836644, 5192202.826573346741498 ], [ 636004.681764425709844, 5192209.981315026059747 ], [ 635991.547153048682958, 5192217.337358945049345 ], [ 635983.298212277470157, 5192221.996682986617088 ], [ 635977.939076555194333, 5192223.135400568135083 ], [ 635972.393430498428643, 5192221.721060739830136 ], [ 635967.416906288941391, 5192218.006493652239442 ], [ 635962.310232626274228, 5192210.189926330931485 ], [ 635953.197786881355569, 5192209.184823712334037 ], [ 635941.364347137743607, 5192215.293063243851066 ], [ 635933.964689426589757, 5192225.866584994830191 ], [ 635933.193715725443326, 5192235.322983379475772 ], [ 635932.909311030060053, 5192245.567679511383176 ], [ 635936.132738729240373, 5192257.691973722539842 ], [ 635941.85760745825246, 5192270.8988346606493 ], [ 635945.007483682013117, 5192285.581749621778727 ], [ 635945.150660870829597, 5192298.903539597056806 ], [ 635942.584638172993436, 5192318.058945256285369 ], [ 635936.558465197216719, 5192334.295564156025648 ], [ 635931.232605826575309, 5192352.864012046717107 ], [ 635923.848899670527317, 5192371.897375718690455 ], [ 635916.065219834214076, 5192396.803668098524213 ], [ 635912.294875694438815, 5192413.868656380102038 ], [ 635908.528747187461704, 5192430.683721271343529 ], [ 635906.206675453111529, 5192441.383685620501637 ], [ 635904.437755608232692, 5192459.532699005678296 ], [ 635908.943679238087498, 5192470.918873209506273 ], [ 635916.902548948535696, 5192486.233643947169185 ], [ 635925.303341769147664, 5192494.386302345432341 ], [ 635939.885181946214288, 5192508.333902211859822 ], [ 635953.294269139412791, 5192518.921707840636373 ], [ 635964.443138387985528, 5192528.941052482463419 ], [ 635976.447100338176824, 5192535.135137288831174 ], [ 635986.950428959797136, 5192540.783702743239701 ], [ 635996.725965371821076, 5192545.129921616986394 ], [ 636007.497884265612811, 5192550.273099469020963 ], [ 636011.408725761109963, 5192555.499429752118886 ], [ 636007.708872640738264, 5192560.786178441718221 ], [ 635996.560218379832804, 5192578.945494772866368 ], [ 635987.840692048659548, 5192591.276456435211003 ], [ 635985.927358237328008, 5192605.57318558357656 ], [ 635993.006710768677294, 5192624.972811271436512 ], [ 636000.191578484256752, 5192640.524405353702605 ], [ 636004.401559888734482, 5192653.435467428527772 ], [ 636009.311795755056664, 5192668.678339945152402 ], [ 636011.761213438818231, 5192681.039456830359995 ], [ 636017.949696619296446, 5192695.794132120907307 ], [ 636029.758620601613075, 5192699.935009423643351 ], [ 636046.259358105948195, 5192699.845950543880463 ], [ 636053.4570374119794, 5192696.43867339193821 ], [ 636061.368076735408977, 5192694.593483221717179 ], [ 636065.239837739616632, 5192692.129501305520535 ], [ 636076.43187968689017, 5192691.390085704624653 ], [ 636087.758549008169211, 5192694.492801290005445 ], [ 636095.760587498894893, 5192699.048834226094186 ], [ 636102.880269745597616, 5192698.460087663494051 ], [ 636106.125178695656359, 5192691.115680796094239 ], [ 636109.183711417485029, 5192681.208227074705064 ], [ 636114.55442025908269, 5192670.580164234153926 ], [ 636126.624669813201763, 5192665.245933233760297 ], [ 636141.252233465900645, 5192659.475271687842906 ], [ 636154.396864434354939, 5192652.119429293088615 ], [ 636163.145469795796089, 5192647.478590349666774 ], [ 636165.736138659762219, 5192636.273232070729136 ], [ 636167.785352320293896, 5192626.328591806814075 ], [ 636170.270675185136497, 5192618.961260240525007 ], [ 636179.242992106126621, 5192615.864180729724467 ], [ 636182.414347261888906, 5192611.078393513336778 ], [ 636184.077910393825732, 5192596.767414351925254 ], [ 636186.051693001296371, 5192580.681760684587061 ], [ 636191.431080040987581, 5192569.543880976736546 ], [ 636196.08551943092607, 5192566.333266233094037 ], [ 636206.312992721563205, 5192563.517540516331792 ], [ 636210.675749017391354, 5192561.581906295381486 ], [ 636212.844737898441963, 5192547.53949726279825 ], [ 636216.3320876006037, 5192531.239645410329103 ], [ 636221.461550747277215, 5192520.097528490237892 ], [ 636226.731167747522704, 5192513.057546134106815 ], [ 636235.202672757324763, 5192509.42195631749928 ], [ 636249.020212533534504, 5192505.417414247989655 ], [ 636260.034600671380758, 5192501.605113268829882 ], [ 636267.092128889285959, 5192494.095637531019747 ], [ 636265.347385300672613, 5192483.806414959952235 ], [ 636266.704849267494865, 5192471.030114823020995 ], [ 636270.411673262366094, 5192456.5239243414253 ], [ 636275.636642591562122, 5192441.533580264076591 ], [ 636277.455852452665567, 5192421.605488361790776 ], [ 636276.626835426781327, 5192405.692116467282176 ], [ 636282.504163191653788, 5192385.863104814663529 ], [ 636298.13836788223125, 5192370.889992708340287 ], [ 636311.310345844831318, 5192362.514661417342722 ], [ 636325.055721368175, 5192351.589178088121116 ], [ 636335.680202356190421, 5192343.660455048084259 ], [ 636342.698492142255418, 5192328.470643416978419 ], [ 636343.466598572442308, 5192309.784618981182575 ], [ 636345.40305492747575, 5192294.718283671885729 ], [ 636341.197464327793568, 5192281.547284328378737 ], [ 636336.213659265311435, 5192268.863007283769548 ], [ 636331.453377233352512, 5192257.732497906312346 ], [ 636326.473825726425275, 5192244.798337428830564 ], [ 636327.462932509253733, 5192236.625551859848201 ], [ 636338.727394018089399, 5192232.807490301318467 ], [ 636353.316222625086084, 5192237.535675005055964 ], [ 636366.179490571841598, 5192249.644112907350063 ], [ 636376.304457093589008, 5192259.896023668348789 ], [ 636382.107327637961134, 5192270.284327475354075 ], [ 636389.962085522594862, 5192279.967608215287328 ], [ 636404.696879996685311, 5192279.058519438840449 ], [ 636416.034913885872811, 5192272.681854707188904 ], [ 636421.318790295161307, 5192265.392151937820017 ], [ 636427.379932716488838, 5192257.08572943136096 ], [ 636431.065334585378878, 5192252.058712069876492 ], [ 636434.460381246171892, 5192248.816679744981229 ], [ 636438.208133779698983, 5192250.700383969582617 ], [ 636444.088811042136513, 5192258.280143045820296 ], [ 636449.962210815632716, 5192256.890213334932923 ], [ 636454.490756381652318, 5192249.327664755284786 ], [ 636458.823144119349308, 5192239.191890882328153 ], [ 636462.261503159301355, 5192225.181091909296811 ], [ 636464.179061607224867, 5192210.634401465766132 ], [ 636471.147060186835006, 5192197.223664433695376 ], [ 636481.472411300288513, 5192181.610175542533398 ], [ 636488.631024272181094, 5192170.512563269585371 ], [ 636490.489462241763249, 5192158.264774657785892 ], [ 636496.268738652579486, 5192151.243508007377386 ], [ 636511.699560336186551, 5192152.916130290366709 ], [ 636524.992992196697742, 5192149.152626346796751 ], [ 636540.820837553823367, 5192145.712274555116892 ], [ 636555.434166892664507, 5192140.191321556456387 ], [ 636566.632046435843222, 5192129.712415682151914 ], [ 636571.215643619187176, 5192120.090914747677743 ], [ 636574.421474421862513, 5192105.056190116330981 ], [ 636583.231907159788534, 5192089.146928096190095 ], [ 636588.962294437456876, 5192074.42517710197717 ], [ 636592.413621745072305, 5192059.654616641812027 ], [ 636593.948565248865634, 5192049.961193738505244 ], [ 636593.474606318166479, 5192030.224020759575069 ], [ 636591.263360868790187, 5192009.157362423837185 ], [ 636589.020173421013169, 5191989.380079705268145 ], [ 636588.436617439496331, 5191973.730861053802073 ], [ 636587.210391132743098, 5191962.940478812903166 ], [ 636588.440546628786251, 5191955.291781813837588 ], [ 636592.959251495776698, 5191947.719049862585962 ], [ 636600.448635196546093, 5191943.036772469058633 ], [ 636613.569987226976082, 5191936.460459239780903 ], [ 636621.068030882510357, 5191931.26836703158915 ], [ 636620.647572508314624, 5191918.961777335032821 ], [ 636610.536984055186622, 5191908.450128063559532 ], [ 636598.167763431323692, 5191906.08965905290097 ], [ 636588.422601337777451, 5191909.943587167188525 ], [ 636576.652878877939656, 5191913.48302446026355 ], [ 636569.296370772412047, 5191913.297767925076187 ], [ 636560.736706245341338, 5191901.552613965235651 ], [ 636555.681869501131587, 5191882.467444446869195 ], [ 636551.936881988076493, 5191861.624635617248714 ], [ 636551.064170668134466, 5191838.290867255069315 ], [ 636549.580712093040347, 5191818.526501575484872 ], [ 636549.613522101892158, 5191789.578415049239993 ], [ 636550.000389004591852, 5191766.266089425422251 ], [ 636550.577682750998065, 5191745.276877069845796 ], [ 636554.294532919535413, 5191720.781291852705181 ], [ 636562.414695861167274, 5191702.54036136996001 ], [ 636577.514742745319381, 5191697.797644333913922 ], [ 636585.22198103624396, 5191695.588955485261977 ], [ 636596.400014330167323, 5191696.84919595066458 ], [ 636611.096525580156595, 5191698.189332999289036 ], [ 636625.363134077866562, 5191695.412331270985305 ], [ 636646.191970126354136, 5191694.83695593290031 ], [ 636666.739114424912259, 5191695.536714057438076 ], [ 636684.171660649124533, 5191687.703842754475772 ], [ 636696.926398629555479, 5191673.88161728810519 ], [ 636703.669020197703503, 5191656.087228916585445 ], [ 636711.158104689675383, 5191639.085504744201899 ], [ 636706.257457905448973, 5191619.752960986457765 ], [ 636708.822074610041454, 5191595.977707452140749 ], [ 636711.578655909746885, 5191575.025584630668163 ], [ 636721.771290059899911, 5191561.9197166422382 ], [ 636741.778831366216764, 5191552.610738533549011 ], [ 636756.234791210386902, 5191541.647339916788042 ], [ 636753.686765398248099, 5191519.804956549778581 ], [ 636751.463804996572435, 5191494.138290854170918 ], [ 636748.964903377229348, 5191469.996852663345635 ], [ 636745.77973453188315, 5191453.273389221169055 ], [ 636742.480625859461725, 5191430.908259694464505 ], [ 636745.090123296249658, 5191405.083851327188313 ], [ 636751.976048209355213, 5191380.63218701351434 ], [ 636752.374463281710632, 5191351.940285705961287 ], [ 636751.297115502762608, 5191320.653375972062349 ], [ 636749.178487188532017, 5191290.61868002731353 ], [ 636747.228544774930924, 5191264.186696275137365 ], [ 636747.358343115774915, 5191236.000204113312066 ], [ 636756.454660443472676, 5191226.205490226857364 ], [ 636768.86213094915729, 5191227.496636230498552 ], [ 636782.686211332096718, 5191233.681694781407714 ], [ 636793.098711977014318, 5191244.668431664817035 ], [ 636800.758510614745319, 5191254.058406327851117 ], [ 636807.726469592191279, 5191257.238662818446755 ] ], [ [ 633276.231533064739779, 5191317.09687025565654 ], [ 633275.857836422510445, 5191316.140546537004411 ], [ 633276.861583659658208, 5191311.217904713004827 ], [ 633280.022381950868294, 5191301.762228085659444 ], [ 633284.491433537332341, 5191295.928630015812814 ], [ 633287.98497167811729, 5191291.598327846266329 ], [ 633294.363536634249613, 5191285.787223946303129 ], [ 633298.240163236856461, 5191281.273469408974051 ], [ 633294.781613036058843, 5191282.374533214606345 ], [ 633287.287468128255568, 5191283.816877914592624 ], [ 633280.762867794022895, 5191284.695758386515081 ], [ 633279.049162411014549, 5191283.156676334328949 ], [ 633279.644224307383411, 5191280.506968454457819 ], [ 633284.715111482306384, 5191272.213750717230141 ], [ 633288.797264527063817, 5191265.613596343435347 ], [ 633292.692831604625098, 5191259.400221896357834 ], [ 633298.127905883244239, 5191252.623113913461566 ], [ 633299.176012322772294, 5191243.331456802785397 ], [ 633298.871315332711674, 5191234.796723071485758 ], [ 633299.912974088685587, 5191225.884960510767996 ], [ 633305.39841524627991, 5191213.798986463807523 ], [ 633312.448291909415275, 5191198.509826995432377 ], [ 633317.499798769131303, 5191191.356213501654565 ], [ 633323.377909022150561, 5191177.936984296888113 ], [ 633331.293192514451221, 5191172.902015704661608 ], [ 633338.438738839584403, 5191167.853925167582929 ], [ 633341.086733411764726, 5191171.488799176178873 ], [ 633340.203428951324895, 5191183.433129103854299 ], [ 633338.357680943561718, 5191196.700975827872753 ], [ 633335.361723555950448, 5191208.809326958842576 ], [ 633331.599379543331452, 5191221.294607954099774 ], [ 633329.791235355194658, 5191230.003350836224854 ], [ 633328.917667228612117, 5191241.377868454903364 ], [ 633330.999062380287796, 5191244.813105610199273 ], [ 633336.177784516941756, 5191244.871267793700099 ], [ 633341.939251806004904, 5191244.17937939055264 ], [ 633348.131301894900389, 5191238.165116070769727 ], [ 633347.228001831448637, 5191231.900082996115088 ], [ 633346.356895173084922, 5191223.155723786912858 ], [ 633346.444716734811664, 5191213.297742079943419 ], [ 633349.206528046517633, 5191205.545185041613877 ], [ 633353.320703658042476, 5191196.475709593854845 ], [ 633359.344203197397292, 5191187.438734447583556 ], [ 633363.832075557555072, 5191179.325582383200526 ], [ 633369.079986463300884, 5191171.795325801707804 ], [ 633374.154275973676704, 5191163.302160431630909 ], [ 633379.60798181919381, 5191154.255485345609486 ], [ 633384.513451437349431, 5191142.169645499438047 ], [ 633388.817582832882181, 5191133.103402013890445 ], [ 633395.55796719447244, 5191130.708270674571395 ], [ 633400.73345743236132, 5191130.956349611282349 ], [ 633408.959140857565217, 5191132.946300683543086 ], [ 633417.57162532757502, 5191135.122760732658207 ], [ 633426.541949331061915, 5191139.775215483270586 ], [ 633429.928387397550978, 5191147.022470375522971 ], [ 633431.375925434636883, 5191155.386667567305267 ], [ 633428.262721526203677, 5191160.283395120874047 ], [ 633423.385620611952618, 5191169.529878744855523 ], [ 633426.005245250766166, 5191176.004149508662522 ], [ 633428.048460872028954, 5191182.858507057651877 ], [ 633427.969880501739681, 5191191.586721704341471 ], [ 633427.149913512170315, 5191197.462437555193901 ], [ 633429.585627527907491, 5191202.993605594150722 ], [ 633430.888182422844693, 5191208.125499858520925 ], [ 633431.597565332078375, 5191213.447299513965845 ], [ 633427.92996635613963, 5191216.254719736985862 ], [ 633429.260564404190518, 5191217.977273370139301 ], [ 633435.00927081273403, 5191218.035127733834088 ], [ 633439.785795437404886, 5191219.986330539919436 ], [ 633444.369168739300221, 5191222.124238145537674 ], [ 633447.600177565240301, 5191225.579045000486076 ], [ 633451.822478297865018, 5191225.430934060364962 ], [ 633453.801928078755736, 5191218.994986462406814 ], [ 633457.310846843523905, 5191212.585054174996912 ], [ 633459.673404697561637, 5191205.96563511248678 ], [ 633464.316537051461637, 5191201.654898676089942 ], [ 633471.82635308499448, 5191198.70290682092309 ], [ 633475.643241454614326, 5191200.637774624861777 ], [ 633475.972730405395851, 5191205.953088970854878 ], [ 633471.497807406587526, 5191213.306531704962254 ], [ 633467.782766625634395, 5191220.662879934534431 ], [ 633467.320330817950889, 5191228.444588896818459 ], [ 633468.4170900543686, 5191235.09290212392807 ], [ 633468.753063810640015, 5191240.028360919095576 ], [ 633461.64525720058009, 5191241.097298183478415 ], [ 633457.647861528326757, 5191238.019440528005362 ], [ 633452.672007931862026, 5191237.204761317931116 ], [ 633445.94422742119059, 5191238.270176976919174 ], [ 633438.991848982754163, 5191243.131563186645508 ], [ 633430.111016460112296, 5191249.670036721043289 ], [ 633420.684723733691499, 5191252.419412414543331 ], [ 633411.648463536635973, 5191255.16545603889972 ], [ 633403.029822000768036, 5191253.938793493434787 ], [ 633394.629600594053045, 5191249.866018490865827 ], [ 633389.245062912581488, 5191251.324273984879255 ], [ 633387.477585943415761, 5191255.293983310461044 ], [ 633383.775170015287586, 5191261.32061592489481 ], [ 633380.424761057365686, 5191271.34304540604353 ], [ 633374.986929930280894, 5191278.870068054646254 ], [ 633366.894180283066817, 5191282.582114834338427 ], [ 633358.240722217597067, 5191284.574684030376375 ], [ 633348.637137015815824, 5191285.99115065485239 ], [ 633347.437274798983708, 5191291.860379165969789 ], [ 633346.408258723793551, 5191299.442429376766086 ], [ 633345.939813256729394, 5191308.164005854167044 ], [ 633342.646100454148836, 5191311.917761249467731 ], [ 633334.76884669275023, 5191313.543557398952544 ], [ 633325.16818809940014, 5191314.200083609670401 ], [ 633315.754541414091364, 5191315.619763264432549 ], [ 633304.060898649855517, 5191315.870686708018184 ], [ 633293.893203131505288, 5191315.767600238323212 ], [ 633284.679364519310184, 5191316.610693618655205 ], [ 633276.231533064739779, 5191317.09687025565654 ] ], [ [ 633249.037937144516036, 5191292.135298292152584 ], [ 633243.467004363541491, 5191293.970364786684513 ], [ 633241.217708620941266, 5191288.062406339682639 ], [ 633237.448166949325241, 5191280.998605508357286 ], [ 633231.251846253639087, 5191266.703907170332968 ], [ 633225.800144284265116, 5191255.071749957278371 ], [ 633218.600057296687737, 5191245.699693406932056 ], [ 633208.571201032726094, 5191230.979773792438209 ], [ 633201.564303674851544, 5191221.421014095656574 ], [ 633192.470004091504961, 5191209.366849903948605 ], [ 633192.549180170986801, 5191201.778624661266804 ], [ 633197.163958718068898, 5191200.307247076183558 ], [ 633198.535413148929365, 5191197.280760665424168 ], [ 633194.363192932680249, 5191191.550083447247744 ], [ 633203.032216800260358, 5191187.467860867269337 ], [ 633215.340912475832738, 5191184.567547146230936 ], [ 633221.019672462367453, 5191172.284882846288383 ], [ 633219.350175283150747, 5191166.386775397695601 ], [ 633219.080155666451901, 5191154.052842097356915 ], [ 633218.442884864518419, 5191140.382748805917799 ], [ 633225.999578997842036, 5191131.741868210956454 ], [ 633234.041650594212115, 5191132.768701528199017 ], [ 633247.459003595053218, 5191134.057043706066906 ], [ 633264.138981182710268, 5191135.180919376201928 ], [ 633278.138596115983091, 5191134.569257368333638 ], [ 633295.977579113095999, 5191134.572906455956399 ], [ 633308.207409770111553, 5191139.830820026807487 ], [ 633307.928905651089735, 5191148.555609652772546 ], [ 633301.537698665983044, 5191155.696429034695029 ], [ 633296.657020106445998, 5191164.56286383420229 ], [ 633295.191010031150654, 5191177.257224397733808 ], [ 633298.118552401196212, 5191192.666208924725652 ], [ 633296.699826162774116, 5191200.231653651222587 ], [ 633292.763271717471071, 5191211.204037746414542 ], [ 633288.77326711663045, 5191227.665236479602754 ], [ 633283.10729955509305, 5191238.608181836083531 ], [ 633276.665246145683341, 5191250.497869228944182 ], [ 633267.129098672186956, 5191265.574712405912578 ], [ 633259.680234796134755, 5191282.566990508697927 ], [ 633249.037937144516036, 5191292.135298292152584 ] ], [ [ 633243.507823359570466, 5191359.127508522942662 ], [ 633241.94947964255698, 5191353.161300898529589 ], [ 633242.570119138108566, 5191348.422130664810538 ], [ 633244.346699966699816, 5191342.742684368975461 ], [ 633247.640431232983246, 5191338.98894979339093 ], [ 633253.281301614362746, 5191330.695445450022817 ], [ 633255.80558343953453, 5191327.498590364120901 ], [ 633260.255832429742441, 5191323.944524900987744 ], [ 633265.256684126099572, 5191321.52979645319283 ], [ 633270.996572688920423, 5191323.867373626679182 ], [ 633275.190349696553312, 5191326.568627235479653 ], [ 633278.018868687562644, 5191331.346510418690741 ], [ 633282.218823740142398, 5191333.097926085814834 ], [ 633287.404011919046752, 5191332.776195130310953 ], [ 633293.358819656656124, 5191331.887596896849573 ], [ 633297.590032670181245, 5191330.039754623547196 ], [ 633304.891026581870392, 5191328.784115388058126 ], [ 633309.857794265612029, 5191331.308515538461506 ], [ 633312.502534658880904, 5191335.133327521383762 ], [ 633312.050254391739145, 5191342.905215770937502 ], [ 633310.60333012836054, 5191353.889987729489803 ], [ 633310.480077879154123, 5191366.417212595231831 ], [ 633308.507262866361998, 5191372.46329461876303 ], [ 633303.49380443408154, 5191376.207736424170434 ], [ 633297.887286284123547, 5191380.132094644010067 ], [ 633289.810703299124725, 5191382.894451273605227 ], [ 633282.550876672030427, 5191379.970993643626571 ], [ 633274.328121714061126, 5191377.221195190213621 ], [ 633266.875124324229546, 5191374.484461362473667 ], [ 633257.131665679160506, 5191370.018844768404961 ], [ 633248.154901090310887, 5191365.746262106113136 ], [ 633243.507823359570466, 5191359.127508522942662 ] ], [ [ 636270.787892187247053, 5191963.363448954187334 ], [ 636269.201980067184195, 5191956.6667590579018 ], [ 636272.002083587227389, 5191947.254867213778198 ], [ 636274.254830351565033, 5191938.863628285005689 ], [ 636278.429671510821208, 5191925.645308582112193 ], [ 636279.7466674761381, 5191914.658245040103793 ], [ 636282.392178785754368, 5191901.403918691910803 ], [ 636284.751591163687408, 5191889.684634934179485 ], [ 636285.336366085568443, 5191877.655154077336192 ], [ 636287.899478750885464, 5191867.479270415380597 ], [ 636292.675406528753228, 5191868.880502910353243 ], [ 636298.028897440293804, 5191877.4712402690202 ], [ 636302.344225757755339, 5191886.544275267980993 ], [ 636305.830693552736193, 5191897.903108562342823 ], [ 636303.940493509406224, 5191911.430298944935203 ], [ 636301.61843361495994, 5191922.130257624201477 ], [ 636296.174193436163478, 5191935.316958165727556 ], [ 636290.799247264047153, 5191946.19493911601603 ], [ 636287.230708674062043, 5191956.103730298578739 ], [ 636282.280337699805386, 5191960.839218290522695 ], [ 636275.888429093523882, 5191962.730305320583284 ], [ 636270.787892187247053, 5191963.363448954187334 ] ], [ [ 635584.287253166898154, 5190722.906260683201253 ], [ 635574.691174739506096, 5190727.402697964571416 ], [ 635564.137730589718558, 5190730.572904356755316 ], [ 635553.764009019592777, 5190729.646370068192482 ], [ 635544.428276516729966, 5190728.24754324182868 ], [ 635537.271629271330312, 5190729.2456727148965 ], [ 635531.138730069855228, 5190730.021223146468401 ], [ 635521.788567272596993, 5190728.882135867141187 ], [ 635513.429056672379375, 5190728.289851766079664 ], [ 635505.527275629690848, 5190729.005342061631382 ], [ 635499.016493737115525, 5190732.594334440305829 ], [ 635492.878754364792258, 5190739.529520239681005 ], [ 635487.49040251725819, 5190746.497461419552565 ], [ 635482.4980315718567, 5190756.052012108266354 ], [ 635479.057696355856024, 5190764.89302515424788 ], [ 635475.212570949457586, 5190771.667248577810824 ], [ 635471.178152560372837, 5190776.638316139578819 ], [ 635464.087281642365269, 5190781.997367152012885 ], [ 635459.652477575000376, 5190784.641754302196205 ], [ 635452.910647892626002, 5190787.706842586398125 ], [ 635448.65514978999272, 5190792.154176601208746 ], [ 635447.503023523255251, 5190801.094137312844396 ], [ 635447.124911980237812, 5190809.797277987003326 ], [ 635449.32224354299251, 5190817.584297306835651 ], [ 635449.736622442840599, 5190825.550962761044502 ], [ 635448.801321483915672, 5190835.264559347182512 ], [ 635447.106625894084573, 5190844.945229785516858 ], [ 635448.695024825632572, 5190855.021788008511066 ], [ 635451.538389239110984, 5190865.389682902023196 ], [ 635459.600220271269791, 5190872.896536517888308 ], [ 635468.062835429096594, 5190876.830383719876409 ], [ 635470.953556523774751, 5190886.179145413450897 ], [ 635466.023121535545215, 5190894.444813412614167 ], [ 635462.106048042303883, 5190902.507745550014079 ], [ 635459.548831748543307, 5190908.813910022377968 ], [ 635454.919910788419656, 5190915.814755913801491 ], [ 635451.523075737757608, 5190917.986829882487655 ], [ 635441.941429280443117, 5190922.223521588370204 ], [ 635437.228049148572609, 5190925.373144889250398 ], [ 635425.500397314084694, 5190926.443458700552583 ], [ 635417.060303218197078, 5190927.649732492864132 ], [ 635408.682129149092361, 5190927.567125565372407 ], [ 635399.393719967687503, 5190925.149121685884893 ], [ 635393.487884270958602, 5190920.808815414085984 ], [ 635389.941045176703483, 5190914.75873961020261 ], [ 635391.059906927868724, 5190906.59818864800036 ], [ 635394.74955834983848, 5190903.671124988235533 ], [ 635406.260553652071394, 5190901.817167749628425 ], [ 635417.243202489218675, 5190900.454206319525838 ], [ 635422.903959916904569, 5190898.630624153651297 ], [ 635428.593408614164218, 5190896.297589376568794 ], [ 635434.542747808620334, 5190893.968978198245168 ], [ 635437.708476730855182, 5190891.27300030272454 ], [ 635438.199891788186505, 5190885.901622205972672 ], [ 635430.925709983101115, 5190883.817889514379203 ], [ 635422.316468390170485, 5190883.211380371823907 ], [ 635412.456647062674165, 5190882.053604934364557 ], [ 635404.144496078253724, 5190880.442184126004577 ], [ 635396.393919524503872, 5190877.560397310182452 ], [ 635388.323261205572635, 5190870.573364550247788 ], [ 635381.426963913138025, 5190865.676210678182542 ], [ 635375.337398650706746, 5190859.792849158868194 ], [ 635367.935863617574796, 5190854.617120383307338 ], [ 635362.275355736725032, 5190850.550966763868928 ], [ 635355.530109553365037, 5190842.066566565074027 ], [ 635352.870037176064216, 5190839.14143452886492 ], [ 635347.375011371797882, 5190831.228275680914521 ], [ 635342.210492242593318, 5190821.520848085172474 ], [ 635337.904087570495903, 5190815.447854820638895 ], [ 635331.781426195171662, 5190810.333876480348408 ], [ 635324.507265239022672, 5190808.250146052800119 ], [ 635314.831175449537113, 5190808.635428815148771 ], [ 635309.453288348158821, 5190809.703813962638378 ], [ 635303.334613734856248, 5190810.229668313637376 ], [ 635297.315247926511802, 5190808.447300584986806 ], [ 635294.821074831299484, 5190795.775460625067353 ], [ 635295.987461045500822, 5190786.585770907811821 ], [ 635299.960487941745669, 5190776.993874506093562 ], [ 635304.915375534212217, 5190768.468639790080488 ], [ 635309.185303004458547, 5190763.761548458598554 ], [ 635307.850888625252992, 5190753.449332550168037 ], [ 635303.833481907611713, 5190740.971569448709488 ], [ 635299.47573193453718, 5190730.277898197062314 ], [ 635293.933763314271346, 5190717.484229817986488 ], [ 635289.542916332371533, 5190707.559979423880577 ], [ 635281.986323419259861, 5190700.331707324832678 ], [ 635273.985675193951465, 5190697.455658950842917 ], [ 635264.778325583552942, 5190687.339436599053442 ], [ 635257.26924033195246, 5190679.082024734467268 ], [ 635251.433869387255982, 5190672.953000043518841 ], [ 635247.519567699171603, 5190663.816836418583989 ], [ 635243.836333586485125, 5190655.204556412994862 ], [ 635241.03022052126471, 5190649.697072566486895 ], [ 635241.049320297897793, 5190643.287708573043346 ], [ 635248.47012517217081, 5190642.04409940354526 ], [ 635257.310620175325312, 5190643.164518566802144 ], [ 635261.217075131018646, 5190641.011107915081084 ], [ 635261.029525676043704, 5190633.81827151030302 ], [ 635262.346372113795951, 5190626.951026435941458 ], [ 635263.568485973635688, 5190622.122067027725279 ], [ 635272.683546912157908, 5190617.097473744302988 ], [ 635284.099673613905907, 5190617.291782891377807 ], [ 635295.18104101694189, 5190619.530283026397228 ], [ 635304.73298966162838, 5190627.612471520900726 ], [ 635313.624831935740076, 5190633.353550800122321 ], [ 635320.686195994843729, 5190640.303398274816573 ], [ 635327.615591064561158, 5190644.431146428920329 ], [ 635335.762866367585957, 5190643.979837600141764 ], [ 635347.273688813438639, 5190642.1358607634902 ], [ 635357.459402080392465, 5190641.769257885403931 ], [ 635367.096832943963818, 5190641.893292528577149 ], [ 635375.951591003569774, 5190642.763979583978653 ], [ 635385.71635853650514, 5190645.980030218139291 ], [ 635397.736599070834927, 5190650.044435879215598 ], [ 635406.925683407695033, 5190654.77061714604497 ], [ 635416.228335889405571, 5190656.93886267952621 ], [ 635425.384343802696094, 5190662.434445939026773 ], [ 635431.983384987222962, 5190668.346477125771344 ], [ 635440.214934089453891, 5190671.756416708230972 ], [ 635452.367370783933438, 5190672.753224964253604 ], [ 635463.779078722582199, 5190673.207445579580963 ], [ 635477.256777151138522, 5190672.716872286982834 ], [ 635489.673378612147644, 5190673.468182354234159 ], [ 635496.999324040720239, 5190674.272848160006106 ], [ 635503.150642629829235, 5190678.877334578894079 ], [ 635509.254453980363905, 5190684.510943066328764 ], [ 635514.518417378421873, 5190691.900199986062944 ], [ 635525.933965013595298, 5190698.004205917939544 ], [ 635538.350151913706213, 5190704.655223933048546 ], [ 635553.030281413928606, 5190711.654772158712149 ], [ 635566.394472458981909, 5190713.722137954086065 ], [ 635575.659569924231619, 5190716.919677167199552 ], [ 635584.287253166898154, 5190722.906260683201253 ] ], [ [ 635628.555720764328726, 5190729.919450179673731 ], [ 635620.271979959448799, 5190726.638592737726867 ], [ 635617.58431757800281, 5190722.983025672845542 ], [ 635619.910765262320638, 5190712.023168262094259 ], [ 635626.672128977952525, 5190706.048543189652264 ], [ 635635.653267202316783, 5190702.431585785932839 ], [ 635645.148452663561329, 5190698.573402366600931 ], [ 635654.971583287464455, 5190691.900925644673407 ], [ 635664.299103698227555, 5190684.970037575811148 ], [ 635670.787626274512149, 5190679.750741985626519 ], [ 635678.039987243013456, 5190674.304443141445518 ], [ 635682.503782518324442, 5190668.780670520849526 ], [ 635684.948621780262329, 5190663.202572019770741 ], [ 635686.433095731539652, 5190655.298232052475214 ], [ 635686.948527200613171, 5190645.577444216236472 ], [ 635686.877660468919203, 5190639.166580440476537 ], [ 635688.242377247195691, 5190635.35998360440135 ], [ 635693.101849067956209, 5190634.202769896946847 ], [ 635702.20005191967357, 5190635.457568978890777 ], [ 635711.075694939121604, 5190635.688620144501328 ], [ 635720.279224159196019, 5190633.105415339581668 ], [ 635727.481285037007183, 5190629.438174083828926 ], [ 635733.214326471206732, 5190623.956023295409977 ], [ 635734.467732083518058, 5190615.527778846211731 ], [ 635731.925857630558312, 5190606.244951665401459 ], [ 635724.388747157761827, 5190603.746788538992405 ], [ 635714.780862453626469, 5190602.473305213265121 ], [ 635705.733129764674231, 5190599.429440885782242 ], [ 635697.999643138260581, 5190594.368045539595187 ], [ 635696.577161296154372, 5190590.993997918441892 ], [ 635696.760450807400048, 5190584.337445856072009 ], [ 635702.521003661095165, 5190577.825832085683942 ], [ 635712.001797762466595, 5190574.227366007864475 ], [ 635724.222168026259169, 5190572.995434012264013 ], [ 635735.076342296786606, 5190575.070084822364151 ], [ 635741.826526044984348, 5190578.564803689718246 ], [ 635751.064713289844804, 5190583.931795638054609 ], [ 635760.980457119294442, 5190592.38017135579139 ], [ 635767.834603923955001, 5190601.516392493620515 ], [ 635771.876944165211171, 5190611.354720300063491 ], [ 635774.691659871954471, 5190619.882236924953759 ], [ 635780.003416749997996, 5190629.752161868847907 ], [ 635789.250451846281067, 5190634.599335559643805 ], [ 635798.830976274446584, 5190636.892294947057962 ], [ 635807.675024625845253, 5190638.39276329241693 ], [ 635815.802822501631454, 5190647.310679745860398 ], [ 635816.328645818866789, 5190655.779219361953437 ], [ 635812.565285742981359, 5190663.624792612157762 ], [ 635803.070057996199466, 5190667.482977797277272 ], [ 635793.501308985054493, 5190673.899802112020552 ], [ 635783.510680059320293, 5190677.489569502882659 ], [ 635771.049233052297495, 5190678.197424684651196 ], [ 635758.293015214730985, 5190680.950153757818043 ], [ 635747.255530449794605, 5190685.532052484340966 ], [ 635737.004992629750632, 5190689.117395305074751 ], [ 635727.960318617988378, 5190695.293143478222191 ], [ 635718.364019534434192, 5190702.739428055472672 ], [ 635707.548963786801323, 5190708.355081325396895 ], [ 635698.905717679532245, 5190709.157934483140707 ], [ 635690.348944376921281, 5190706.642394797876477 ], [ 635683.316084468038753, 5190703.89282757230103 ], [ 635676.7466893827077, 5190702.701050350442529 ], [ 635673.50609355547931, 5190709.795543724671006 ], [ 635670.934146555722691, 5190720.491277464665473 ], [ 635669.458349162596278, 5190727.885784701444209 ], [ 635664.476213902933523, 5190733.900684600695968 ], [ 635653.743378140265122, 5190736.447866053320467 ], [ 635644.395254448754713, 5190735.188810937106609 ], [ 635636.352738516638055, 5190732.422038959339261 ], [ 635628.555720764328726, 5190729.919450179673731 ] ], [ [ 636186.71679724380374, 5190692.452051523141563 ], [ 636179.696472385316156, 5190691.902581050060689 ], [ 636173.492305977037176, 5190686.877218070439994 ], [ 636169.353314477251843, 5190680.367074390873313 ], [ 636168.995176275959238, 5190674.971235684119165 ], [ 636174.15058510680683, 5190672.289116500876844 ], [ 636180.327408934943378, 5190678.333955605514348 ], [ 636184.265770118334331, 5190682.530805690214038 ], [ 636186.898561076726764, 5190688.235356340184808 ], [ 636186.71679724380374, 5190692.452051523141563 ] ], [ [ 636004.071409284486435, 5190665.664418456144631 ], [ 635999.695178978145123, 5190661.930097136646509 ], [ 635997.135022514732555, 5190659.596644042059779 ], [ 635987.405663362587802, 5190653.711306732147932 ], [ 635980.264241592260078, 5190645.590150652453303 ], [ 635977.755443073110655, 5190635.537914895452559 ], [ 635981.432162134675309, 5190631.020721017383039 ], [ 635990.885620367713273, 5190628.441748914308846 ], [ 636001.147901730146259, 5190633.566190619952977 ], [ 636011.646834271028638, 5190639.474616795778275 ], [ 636019.370319744804874, 5190644.535827367566526 ], [ 636023.167162774829194, 5190654.109997820109129 ], [ 636022.983871595002711, 5190660.766574594192207 ], [ 636018.001562912366353, 5190666.791468252427876 ], [ 636012.600657494040206, 5190669.209422489628196 ], [ 636008.315745370695367, 5190668.336533569730818 ], [ 636004.071409284486435, 5190665.664418456144631 ] ], [ [ 632204.56600116728805, 5190758.735510533675551 ], [ 632202.930987388594076, 5190749.048234574496746 ], [ 632195.702598131727427, 5190742.515560748055577 ], [ 632189.779250334249809, 5190739.794891441240907 ], [ 632190.000918140867725, 5190736.758850566111505 ], [ 632193.310490924399346, 5190731.485474104993045 ], [ 632201.412910049781203, 5190727.203635338693857 ], [ 632213.160402358858846, 5190722.023907395079732 ], [ 632223.916970341582783, 5190720.42709319293499 ], [ 632236.197015509475023, 5190719.796160006895661 ], [ 632248.87262090051081, 5190717.662033148109913 ], [ 632254.232027383521199, 5190718.853167627938092 ], [ 632259.169978904072195, 5190723.656967474147677 ], [ 632263.557108953595161, 5190726.161497294902802 ], [ 632267.443706762045622, 5190721.647918874397874 ], [ 632271.120511385961436, 5190717.710736026987433 ], [ 632276.318039065343328, 5190715.489326455630362 ], [ 632284.581898610224016, 5190714.060076157562435 ], [ 632297.260600154171698, 5190711.156042951159179 ], [ 632303.256650412920862, 5190706.668378082104027 ], [ 632305.235627173678949, 5190699.67245280649513 ], [ 632310.699176478432491, 5190690.045996845699847 ], [ 632321.287363548297435, 5190685.416490987874568 ], [ 632333.374071760103106, 5190684.982248288579285 ], [ 632336.96308817458339, 5190690.903002494946122 ], [ 632341.157167979399674, 5190694.174224568530917 ], [ 632348.467224592692219, 5190691.20880264416337 ], [ 632361.348953434964642, 5190688.128260904923081 ], [ 632373.065178761258721, 5190686.547779216431081 ], [ 632387.473461531335488, 5190683.663192740641534 ], [ 632399.360995348775759, 5190684.35550257563591 ], [ 632401.397747855866328, 5190691.589752809144557 ], [ 632395.60812493879348, 5190695.700967722572386 ], [ 632390.951870341785252, 5190700.781433717347682 ], [ 632388.576874275109731, 5190708.720561028458178 ], [ 632380.452897715149447, 5190716.031860149465501 ], [ 632371.441760265384801, 5190716.128456738777459 ], [ 632366.868094796431251, 5190713.420768884941936 ], [ 632362.300317628541961, 5190709.193225432187319 ], [ 632353.688162035658024, 5190707.586742519401014 ], [ 632344.268054900690913, 5190709.386326182633638 ], [ 632336.730324646341614, 5190716.327599410898983 ], [ 632338.596246641478501, 5190721.849070453085005 ], [ 632343.182534398743883, 5190723.227067272178829 ], [ 632344.079066603560932, 5190729.301956833340228 ], [ 632348.833856354351155, 5190734.292613049037755 ], [ 632362.650006082141772, 5190733.297831936739385 ], [ 632371.655255634454079, 5190734.721052800305188 ], [ 632374.667246653349139, 5190739.882028006017208 ], [ 632380.410069608595222, 5190741.459692697972059 ], [ 632389.811069252085872, 5190741.369713143445551 ], [ 632423.039674751460552, 5190735.465648016892374 ], [ 632443.154864680371247, 5190701.019971828907728 ], [ 632445.430403373902664, 5190740.636502263136208 ], [ 632452.852256321464665, 5190747.55243790242821 ], [ 632446.663341535720974, 5190752.796789587475359 ], [ 632438.393610041588545, 5190755.745857290923595 ], [ 632431.827745630638674, 5190760.223843545652926 ], [ 632420.314216658123769, 5190761.057814772240818 ], [ 632406.314455453306437, 5190761.089518972672522 ], [ 632390.426299899583682, 5190757.509299294091761 ], [ 632376.017727996921167, 5190759.823882662691176 ], [ 632362.774772799923085, 5190760.628417365252972 ], [ 632349.747329119127244, 5190759.346726823598146 ], [ 632338.829318683128804, 5190758.090969704091549 ], [ 632322.944399332860485, 5190754.32077509444207 ], [ 632305.681906804442406, 5190753.93696098588407 ], [ 632291.273934646043926, 5190757.391525712795556 ], [ 632282.766373789520003, 5190764.326318788342178 ], [ 632276.073578453855589, 5190762.162508651614189 ], [ 632269.592601853073575, 5190757.5424559796229 ], [ 632264.0310557060875, 5190758.237771504558623 ], [ 632258.468800926231779, 5190757.803093919530511 ], [ 632247.55048514297232, 5190755.977336529642344 ], [ 632242.150108678266406, 5190758.955241478979588 ], [ 632232.154055316234007, 5190761.694941672496498 ], [ 632220.064406352001242, 5190762.889080544002354 ], [ 632210.859524308238178, 5190762.032456937246025 ], [ 632204.56600116728805, 5190758.735510533675551 ] ], [ [ 632652.062873704475351, 5190733.934121455065906 ], [ 632651.201774002169259, 5190743.988916558213532 ], [ 632650.71746685623657, 5190754.2300880914554 ], [ 632650.617033693240955, 5190765.417764090001583 ], [ 632650.139210809837095, 5190775.279080863110721 ], [ 632650.614576331805438, 5190785.536586902104318 ], [ 632649.962691252236255, 5190793.875022611580789 ], [ 632643.801793126389384, 5190795.710041804239154 ], [ 632635.968620635801926, 5190792.396894791163504 ], [ 632628.502968532964587, 5190790.989925432018936 ], [ 632618.139674168545753, 5190792.393412115052342 ], [ 632605.992746184347197, 5190798.716307477094233 ], [ 632596.554122127592564, 5190803.365380466915667 ], [ 632587.131254999083467, 5190805.914836371317506 ], [ 632586.82056173007004, 5190798.319967327639461 ], [ 632592.11280972242821, 5190786.42073239851743 ], [ 632603.733092207694426, 5190774.029219758696854 ], [ 632613.611630745348521, 5190763.507962911389768 ], [ 632625.226195699768141, 5190752.626260105520487 ], [ 632632.783329414087348, 5190744.545359554700553 ], [ 632643.3903446191689, 5190737.636303969658911 ], [ 632652.062873704475351, 5190733.934121455065906 ] ], [ [ 635286.388279016246088, 5190128.55488683283329 ], [ 635284.471708935685456, 5190122.482555433176458 ], [ 635284.904912482015789, 5190115.83026347309351 ], [ 635289.882799552287906, 5190110.065283885225654 ], [ 635294.365266293170862, 5190104.031868178397417 ], [ 635298.634018426644616, 5190096.454905693419278 ], [ 635303.249317488516681, 5190085.553989145904779 ], [ 635307.818629904533736, 5190076.182208597660065 ], [ 635311.386904227663763, 5190066.283430869691074 ], [ 635318.894736270420253, 5190061.101478165946901 ], [ 635323.934992088703439, 5190062.247199455276132 ], [ 635326.030574430944398, 5190068.962549715302885 ], [ 635322.661564514855854, 5190080.664632865227759 ], [ 635318.361047417158261, 5190089.520999163389206 ], [ 635314.532843456370756, 5190099.415353048592806 ], [ 635312.02021138870623, 5190107.802177958190441 ], [ 635306.918187621282414, 5190117.924827070906758 ], [ 635300.311256472836249, 5190127.751887915655971 ], [ 635293.090694222250022, 5190131.9187888270244 ], [ 635286.388279016246088, 5190128.55488683283329 ] ], [ [ 634988.987139297300018, 5189823.564962217584252 ], [ 634989.088413809309714, 5189823.660484337247908 ], [ 634985.464394465321675, 5189824.303225432522595 ], [ 634985.643771752249449, 5189820.435125822201371 ], [ 634974.806865818332881, 5189818.147282481193542 ], [ 634954.852438410161994, 5189813.177913849242032 ], [ 634942.217933089705184, 5189810.543028949759901 ], [ 634929.074888896895573, 5189808.409449213184416 ], [ 634911.897096157306805, 5189804.217298868112266 ], [ 634897.505943448166363, 5189800.802536360919476 ], [ 634889.509912183624692, 5189790.016996841877699 ], [ 634900.174822465865873, 5189786.758676537312567 ], [ 634916.907102024182677, 5189784.813545322045684 ], [ 634935.660325550241396, 5189783.392785978503525 ], [ 634951.826963521190919, 5189787.067738862708211 ], [ 634971.509542170562781, 5189793.322412873618305 ], [ 634988.90189325727988, 5189801.358023719862103 ], [ 635007.345171630848199, 5189805.811695885844529 ], [ 635024.433610517764464, 5189818.191904791630805 ], [ 635036.856504858937114, 5189816.22342573851347 ], [ 635049.789381657494232, 5189814.253635234199464 ], [ 635062.516190234222449, 5189807.940558731555939 ], [ 635080.294941625325009, 5189802.673396482132375 ], [ 635094.740112018072978, 5189801.739290786907077 ], [ 635113.226088129216805, 5189801.333941659890115 ], [ 635128.866538432310335, 5189806.549879717640579 ], [ 635141.222024578135461, 5189811.479899434372783 ], [ 635151.036067625973374, 5189817.676621108315885 ], [ 635158.324898876599036, 5189823.600392799824476 ], [ 635153.532473779981956, 5189827.868602811358869 ], [ 635147.849748274544254, 5189831.571700518019497 ], [ 635147.662198935286142, 5189838.478165501728654 ], [ 635147.946812240406871, 5189846.432624775916338 ], [ 635154.02256724180188, 5189856.06555107422173 ], [ 635160.690365472692065, 5189862.638706987723708 ], [ 635167.863552634255029, 5189869.48044905718416 ], [ 635182.861133458092809, 5189877.805287456139922 ], [ 635197.034253122285008, 5189888.155992906540632 ], [ 635209.994178627617657, 5189896.936133150011301 ], [ 635222.861715301172808, 5189908.794539078138769 ], [ 635234.595781955169514, 5189924.97345550917089 ], [ 635240.652853003586642, 5189935.116027111187577 ], [ 635254.085092494729906, 5189944.934157270938158 ], [ 635263.500974239665084, 5189953.373999529518187 ], [ 635269.553621281287633, 5189963.776501256972551 ], [ 635269.802214454161003, 5189973.260268798097968 ], [ 635262.858917633187957, 5189976.411932232789695 ], [ 635246.508208835381083, 5189980.613442999310791 ], [ 635234.196946010109968, 5189985.423670898191631 ], [ 635222.64526718435809, 5189990.256816370412707 ], [ 635209.955675095785409, 5189999.670380105264485 ], [ 635202.446516056777909, 5190014.331845093518496 ], [ 635192.359283706173301, 5190021.249810928478837 ], [ 635183.268418133957312, 5190028.964688315056264 ], [ 635175.43270674510859, 5190036.960950498469174 ], [ 635163.039062282186933, 5190044.849610744975507 ], [ 635148.324915298027918, 5190053.948729912750423 ], [ 635134.994011224014685, 5190058.741581561975181 ], [ 635121.509998925495893, 5190060.19202489592135 ], [ 635107.890232941135764, 5190057.280358660966158 ], [ 635087.299641937366687, 5190058.54985280148685 ], [ 635073.110750048886985, 5190057.938392539508641 ], [ 635063.783273573499173, 5190064.86928544845432 ], [ 635054.933655077125877, 5190073.098244259133935 ], [ 635043.06292581919115, 5190080.225856062956154 ], [ 635029.669807245023549, 5190078.098001374863088 ], [ 635020.484980980516411, 5190080.17157285194844 ], [ 635015.406219344004057, 5190089.514675823971629 ], [ 635006.974041978246532, 5190100.830592785030603 ], [ 634994.199149188585579, 5190104.092995853163302 ], [ 634988.10899151256308, 5190094.719809165224433 ], [ 634990.640455767628737, 5190085.813342000357807 ], [ 634994.608833612059243, 5190080.021194756962359 ], [ 635001.970918630599044, 5190070.476948757655919 ], [ 635008.323498081881553, 5190060.905550272203982 ], [ 635006.691533724078909, 5190055.738042654469609 ], [ 634999.053366682608612, 5190056.827969860285521 ], [ 634988.733740370371379, 5190062.712046721018851 ], [ 634980.767861607950181, 5190066.606276049278677 ], [ 634974.654595975764096, 5190058.002660699188709 ], [ 634980.734335523797199, 5190049.186553762294352 ], [ 634993.06869821366854, 5190043.606779660098255 ], [ 635014.209537764312699, 5190040.556747321970761 ], [ 635030.365187492105179, 5190034.302034420892596 ], [ 635027.314802579232492, 5190025.520552033558488 ], [ 635011.105800655554049, 5190024.334742716513574 ], [ 634990.724525303347036, 5190027.407693480141461 ], [ 634975.383482843171805, 5190031.626382811926305 ], [ 634967.076642176718451, 5190029.115134987980127 ], [ 634971.788578474428505, 5190014.886060981079936 ], [ 634981.276433462975547, 5190002.058172893710434 ], [ 634993.502381964237429, 5189991.096796426922083 ], [ 635004.859023391036317, 5189984.210427899844944 ], [ 635024.739144898951054, 5189980.618947316892445 ], [ 635044.847430912428536, 5189978.311331070028245 ], [ 635068.795669058803469, 5189974.819095129147172 ], [ 635089.386239549610764, 5189973.549596403725445 ], [ 635111.35596884903498, 5189968.213784292340279 ], [ 635122.007731119403616, 5189959.265528902411461 ], [ 635115.504549652105197, 5189946.545471475459635 ], [ 635098.285868543665856, 5189945.342481506057084 ], [ 635084.409287993912585, 5189951.64599618781358 ], [ 635070.691361849545501, 5189961.5520164584741 ], [ 635053.64481548499316, 5189963.161816391162574 ], [ 635035.406683229841292, 5189961.93146606348455 ], [ 635017.322952371323481, 5189964.553543276153505 ], [ 635000.253320484771393, 5189966.932913715951145 ], [ 634985.908663869136944, 5189971.94851715862751 ], [ 634971.48604848748073, 5189979.78264425508678 ], [ 634958.042502727010287, 5189979.443856679834425 ], [ 634961.147324378602207, 5189967.987281440757215 ], [ 634974.466299356427044, 5189954.49465037882328 ], [ 634992.409679231583141, 5189947.780381181277335 ], [ 635011.030581368366256, 5189944.147487395443022 ], [ 635028.108890349976718, 5189941.258284538052976 ], [ 635056.500931826536544, 5189942.231464397162199 ], [ 635076.900874268030748, 5189938.648847337812185 ], [ 635091.12844224087894, 5189928.761490152217448 ], [ 635090.884290777845308, 5189919.017817663960159 ], [ 635083.775945214787498, 5189910.127291868440807 ], [ 635066.538620671723038, 5189909.433946037665009 ], [ 635045.897433834383264, 5189912.502479715272784 ], [ 635031.339061124133877, 5189915.9745401609689 ], [ 635017.717950502410531, 5189922.542368019931018 ], [ 635007.086203017039225, 5189921.501472434960306 ], [ 634993.314755976898596, 5189923.976957250386477 ], [ 634982.304680317174643, 5189927.539395562373102 ], [ 634971.628049906110391, 5189928.547642474062741 ], [ 634954.686657515354455, 5189926.329395546577871 ], [ 634944.825979812187143, 5189915.822113013826311 ], [ 634938.804949778132141, 5189904.150225726887584 ], [ 634933.914631783496588, 5189878.918260254897177 ], [ 634941.435283924802206, 5189854.767478846944869 ], [ 634954.230201858677901, 5189841.515900899656117 ], [ 634973.766411620657891, 5189832.278859209269285 ], [ 634990.307716008741409, 5189830.390480308793485 ], [ 635004.070315788500011, 5189828.434811241924763 ], [ 634988.987139297300018, 5189823.564962217584252 ] ], [ [ 635301.13436696655117, 5190023.571043311618268 ], [ 635297.997354699298739, 5190027.517468710429966 ], [ 635292.564528043149039, 5190031.224818021990359 ], [ 635286.22753560624551, 5190031.066957506351173 ], [ 635279.949819110683165, 5190028.600232215598226 ], [ 635276.070735684712417, 5190022.094533300027251 ], [ 635275.475616589887068, 5190015.934719651937485 ], [ 635275.686407610191964, 5190008.248693257570267 ], [ 635279.854110728134401, 5190004.259808328934014 ], [ 635285.972965068183839, 5190003.134012213908136 ], [ 635293.033504167455249, 5190004.844095708802342 ], [ 635297.718347307527438, 5190009.833589146845043 ], [ 635299.595812066458166, 5190015.265263454057276 ], [ 635300.973621600074694, 5190020.678462954238057 ], [ 635301.13436696655117, 5190023.571043311618268 ] ], [ [ 634841.586936880717985, 5189671.057391175068915 ], [ 634840.322766196914017, 5189671.305871715769172 ], [ 634833.492571982555091, 5189670.749646618030965 ], [ 634830.214804329560138, 5189669.453923249617219 ], [ 634832.27111215190962, 5189666.139089032076299 ], [ 634834.331673174514435, 5189662.574333009310067 ], [ 634833.146850615739822, 5189654.634570344351232 ], [ 634829.188507590908557, 5189645.147681277245283 ], [ 634829.786362188402563, 5189636.458321998827159 ], [ 634840.483522609691136, 5189630.130683627910912 ], [ 634852.927025637007318, 5189626.362638824619353 ], [ 634863.612397927441634, 5189621.31476086191833 ], [ 634875.548371936893091, 5189618.578036399558187 ], [ 634891.228564719553106, 5189619.6948286825791 ], [ 634906.454095893073827, 5189616.974104621447623 ], [ 634917.130963784642518, 5189612.426030749455094 ], [ 634922.747044498682953, 5189607.35186370741576 ], [ 634926.146400123368949, 5189597.390215908177197 ], [ 634928.553581863408908, 5189584.621823459863663 ], [ 634938.498355326009914, 5189577.261458801105618 ], [ 634949.116151997353882, 5189579.122062435373664 ], [ 634954.370901738642715, 5189585.291176503524184 ], [ 634953.71725759410765, 5189599.609338567592204 ], [ 634951.06440655561164, 5189612.123556694015861 ], [ 634943.601029611425474, 5189624.09594015404582 ], [ 634928.060938214301132, 5189632.96101016830653 ], [ 634917.085912016220391, 5189642.103771507740021 ], [ 634910.405976648908108, 5189651.519610675051808 ], [ 634899.889845880796202, 5189664.249984692782164 ], [ 634887.491844197036698, 5189664.16900472342968 ], [ 634873.090514254290611, 5189660.764064758084714 ], [ 634860.453068797010928, 5189658.889088838361204 ], [ 634849.504523757845163, 5189664.712460326962173 ], [ 634841.586936880717985, 5189671.057391175068915 ] ], [ [ 631107.7891321569914, 5189496.771845363080502 ], [ 631110.699514837935567, 5189496.151398470625281 ], [ 631114.36607054178603, 5189495.753830831497908 ], [ 631118.818452172214165, 5189495.009653326123953 ], [ 631123.964242214919068, 5189495.827179037034512 ], [ 631125.763797077699564, 5189498.197662798687816 ], [ 631123.560174081940204, 5189500.180038951337337 ], [ 631118.495242274366319, 5189501.663748354651034 ], [ 631113.539388783276081, 5189500.849454872310162 ], [ 631109.631597930565476, 5189498.383093410171568 ], [ 631107.7891321569914, 5189496.771845363080502 ] ], [ [ 635867.453517739311792, 5190514.936200345866382 ], [ 635863.662844446487725, 5190511.461843127384782 ], [ 635860.745270274230279, 5190507.802342827431858 ], [ 635858.973153987200931, 5190498.532634273171425 ], [ 635861.103188424487598, 5190494.999065894633532 ], [ 635868.791823864448816, 5190492.120077777653933 ], [ 635877.111611176514998, 5190493.871605417691171 ], [ 635884.335251075215638, 5190498.924303967505693 ], [ 635887.477855861652642, 5190504.637526311911643 ], [ 635889.141622653813101, 5190508.525662122294307 ], [ 635889.059367077890784, 5190511.594114235602319 ], [ 635886.165343005093746, 5190515.364674231037498 ], [ 635878.749548068735749, 5190517.488350242376328 ], [ 635873.667683558538556, 5190517.611849259585142 ], [ 635870.902073677862063, 5190516.774811811745167 ], [ 635867.453517739311792, 5190514.936200345866382 ] ] ] } }
]
}
