{
"type": "FeatureCollection",
"crs": { "type": "name", "properties": { "name": "urn:ogc:def:crs:EPSG::25832" } },
"features": [
{ "type": "Feature", "properties": { "id": 7022, "year": "2023", "name": "Gepatsch Ferner", "data_type": "aerial image", "src_date": "20230906", "source": "WMS Server Land Tirol", "image_ID1": "8761", "flightstr": "0039, 0040, 0041, 0042, 0043, 0044,0041", "state": "Tirol", "region": "Oetztaler Alpen", "url": "https://gis.tirol.gv.at/arcgis/services/Service_Public/orthofoto/MapServer/WMSSe", "analyst": "A. Hartig, M. V. Lauria", "img_qf": 0.0, "outline_qf": 1.0, "crevs": 1.0, "debris": 0.0, "comment": "still mostlly snow covered but mappable", "data_type2": "older aerial images & Pleiades Difference DGM + outlines kay helfricht", "source_2": null, "src_date_2": null, "ROGI": 0, "van_fragm": null, "nr_frag": 2, "median_elev": 3111.0, "max_elev": 3500.0, "min_elev": 2340.0, "area": 14644298 }, "geometry": { "type": "MultiPolygon", "coordinates": [ [ [ [ 635187.644774284563027, 5187283.181931690312922 ], [ 635177.854975162539631, 5187267.670284893363714 ], [ 635166.262228889507242, 5187264.827359810471535 ], [ 635159.827406175434589, 5187251.987465001642704 ], [ 635140.764767632586882, 5187239.523948878981173 ], [ 635122.646144029335119, 5187215.933494449593127 ], [ 635104.374534075031988, 5187201.33584152162075 ], [ 635092.378789489623159, 5187191.078085180372 ], [ 635080.287975792889483, 5187174.896915689110756 ], [ 635072.542150305584073, 5187163.653199886903167 ], [ 635070.45805524091702, 5187154.670320064760745 ], [ 634944.797906534513459, 5187105.500343189574778 ], [ 634929.276352061075158, 5187105.228238421492279 ], [ 634912.779408035799861, 5187097.000596988946199 ], [ 634902.359003436286002, 5187097.586730389855802 ], [ 634894.901133761974052, 5187104.114313154481351 ], [ 634872.424760307534598, 5187095.505468222312629 ], [ 634869.064785700757056, 5187094.218539115041494 ], [ 634867.747810738626868, 5187093.714114650152624 ], [ 634851.444995858008042, 5187095.586091423407197 ], [ 634837.163732263026759, 5187101.481176674365997 ], [ 634835.602340844227001, 5187097.482931004837155 ], [ 634820.559304127003998, 5187094.637358332984149 ], [ 634820.63849547074642, 5187089.982265467755497 ], [ 634817.858134226640686, 5187080.178237166255713 ], [ 634813.875431770924479, 5187076.956175761297345 ], [ 634798.081388717750087, 5187072.242708398960531 ], [ 634776.283491978887469, 5187072.083545162342489 ], [ 634759.223479324951768, 5187067.136885793879628 ], [ 634752.201245458098128, 5187069.345645281486213 ], [ 634741.099100358434953, 5187064.035245544277132 ], [ 634734.71876353060361, 5187064.349468128755689 ], [ 634711.254325641319156, 5187075.062254473567009 ], [ 634699.947606274159625, 5187086.511004345491529 ], [ 634678.680111576570198, 5187092.498895800672472 ], [ 634665.930414078407921, 5187095.456845236010849 ], [ 634652.059748583124019, 5187102.099709658883512 ], [ 634642.04244307463523, 5187099.264892277307808 ], [ 634636.313196083181538, 5187100.81588258035481 ], [ 634630.525320121087134, 5187092.674482402391732 ], [ 634633.818050144473091, 5187087.025409890338778 ], [ 634633.61840967007447, 5187081.098907354287803 ], [ 634627.79553492856212, 5187073.459595759399235 ], [ 634616.198533623828553, 5187063.920660608448088 ], [ 634608.810705670621246, 5187062.736699900589883 ], [ 634603.475835252902471, 5187065.291647887788713 ], [ 634594.33579785504844, 5187057.413025285117328 ], [ 634577.089451319072396, 5187061.138786659575999 ], [ 634569.746618900913745, 5187057.309888647869229 ], [ 634570.335467955912463, 5187053.479525953531265 ], [ 634572.364130617119372, 5187038.29403577838093 ], [ 634569.460273198550567, 5187036.816694092005491 ], [ 634567.566716898465529, 5187036.149512937292457 ], [ 634562.785641728783958, 5187043.476147119887173 ], [ 634559.785845968872309, 5187051.849033535458148 ], [ 634558.1358907854883, 5187055.52494902536273 ], [ 634549.607029760372825, 5187052.126208294183016 ], [ 634539.713826312683523, 5187048.943561455234885 ], [ 634527.872351350495592, 5187045.170419841073453 ], [ 634527.968800992006436, 5187043.842568001709878 ], [ 634525.889702791697346, 5187035.017207005992532 ], [ 634526.230882317759097, 5187027.403387469239533 ], [ 634519.893051916267723, 5187039.148318404331803 ], [ 634515.965556323295459, 5187046.066160049289465 ], [ 634511.758853895938955, 5187044.513003713451326 ], [ 634508.556132697267458, 5187046.151769768446684 ], [ 634502.792674418771639, 5187049.016910630278289 ], [ 634494.750617839628831, 5187049.320675059221685 ], [ 634493.454190079588443, 5187051.89184271171689 ], [ 634485.33239529223647, 5187067.40467138029635 ], [ 634479.62157628510613, 5187077.950572315603495 ], [ 634469.054662870359607, 5187099.549688268452883 ], [ 634455.203727794927545, 5187121.982889965176582 ], [ 634434.974382713669911, 5187145.517518835142255 ], [ 634387.39487531920895, 5187182.076167675666511 ], [ 634364.163464235840365, 5187198.100104701705277 ], [ 634345.496339135803282, 5187215.621614149771631 ], [ 634326.524570328416303, 5187230.478077366948128 ], [ 634301.384322837693617, 5187246.439537283033133 ], [ 634285.434763089986518, 5187257.971187326125801 ], [ 634271.427390435594134, 5187268.098752107471228 ], [ 634246.486773733398877, 5187283.493633294478059 ], [ 634220.957167452666909, 5187294.128740244545043 ], [ 634213.79553003096953, 5187299.360625241883099 ], [ 634211.06779670715332, 5187302.254357420839369 ], [ 634208.753794658463448, 5187318.585627181455493 ], [ 634203.704548345995136, 5187323.791128793731332 ], [ 634199.299662080127746, 5187329.999730040319264 ], [ 634195.522262067301199, 5187338.203281513415277 ], [ 634190.164897116366774, 5187342.080690662376583 ], [ 634189.312427493860014, 5187353.310414893552661 ], [ 634188.123716084985062, 5187364.865131347440183 ], [ 634192.902981877909042, 5187375.529240082018077 ], [ 634200.310308625455946, 5187387.230196628719568 ], [ 634210.603193084709346, 5187404.271645349450409 ], [ 634208.388881623744965, 5187417.793189604766667 ], [ 634202.000292561016977, 5187423.968041979707778 ], [ 634207.076425875071436, 5187436.62147771473974 ], [ 634212.528173085767776, 5187446.635603375732899 ], [ 634221.861713038524613, 5187481.188499896787107 ], [ 634215.113141387002543, 5187508.522832000628114 ], [ 634228.105960925691761, 5187541.81513481400907 ], [ 634220.568025826243684, 5187557.230384081602097 ], [ 634215.810019818483852, 5187564.75582576263696 ], [ 634213.613650242914446, 5187569.473293067887425 ], [ 634213.208838248276152, 5187581.577913303859532 ], [ 634209.739550697384402, 5187591.10955495480448 ], [ 634207.312736731721088, 5187597.682518942281604 ], [ 634211.368889933102764, 5187611.972166991792619 ], [ 634211.827630601008423, 5187623.885624218732119 ], [ 634211.350768474745564, 5187632.476038225926459 ], [ 634215.384421140537597, 5187648.088154296390712 ], [ 634217.580617804080248, 5187655.070482656359673 ], [ 634218.426222561858594, 5187663.68339613173157 ], [ 634215.046930643729866, 5187667.925167105160654 ], [ 634209.785184717620723, 5187666.182085132226348 ], [ 634203.496589479851536, 5187685.917850077152252 ], [ 634209.883932289900258, 5187699.255022386088967 ], [ 634210.678912124712951, 5187710.84348766412586 ], [ 634221.491328453761525, 5187732.281222448684275 ], [ 634231.836543967714533, 5187743.917210602201521 ], [ 634242.438129208399914, 5187749.085053275339305 ], [ 634262.901374766253866, 5187770.929522772319615 ], [ 634268.980598527821712, 5187782.938605769537389 ], [ 634277.67663272167556, 5187796.645773429423571 ], [ 634287.240768089191988, 5187817.643389202654362 ], [ 634292.60813203593716, 5187832.616776138544083 ], [ 634296.378660712158307, 5187844.255869033746421 ], [ 634285.714543411275372, 5187849.035123148933053 ], [ 634280.447172359097749, 5187847.622655412182212 ], [ 634259.531454278621823, 5187807.483698724769056 ], [ 634243.084362425957806, 5187795.225787192583084 ], [ 634224.207573444582522, 5187781.105420334264636 ], [ 634213.982088727410883, 5187779.650141903199255 ], [ 634184.126786214881577, 5187761.68061164394021 ], [ 634175.641566411592066, 5187747.249395587481558 ], [ 634160.781414401368238, 5187734.297238118946552 ], [ 634145.033236533636227, 5187726.885882555507123 ], [ 634134.880058811511844, 5187717.188641803339124 ], [ 634131.18260874832049, 5187701.251567289233208 ], [ 634113.955571129219607, 5187687.465386178344488 ], [ 634103.923790698172525, 5187670.626787154003978 ], [ 634101.033366487943567, 5187653.909786008298397 ], [ 634096.36699207406491, 5187648.274387720040977 ], [ 634094.229497943189926, 5187633.951271814294159 ], [ 634093.800557071575895, 5187612.513798614963889 ], [ 634094.232541880570352, 5187587.122380647808313 ], [ 634097.768156377831474, 5187584.34818072617054 ], [ 634097.258828087477013, 5187580.713205772452056 ], [ 634100.910600084345788, 5187565.950910862535238 ], [ 634096.216397677315399, 5187553.244388236664236 ], [ 634092.594523823237978, 5187543.440503761172295 ], [ 634074.239501420874149, 5187502.64905792567879 ], [ 634065.889167003682815, 5187480.283063221722841 ], [ 634049.901026942534372, 5187440.325548214837909 ], [ 634051.757966964389198, 5187424.48297430947423 ], [ 634058.510869006044231, 5187400.786610236391425 ], [ 634061.095557801658288, 5187396.698554297909141 ], [ 634069.930049388553016, 5187382.725538408383727 ], [ 634078.295011435518973, 5187370.629089891910553 ], [ 634077.264680077321827, 5187363.310444869101048 ], [ 634094.109689608681947, 5187353.853530771099031 ], [ 634106.333915726863779, 5187343.634041200391948 ], [ 634121.783776670112275, 5187337.893194807693362 ], [ 634128.774170824093744, 5187334.733289753086865 ], [ 634124.218394531053491, 5187335.273472721688449 ], [ 634109.206266625784338, 5187337.427034788765013 ], [ 634101.956435706932098, 5187335.68198305927217 ], [ 634080.58529900200665, 5187342.868013076484203 ], [ 634062.713900460163131, 5187359.463089902885258 ], [ 634044.694336693733931, 5187385.355155439116061 ], [ 634041.399834882817231, 5187391.215411740355194 ], [ 634033.836306493380107, 5187404.669407187029719 ], [ 634031.73803645640146, 5187409.358883472159505 ], [ 634013.805720373871736, 5187449.436260090209544 ], [ 634004.616839778842404, 5187481.138254071585834 ], [ 634000.457499783486128, 5187506.386157901026309 ], [ 633994.1369511091616, 5187532.887224888429046 ], [ 633988.959036118350923, 5187565.107430029660463 ], [ 633986.30186976515688, 5187624.900068048387766 ], [ 633978.19765105296392, 5187683.948067786172032 ], [ 633975.381382975494489, 5187740.589962853118777 ], [ 633965.209999133949168, 5187800.810925303027034 ], [ 633961.237000844907016, 5187831.561703533865511 ], [ 633954.30724185355939, 5187864.482058580964804 ], [ 633943.598715109401383, 5187900.867934935726225 ], [ 633931.328986800042912, 5187927.337770124897361 ], [ 633912.605834659771062, 5187951.677912625484169 ], [ 633892.452175755053759, 5187967.82414694968611 ], [ 633853.281453693402, 5187989.146531859412789 ], [ 633824.296051629818976, 5187999.669089108705521 ], [ 633776.526455241953954, 5188018.79557447321713 ], [ 633701.023867330513895, 5188048.252725643105805 ], [ 633609.535993651021272, 5188101.415501697920263 ], [ 633556.013658395502716, 5188127.110726797021925 ], [ 633490.85620667762123, 5188148.101323611102998 ], [ 633447.947004023590125, 5188155.830792454071343 ], [ 633379.745922332396731, 5188159.672820324078202 ], [ 633309.806893951375969, 5188163.32988502830267 ], [ 633251.255655064247549, 5188154.839178442023695 ], [ 633176.663939833990298, 5188141.203822202980518 ], [ 633132.538551233708858, 5188132.065316853113472 ], [ 633063.985781187424436, 5188137.603567675687373 ], [ 633007.958958215196617, 5188140.936370984651148 ], [ 632933.754961017519236, 5188150.43934141471982 ], [ 632901.357457083999179, 5188158.602434702217579 ], [ 632874.94037123885937, 5188166.880279299803078 ], [ 632829.726244889665395, 5188174.910497542470694 ], [ 632790.113958276691847, 5188192.805481925606728 ], [ 632756.425049244076945, 5188200.491821471601725 ], [ 632714.246452559018508, 5188204.073933018371463 ], [ 632685.942638761946, 5188201.840455346740782 ], [ 632658.390222833259031, 5188200.715501226484776 ], [ 632640.651522820349783, 5188200.944356200285256 ], [ 632605.341529213008471, 5188202.506152544170618 ], [ 632582.575920415227301, 5188205.473318186588585 ], [ 632557.679393373429775, 5188211.469454360194504 ], [ 632524.835084314923733, 5188222.409975487738848 ], [ 632477.063459800672717, 5188237.356272014789283 ], [ 632423.839296760968864, 5188270.688745570369065 ], [ 632355.030116997892037, 5188304.95596668869257 ], [ 632308.02812225476373, 5188328.596747814677656 ], [ 632265.736813318450004, 5188346.663297506049275 ], [ 632220.148919151513837, 5188366.597342326305807 ], [ 632185.320440981769934, 5188379.553963374346495 ], [ 632162.700229280861095, 5188390.643924389965832 ], [ 632138.319641903508455, 5188403.131249497644603 ], [ 632108.600376952672377, 5188420.366157498210669 ], [ 632070.154445602907799, 5188437.957748811691999 ], [ 632036.459091589669697, 5188454.994105082936585 ], [ 632001.642136749112979, 5188474.103053566999733 ], [ 631978.203161487355828, 5188487.715226196683943 ], [ 631953.576901992666535, 5188503.064193729311228 ], [ 631932.656589230638929, 5188517.821954986080527 ], [ 631910.946778361452743, 5188535.256225375458598 ], [ 631890.754979866091162, 5188549.587604726664722 ], [ 631864.343414263334125, 5188566.171413943171501 ], [ 631836.204127790988423, 5188579.74179632589221 ], [ 631808.228451104369015, 5188594.274904860183597 ], [ 631776.415002891910262, 5188610.388613821007311 ], [ 631756.868030681042001, 5188618.569515697658062 ], [ 631730.061310078715906, 5188632.57254112418741 ], [ 631698.268380141351372, 5188641.081037345342338 ], [ 631684.018653428298421, 5188647.578175698406994 ], [ 631651.220615955302492, 5188657.900759955868125 ], [ 631624.380679603549652, 5188664.271461111493409 ], [ 631574.155418023583479, 5188676.042703821323812 ], [ 631486.428588829236105, 5188693.513153993524611 ], [ 631378.329009399865754, 5188709.142726754769683 ], [ 631327.976519940770231, 5188721.805138310417533 ], [ 631319.141604201635346, 5188729.764323703944683 ], [ 631315.400197868933901, 5188747.489604275673628 ], [ 631313.479634874034673, 5188763.395977675914764 ], [ 631302.331228979630396, 5188787.434838010929525 ], [ 631291.586081978632137, 5188818.920116679742932 ], [ 631276.399105710210279, 5188847.384386177174747 ], [ 631254.301312468480319, 5188881.961686909198761 ], [ 631232.197305004810914, 5188913.525157678872347 ], [ 631187.82690070476383, 5188973.449216537177563 ], [ 631173.966811642749235, 5188988.240869824774563 ], [ 631153.633369522634894, 5189006.431358537636697 ], [ 631125.814453109051101, 5189033.496329708956182 ], [ 631085.001285013975576, 5189065.487370043992996 ], [ 631048.347755962866358, 5189090.57460604980588 ], [ 631019.093663922743872, 5189103.845969836227596 ], [ 630991.310741936555132, 5189122.332053932361305 ], [ 630935.828634921112098, 5189153.79597164131701 ], [ 630908.28320031426847, 5189178.975085750222206 ], [ 630896.672916971961968, 5189191.114268999546766 ], [ 630885.45568668062333, 5189206.44554759003222 ], [ 630878.960722664254718, 5189225.563860217109323 ], [ 630884.047893511480652, 5189290.936482672579587 ], [ 630888.915173417888582, 5189327.269519581459463 ], [ 630889.334356208448298, 5189348.122993218712509 ], [ 630891.121283491258509, 5189386.491085502319038 ], [ 630893.168819381622598, 5189419.533935093320906 ], [ 630902.73597341182176, 5189451.984794518910348 ], [ 630913.433822848135605, 5189480.865114061161876 ], [ 630916.29819614358712, 5189508.8021758235991 ], [ 630914.251633674488403, 5189535.395440613850951 ], [ 630914.064012635615654, 5189542.322501932270825 ], [ 630918.781544403522275, 5189573.828518498688936 ], [ 630922.418074973393232, 5189575.918536604382098 ], [ 630941.755756173748523, 5189590.235522849485278 ], [ 630972.806214705458842, 5189610.957722507417202 ], [ 631001.036747506819665, 5189642.643873417750001 ], [ 631023.233987097395584, 5189661.441921366378665 ], [ 631051.478162859450094, 5189684.012259100563824 ], [ 631079.740900887874886, 5189698.852379287593067 ], [ 631096.43494413420558, 5189708.721008346416056 ], [ 631110.174586686305702, 5189715.691629869863391 ], [ 631116.897345415316522, 5189720.195360279642045 ], [ 631119.207666135742329, 5189722.776700279675424 ], [ 631121.344640713301487, 5189719.409584573470056 ], [ 631129.285347905009985, 5189721.360797034576535 ], [ 631132.624784860061482, 5189720.756208459846675 ], [ 631133.179313207278028, 5189721.968242580071092 ], [ 631134.027724074316211, 5189723.822616542689502 ], [ 631134.808159840991721, 5189723.306762154214084 ], [ 631137.4845826436067, 5189721.500334014184773 ], [ 631137.998939914861694, 5189721.926373685710132 ], [ 631138.658574962290004, 5189723.769141728058457 ], [ 631140.093487564008683, 5189723.661277477629483 ], [ 631144.899345583980903, 5189721.097384537570179 ], [ 631145.606043728301302, 5189722.715162131004035 ], [ 631147.756522804382257, 5189725.511381614953279 ], [ 631149.246965585509315, 5189727.322580764070153 ], [ 631150.342921782983467, 5189728.994782402180135 ], [ 631151.501624938216992, 5189730.866477934643626 ], [ 631151.488121340051293, 5189731.659952275454998 ], [ 631152.54946305998601, 5189731.479588493704796 ], [ 631153.403433793922886, 5189731.824831703677773 ], [ 631154.798765741405077, 5189731.451725830323994 ], [ 631156.042721864534542, 5189732.20045802090317 ], [ 631158.001651200698689, 5189733.688920013606548 ], [ 631157.513343494734727, 5189735.975567411631346 ], [ 631165.1360178621253, 5189739.895692858844995 ], [ 631166.564774097525515, 5189740.630461724475026 ], [ 631184.15216959035024, 5189749.206276097334921 ], [ 631187.72132868738845, 5189750.795174143277109 ], [ 631189.988285074010491, 5189750.768783745355904 ], [ 631190.274157314328477, 5189749.516950459219515 ], [ 631192.662457765662111, 5189749.094601285643876 ], [ 631193.479563571861945, 5189747.719524679705501 ], [ 631194.696782506536692, 5189746.152831259183586 ], [ 631196.807087867055088, 5189746.519455291330814 ], [ 631198.94665110274218, 5189745.166884696111083 ], [ 631201.898818944231607, 5189742.703728932887316 ], [ 631204.476485659368336, 5189742.813738582655787 ], [ 631208.758718165336177, 5189743.81260341592133 ], [ 631211.200763269793242, 5189744.118731080554426 ], [ 631212.592719523701817, 5189743.94399381428957 ], [ 631212.898577242391184, 5189745.404323508962989 ], [ 631216.900564095703885, 5189747.32440740801394 ], [ 631223.409593727672473, 5189749.617867222987115 ], [ 631224.783545176265761, 5189750.501095956191421 ], [ 631224.220803066040389, 5189752.47577975038439 ], [ 631224.18141743238084, 5189754.790080348029733 ], [ 631222.759077920927666, 5189756.750135182403028 ], [ 631222.673824871191755, 5189757.873098733834922 ], [ 631221.388125629979186, 5189758.254257758148015 ], [ 631217.52074183721561, 5189757.520833477377892 ], [ 631217.020746664493345, 5189759.695011157542467 ], [ 631219.171292988117784, 5189761.583586665801704 ], [ 631221.084355142666027, 5189761.880712012760341 ], [ 631223.423412491451018, 5189760.465394470840693 ], [ 631225.906823837314732, 5189762.227350795641541 ], [ 631226.358816736610606, 5189762.954690241254866 ], [ 631226.351191417081282, 5189762.963234039954841 ], [ 631228.562721788883209, 5189765.51350917108357 ], [ 631235.460026629967615, 5189760.53795422334224 ], [ 631237.973551153903827, 5189764.416967956349254 ], [ 631235.609736973885447, 5189767.28698879852891 ], [ 631236.718071608338505, 5189768.231839270330966 ], [ 631234.789255093433894, 5189768.860434143804014 ], [ 631235.56503521068953, 5189770.196152406744659 ], [ 631242.960390870226547, 5189772.713255999609828 ], [ 631247.048659580759704, 5189773.571887291036546 ], [ 631252.237817960558459, 5189769.620375202968717 ], [ 631258.889221562072635, 5189771.320980281569064 ], [ 631259.02782077039592, 5189772.492396806366742 ], [ 631260.543418906163424, 5189771.282990079373121 ], [ 631264.914280957891606, 5189770.96052304469049 ], [ 631266.973092773114331, 5189770.466424509882927 ], [ 631269.147270758869126, 5189770.966419807635248 ], [ 631269.802873056381941, 5189771.308287288062274 ], [ 631269.306253662216477, 5189773.284096580930054 ], [ 631268.802882413612679, 5189775.656643161550164 ], [ 631269.910225288826041, 5189778.306738262064755 ], [ 631276.829878386110067, 5189779.481893172487617 ], [ 631311.503426661132835, 5189783.212496474385262 ], [ 631332.910067896009423, 5189786.325941274873912 ], [ 631367.616522283526137, 5189802.095492742955685 ], [ 631381.552782294456847, 5189811.262338455766439 ], [ 631404.149106128024869, 5189824.326144775375724 ], [ 631423.232360198860988, 5189838.170115461573005 ], [ 631439.971625749254599, 5189852.84414464328438 ], [ 631450.554305786034092, 5189863.631421381607652 ], [ 631456.602126816869713, 5189869.796189525164664 ], [ 631468.75082394911442, 5189886.575966957956553 ], [ 631476.254518452915363, 5189906.603497171774507 ], [ 631476.589759427704848, 5189909.999559094198048 ], [ 631480.260350232478231, 5189911.345436682924628 ], [ 631481.714495642343536, 5189912.957594078034163 ], [ 631483.473427345394157, 5189915.31572974100709 ], [ 631483.776413109153509, 5189916.167504666373134 ], [ 631481.963465498061851, 5189916.983268971554935 ], [ 631483.423012484912761, 5189918.278036391362548 ], [ 631482.971017309231684, 5189919.963580925948918 ], [ 631482.216036378056742, 5189920.797350534237921 ], [ 631482.289423468988389, 5189922.703491050750017 ], [ 631484.157752853003331, 5189924.851833961904049 ], [ 631485.825292093795724, 5189926.361795820295811 ], [ 631485.703290625941008, 5189927.312165282666683 ], [ 631486.874256122624502, 5189926.908784484490752 ], [ 631488.136614024057053, 5189927.353577554225922 ], [ 631489.389969262178056, 5189928.327353972941637 ], [ 631490.835111964959651, 5189930.46849480830133 ], [ 631491.559483849676326, 5189931.433268568478525 ], [ 631493.677217806340195, 5189931.363482587970793 ], [ 631494.932373584597372, 5189932.231462356634438 ], [ 631496.843915819306858, 5189931.840685308910906 ], [ 631497.037503814557567, 5189932.902253077365458 ], [ 631500.620186404790729, 5189933.809844633564353 ], [ 631503.616703430656344, 5189931.850122875533998 ], [ 631504.125880914973095, 5189933.022888933308423 ], [ 631502.633924270165153, 5189933.632461469620466 ], [ 631504.183063131058589, 5189935.881199600175023 ], [ 631505.224825050681829, 5189936.851375008001924 ], [ 631509.024502662825398, 5189937.445177679881454 ], [ 631508.475713384570554, 5189938.599938391707838 ], [ 631510.041057072812691, 5189939.896506519056857 ], [ 631511.30161449778825, 5189940.447096336632967 ], [ 631511.508815260138363, 5189939.15423802472651 ], [ 631513.143882954143919, 5189940.240338153205812 ], [ 631514.448336040833965, 5189941.320811606012285 ], [ 631516.160780026460998, 5189941.746807870455086 ], [ 631517.300352516584098, 5189944.742595405317843 ], [ 631518.602554928744212, 5189945.955314730294049 ], [ 631518.457930378732271, 5189946.680416201241314 ], [ 631520.116630157455802, 5189946.377935009077191 ], [ 631521.863687652279623, 5189948.656498469412327 ], [ 631526.102034861571155, 5189952.234160313382745 ], [ 631526.845626845955849, 5189954.673509636893868 ], [ 631526.202499213861302, 5189957.990230655297637 ], [ 631525.613872850197367, 5189961.485742879100144 ], [ 631527.456312033580616, 5189962.046235760673881 ], [ 631528.161157421185635, 5189963.381072962656617 ], [ 631527.469543996267021, 5189965.155138509348035 ], [ 631526.906800394877791, 5189967.129823489114642 ], [ 631527.263025692664087, 5189969.517000772058964 ], [ 631528.635852350271307, 5189970.466353856958449 ], [ 631530.346797580597922, 5189972.081420635804534 ], [ 631533.109704473637976, 5189971.865335516631603 ], [ 631534.665145146776922, 5189973.743785589002073 ], [ 631536.229588550748304, 5189975.093252281658351 ], [ 631538.984244637889788, 5189976.462975140661001 ], [ 631542.56838680896908, 5189975.73026847653091 ], [ 631545.458664819714613, 5189976.903873263858259 ], [ 631547.740332384128124, 5189978.86082511022687 ], [ 631550.076869457494467, 5189981.480131587013602 ], [ 631553.871486999560148, 5189983.925826868973672 ], [ 631556.316910050925799, 5189984.033587483689189 ], [ 631558.224346927367151, 5189984.661328791640699 ], [ 631561.266854729619808, 5189988.549349805340171 ], [ 631564.610990601009689, 5189990.259815584868193 ], [ 631568.896602357970551, 5189991.0603151852265 ], [ 631571.829371209722012, 5189993.623627052642405 ], [ 631575.41886801016517, 5189996.462684127502143 ], [ 631576.764686479000375, 5189998.998987771570683 ], [ 631579.568585505243391, 5190001.361680254340172 ], [ 631580.719411194208078, 5190003.69623910728842 ], [ 631583.648804008378647, 5190006.457919930107892 ], [ 631585.196367283817381, 5190008.79923090711236 ], [ 631587.498291175230406, 5190009.565970331430435 ], [ 631589.503088253433816, 5190012.245773443952203 ], [ 631596.43897180154454, 5190016.663051081821322 ], [ 631599.078262516064569, 5190017.038679702207446 ], [ 631601.016083960072137, 5190015.881101982668042 ], [ 631604.898206336423755, 5190017.071587458252907 ], [ 631606.098547353874892, 5190016.49673730507493 ], [ 631607.73586592101492, 5190017.450592135079205 ], [ 631610.886134637403302, 5190018.893190554343164 ], [ 631613.598300478886813, 5190018.873206930235028 ], [ 631619.056120031513274, 5190020.751930244266987 ], [ 631620.088204033789225, 5190022.290763423778117 ], [ 631620.500423870398663, 5190025.274173110723495 ], [ 631620.404344939743169, 5190028.053169757127762 ], [ 631624.655439717345871, 5190029.732312981970608 ], [ 631629.485517703462392, 5190033.518473596312106 ], [ 631636.205300072440878, 5190035.087964167818427 ], [ 631638.946452412288636, 5190037.251163075678051 ], [ 631640.602629202418029, 5190040.983306975103915 ], [ 631651.625757008558139, 5190046.197709975764155 ], [ 631657.10581107926555, 5190050.656354037113488 ], [ 631670.880252781091258, 5190072.982244152575731 ], [ 631681.689562575542368, 5190090.76000864803791 ], [ 631689.514031211147085, 5190097.375101078301668 ], [ 631694.052608812926337, 5190102.74371247831732 ], [ 631696.625503635732457, 5190107.020595869980752 ], [ 631702.712769658304751, 5190114.664396601729095 ], [ 631710.066773701692, 5190117.832093354314566 ], [ 631719.881683323998004, 5190124.084210058674216 ], [ 631722.064592549810186, 5190127.957603917457163 ], [ 631725.982453784556128, 5190130.934536023065448 ], [ 631732.999942684080452, 5190138.329601022414863 ], [ 631745.056280968943611, 5190145.016718925908208 ], [ 631751.222322982153855, 5190148.031913973391056 ], [ 631760.52905399131123, 5190145.280055610463023 ], [ 631766.637124772183597, 5190143.928884528577328 ], [ 631784.802082842914388, 5190141.460071463137865 ], [ 631795.424521743087098, 5190139.127457909286022 ], [ 631806.526428420562297, 5190139.713257825933397 ], [ 631811.854528662282974, 5190137.555106434971094 ], [ 631816.904632645309903, 5190136.185929152183235 ], [ 631825.792119883466512, 5190134.749777301214635 ], [ 631833.314931327709928, 5190127.999029397964478 ], [ 631844.971128346049227, 5190119.33436472620815 ], [ 631848.721280456404202, 5190116.620220262557268 ], [ 631856.331323380116373, 5190112.516641456633806 ], [ 631868.805207477882504, 5190110.215536951087415 ], [ 631881.833697659079917, 5190106.936148745007813 ], [ 631889.577106151613407, 5190099.660016677342355 ], [ 631896.926136821275577, 5190090.68393362313509 ], [ 631907.140246066730469, 5190087.47129235509783 ], [ 631926.825649895938113, 5190087.383012819103897 ], [ 631935.622550970991142, 5190092.824100646190345 ], [ 631945.28743345674593, 5190097.010031924583018 ], [ 631952.100766893243417, 5190107.073768449015915 ], [ 631947.800473055802286, 5190111.022023038007319 ], [ 631941.785823570215143, 5190116.211029595695436 ], [ 631945.748482790309936, 5190119.664949064143002 ], [ 631951.834280193084851, 5190122.731693205423653 ], [ 631947.756383318221197, 5190126.048768072389066 ], [ 631953.558563513797708, 5190133.343782721087337 ], [ 631951.166212821262889, 5190137.112854107283056 ], [ 631953.195720214047469, 5190142.227111817337573 ], [ 631958.230752000818029, 5190144.852663259021938 ], [ 631959.209493776783347, 5190149.525727985426784 ], [ 631956.612751698121428, 5190152.868010972626507 ], [ 631961.069744871114381, 5190164.584884220734239 ], [ 631965.361959807341918, 5190173.547439920715988 ], [ 631974.714414775720797, 5190183.654392747208476 ], [ 631976.51973724400159, 5190196.966462117619812 ], [ 631980.618364119669423, 5190204.867449331097305 ], [ 631980.883097545942292, 5190214.184769820421934 ], [ 631982.410019447095692, 5190221.362447306513786 ], [ 631975.386557447491214, 5190241.784121886827052 ], [ 631968.832788204075769, 5190264.781441074796021 ], [ 631941.586479071527719, 5190296.670122409239411 ], [ 631909.706537029938772, 5190268.910434263758361 ], [ 631896.142314560478553, 5190251.219549966044724 ], [ 631900.62861465383321, 5190221.175517136231065 ], [ 631896.387520982185379, 5190212.856329753063619 ], [ 631893.151365035679191, 5190217.476582325063646 ], [ 631880.906508460640907, 5190214.093358031474054 ], [ 631870.994813492521644, 5190213.527812807820737 ], [ 631861.130384806543589, 5190210.18510256242007 ], [ 631856.10108587576542, 5190202.559303435496986 ], [ 631850.527936500962824, 5190200.325171310454607 ], [ 631857.564853690681048, 5190190.642835900187492 ], [ 631850.144865404581651, 5190191.842474690638483 ], [ 631849.621545561007224, 5190186.575505930930376 ], [ 631828.00579561968334, 5190175.158706495538354 ], [ 631822.165356681449339, 5190175.502152563072741 ], [ 631819.023864805465564, 5190173.543792971409857 ], [ 631813.92041214206256, 5190174.938518668524921 ], [ 631814.719970548292622, 5190177.703639042563736 ], [ 631811.535264306119643, 5190178.284401500597596 ], [ 631808.386570122092962, 5190176.749228934757411 ], [ 631804.847099759848788, 5190173.302512498572469 ], [ 631801.681766187073663, 5190170.935576977208257 ], [ 631797.903809624956921, 5190171.011154994368553 ], [ 631794.559557384578511, 5190165.535351964645088 ], [ 631788.385344873182476, 5190164.93986345641315 ], [ 631761.033558794530109, 5190172.364892810583115 ], [ 631761.091521119931713, 5190176.71462609898299 ], [ 631760.429626571829431, 5190182.354766615666449 ], [ 631758.646167699247599, 5190184.54678815882653 ], [ 631759.226930032367818, 5190187.731493903324008 ], [ 631756.617584704072215, 5190191.814352140761912 ], [ 631751.270549413864501, 5190201.83400577493012 ], [ 631741.329140181886032, 5190211.351243505254388 ], [ 631734.974491058732383, 5190213.349967586807907 ], [ 631735.6374104389688, 5190221.342784952372313 ], [ 631732.600342340650968, 5190227.878711400553584 ], [ 631724.628832472721115, 5190236.10255229473114 ], [ 631711.375880142208189, 5190236.908932314254344 ], [ 631710.507839564350434, 5190235.070479338057339 ], [ 631703.386609710752964, 5190241.546784567646682 ], [ 631694.833280636696145, 5190240.448764039203525 ], [ 631691.857802456244826, 5190237.626681368798018 ], [ 631680.466726367012598, 5190240.901607267558575 ], [ 631688.118726145941764, 5190279.189906656742096 ], [ 631684.586949231801555, 5190300.162985377013683 ], [ 631677.579065507045016, 5190315.520964614115655 ], [ 631670.622263579512946, 5190327.156926527619362 ], [ 631673.352519167587161, 5190335.30519600585103 ], [ 631674.824678902514279, 5190342.076746175996959 ], [ 631680.434725065832026, 5190346.66989123634994 ], [ 631686.206277660792693, 5190349.546090565621853 ], [ 631691.861340073985048, 5190351.494317893870175 ], [ 631694.073507465422153, 5190353.648516024462879 ], [ 631691.396526134805754, 5190363.259701224975288 ], [ 631695.249705340713263, 5190393.353797219693661 ], [ 631699.274498386657797, 5190405.59244639147073 ], [ 631701.555888251634315, 5190411.451780929230154 ], [ 631708.716229438199662, 5190417.420634285546839 ], [ 631713.877040796563961, 5190418.201859320513904 ], [ 631718.333885815809481, 5190418.09524947591126 ], [ 631730.923778361757286, 5190424.756327121518552 ], [ 631745.645287641556934, 5190430.298257074318826 ], [ 631753.360352111863904, 5190431.376437453553081 ], [ 631771.913297884631902, 5190456.937618807889521 ], [ 631766.184831089805812, 5190472.143408523872495 ], [ 631765.846683760988526, 5190478.373888647183776 ], [ 631768.942301514209248, 5190486.01644866541028 ], [ 631770.956947882426903, 5190492.003528886474669 ], [ 631770.344682491500862, 5190496.887624630704522 ], [ 631773.05207036214415, 5190501.034516280516982 ], [ 631776.62496127653867, 5190500.963043549098074 ], [ 631777.228223301004618, 5190496.607931439764798 ], [ 631782.235561767476611, 5190497.751431435346603 ], [ 631785.785944184637628, 5190499.002417938783765 ], [ 631797.549079695832916, 5190499.599482114426792 ], [ 631804.706116284127347, 5190498.795306919142604 ], [ 631821.701122416416183, 5190495.116038573905826 ], [ 631832.090029791695997, 5190498.73225081898272 ], [ 631834.539678741828538, 5190502.477903577499092 ], [ 631829.84524074755609, 5190514.039017328992486 ], [ 631826.85029710852541, 5190519.014844128862023 ], [ 631828.313450817251578, 5190526.315381338819861 ], [ 631826.82948413840495, 5190528.009819041006267 ], [ 631829.700630179257132, 5190530.307519155554473 ], [ 631830.311785349156708, 5190541.032945747487247 ], [ 631826.998095429036766, 5190544.644779426045716 ], [ 631823.970154412090778, 5190546.158063723705709 ], [ 631824.452320000389591, 5190548.917782788164914 ], [ 631827.086434691911563, 5190549.597580798901618 ], [ 631831.389888401376083, 5190551.681547845713794 ], [ 631833.600816100253724, 5190552.354143091477454 ], [ 631835.475789384101517, 5190550.788232518360019 ], [ 631857.290162469493225, 5190548.319648684933782 ], [ 631868.02764300792478, 5190552.956214897334576 ], [ 631869.221912380307913, 5190554.865321091376245 ], [ 631873.924415768356994, 5190555.502508502453566 ], [ 631877.110575273516588, 5190556.878328463993967 ], [ 631884.623223109636456, 5190557.773142765276134 ], [ 631886.254747550236061, 5190561.399044155143201 ], [ 631886.215438695973717, 5190563.438426489010453 ], [ 631891.797937827417627, 5190572.718153071589768 ], [ 631889.748752775602043, 5190573.734494076110423 ], [ 631887.844410876277834, 5190573.702081355266273 ], [ 631885.728172219591215, 5190575.562136626802385 ], [ 631883.354269811417907, 5190572.029427015222609 ], [ 631878.684806277742609, 5190572.79657007008791 ], [ 631872.663393999333493, 5190572.164945974014699 ], [ 631864.122667190851644, 5190570.326340554282069 ], [ 631859.962379942415282, 5190572.266251511871815 ], [ 631858.794569168821909, 5190578.701846906915307 ], [ 631857.502954435884021, 5190586.193609176203609 ], [ 631856.408972598146647, 5190588.291537288576365 ], [ 631854.749992712168023, 5190592.496397049166262 ], [ 631856.449053153279237, 5190604.589640600606799 ], [ 631859.511311700334772, 5190611.203061257489026 ], [ 631866.79463646619115, 5190618.523291340097785 ], [ 631868.881359319668263, 5190619.066969136707485 ], [ 631873.409412650275044, 5190621.599046037532389 ], [ 631877.198288394021802, 5190622.827636360190809 ], [ 631882.271131165907718, 5190623.231461218558252 ], [ 631888.233565444475971, 5190621.110569377429783 ], [ 631901.440591745893471, 5190617.794816706329584 ], [ 631902.470599885447882, 5190616.87839590292424 ], [ 631903.688163164420985, 5190616.846205774694681 ], [ 631904.203191475360654, 5190617.675134357064962 ], [ 631905.160256647970527, 5190618.513320039026439 ], [ 631905.493688420276158, 5190619.575536074116826 ], [ 631909.051098184660077, 5190620.176861006766558 ], [ 631909.555609831120819, 5190620.306093602441251 ], [ 631910.835975475143641, 5190619.69292158447206 ], [ 631913.275646265246905, 5190620.639206070452929 ], [ 631915.104988700943068, 5190620.691572496667504 ], [ 631915.300345493946224, 5190621.279161685146391 ], [ 631914.062104192213155, 5190622.896197964437306 ], [ 631914.676176581881009, 5190624.12366520985961 ], [ 631916.997854988556355, 5190623.510552948340774 ], [ 631917.914683024166152, 5190623.490908124484122 ], [ 631918.248730023391545, 5190622.517690096050501 ], [ 631920.060330498265103, 5190621.781275698915124 ], [ 631920.235232142615132, 5190620.831805778667331 ], [ 631919.458521400112659, 5190620.431183068081737 ], [ 631919.369272817042656, 5190618.859259279444814 ], [ 631919.857963357819244, 5190618.126785072498024 ], [ 631920.462354630348273, 5190616.81422930303961 ], [ 631920.4265630627051, 5190615.80825955979526 ], [ 631921.464045394444838, 5190613.921024379320443 ], [ 631921.055264013586566, 5190613.067447285167873 ], [ 631922.616328090894967, 5190611.506606016308069 ], [ 631923.12032471341081, 5190609.874859176576138 ], [ 631921.804167459718883, 5190609.482061493210495 ], [ 631920.538657706929371, 5190609.222410146147013 ], [ 631917.789291966124438, 5190609.096243943087757 ], [ 631917.108815765473992, 5190608.661352173425257 ], [ 631916.962725607445464, 5190607.918073661625385 ], [ 631918.086305850767531, 5190607.022982141003013 ], [ 631917.431830973713659, 5190605.22745871823281 ], [ 631917.435321835451759, 5190603.645321265794337 ], [ 631917.150004754541442, 5190603.132570234127343 ], [ 631914.982521317549981, 5190603.016307999379933 ], [ 631914.440229288302362, 5190601.976160454563797 ], [ 631912.243836728972383, 5190601.038839317858219 ], [ 631911.097752306493931, 5190601.204034762457013 ], [ 631910.094045894686133, 5190600.121405703946948 ], [ 631908.919071376789361, 5190599.619979652576149 ], [ 631908.424400276853703, 5190598.602259477600455 ], [ 631908.462275797734037, 5190598.260275885462761 ], [ 631909.280970002175309, 5190596.027253728359938 ], [ 631909.457531922264025, 5190595.368837498128414 ], [ 631910.024641805444844, 5190595.080850354395807 ], [ 631909.736091932631098, 5190594.546801974065602 ], [ 631909.61480667325668, 5190593.308915900066495 ], [ 631910.039101921836846, 5190591.899659538641572 ], [ 631910.7864598587621, 5190591.125288466922939 ], [ 631912.019301382359117, 5190590.584063819609582 ], [ 631914.99569722963497, 5190589.734993869438767 ], [ 631915.63664985797368, 5190589.455074268393219 ], [ 631920.728400619002059, 5190588.748032572679222 ], [ 631924.451826676959172, 5190586.82714276202023 ], [ 631926.952822185005061, 5190585.613010158762336 ], [ 631929.039072670508176, 5190585.450092670507729 ], [ 631931.466629830072634, 5190584.664634024724364 ], [ 631932.086920123780146, 5190585.138186652213335 ], [ 631932.274597377050668, 5190585.769731380045414 ], [ 631932.599272348918021, 5190586.261772597208619 ], [ 631934.279085649643093, 5190585.909949009306729 ], [ 631935.098753395257518, 5190586.942216272465885 ], [ 631937.596935360692441, 5190585.893391105346382 ], [ 631938.972714658128098, 5190584.726248901337385 ], [ 631940.869599780649878, 5190584.030971157364547 ], [ 631941.274778554565273, 5190583.5418014023453 ], [ 631942.062064509023912, 5190583.918983170762658 ], [ 631942.66786314570345, 5190583.300943761132658 ], [ 631942.716680849553086, 5190582.375784622505307 ], [ 631945.13199728471227, 5190580.366487889550626 ], [ 631946.047726765740663, 5190578.803336899727583 ], [ 631947.202053063432686, 5190577.874223751947284 ], [ 631946.974715651012957, 5190577.024602336809039 ], [ 631946.984844632796012, 5190576.429495414718986 ], [ 631947.715011152089573, 5190576.276567799039185 ], [ 631948.611047876649536, 5190576.0933923041448 ], [ 631949.032484764116816, 5190576.400915754958987 ], [ 631949.921690581832081, 5190576.810192557051778 ], [ 631950.357679967652075, 5190576.453831478022039 ], [ 631950.669864183058962, 5190575.599297092296183 ], [ 631950.872810690663755, 5190574.919643914327025 ], [ 631951.996964856050909, 5190573.406123005785048 ], [ 631952.346149610937573, 5190572.320720851421356 ], [ 631953.025386607507244, 5190571.274007402360439 ], [ 631953.663684016559273, 5190570.689592179842293 ], [ 631955.017109174281359, 5190570.738036838360131 ], [ 631955.872614367865026, 5190571.090970919467509 ], [ 631956.386543883942068, 5190570.041443863883615 ], [ 631956.535926950164139, 5190569.564161556772888 ], [ 631957.757258717902005, 5190569.171855010092258 ], [ 631959.398655453696847, 5190567.94309146143496 ], [ 631959.846958263893612, 5190567.277166035026312 ], [ 631965.39330868050456, 5190566.649523618631065 ], [ 631970.751565493876114, 5190568.05637273658067 ], [ 631972.301080344710499, 5190567.666630012914538 ], [ 631972.504880587919615, 5190568.516718300059438 ], [ 631972.850197835825384, 5190573.731495349667966 ], [ 631972.797731969505548, 5190574.558535728603601 ], [ 631972.22103496582713, 5190574.312553708441556 ], [ 631971.655050451052375, 5190574.534417932853103 ], [ 631971.111435732105747, 5190575.385013323277235 ], [ 631971.088364163064398, 5190576.740534709766507 ], [ 631970.90561231225729, 5190577.762627521529794 ], [ 631970.856231894111261, 5190578.720848221331835 ], [ 631970.90884957567323, 5190579.515449601225555 ], [ 631972.706617232062854, 5190581.390974373556674 ], [ 631976.826596927130595, 5190581.879911492578685 ], [ 631979.979801863548346, 5190582.844664542935789 ], [ 631982.353477123309858, 5190583.281918491236866 ], [ 631982.515223823371343, 5190582.692973623052239 ], [ 631982.874722086125985, 5190581.80259190313518 ], [ 631984.463362207636237, 5190581.73041804227978 ], [ 631985.536947308923118, 5190582.773894311860204 ], [ 631985.892182972282171, 5190583.276006726548076 ], [ 631986.148194488603622, 5190584.011355647817254 ], [ 631986.459716588258743, 5190584.906149153597653 ], [ 631988.652890890836716, 5190586.233249974437058 ], [ 631991.753919190494344, 5190586.682883840985596 ], [ 631992.399476366117597, 5190586.513362953439355 ], [ 631994.255901460535824, 5190587.353819211013615 ], [ 631995.67360690573696, 5190587.609446756541729 ], [ 631997.698236527270637, 5190587.180911814793944 ], [ 631999.523371710791253, 5190586.81512354593724 ], [ 632002.614972922485322, 5190585.875611712224782 ], [ 632003.116066393442452, 5190585.19222385622561 ], [ 632004.288503221585415, 5190585.090547453612089 ], [ 632007.72153929551132, 5190579.63492823112756 ], [ 632011.311427792767063, 5190580.119339554570615 ], [ 632020.445967258070596, 5190578.158264458179474 ], [ 632024.075471458723769, 5190576.315146063454449 ], [ 632022.630330311949365, 5190574.174000049009919 ], [ 632025.173944798065349, 5190561.517998951487243 ], [ 632022.674436897854321, 5190559.147252338007092 ], [ 632022.498857348924503, 5190557.027714822441339 ], [ 632024.876806798041798, 5190554.105019739829004 ], [ 632032.748987529426813, 5190551.699148335494101 ], [ 632039.096796197118238, 5190551.807190449908376 ], [ 632045.562562054954469, 5190557.420268141664565 ], [ 632049.733210692298599, 5190561.089387889951468 ], [ 632056.095425257924944, 5190560.35105564724654 ], [ 632061.34565061237663, 5190562.768620797432959 ], [ 632063.031196882482618, 5190563.220619334839284 ], [ 632068.557841333327815, 5190561.833100560121238 ], [ 632071.70293465803843, 5190563.579870792105794 ], [ 632072.739294402068481, 5190564.867439662106335 ], [ 632084.405756139894947, 5190563.372768135741353 ], [ 632095.781393521581776, 5190566.529555386863649 ], [ 632110.112139619537629, 5190570.15994992479682 ], [ 632117.22349160828162, 5190575.149052186869085 ], [ 632096.400878955377266, 5190579.874360913410783 ], [ 632084.260809623403475, 5190584.324140154756606 ], [ 632077.00900292233564, 5190587.587190046906471 ], [ 632072.934702360071242, 5190590.692667549476027 ], [ 632073.732002651668154, 5190591.054402760230005 ], [ 632074.134965793928131, 5190593.54221756849438 ], [ 632076.555687689571641, 5190594.324211702682078 ], [ 632080.886154547333717, 5190594.821228232234716 ], [ 632081.582073637051508, 5190593.390480619855225 ], [ 632083.406168133369647, 5190593.265359182842076 ], [ 632086.077401748509146, 5190594.486275910399854 ], [ 632088.807722584111616, 5190593.727020953781903 ], [ 632089.831763797905296, 5190594.052139678038657 ], [ 632092.080810063984245, 5190596.175868923775852 ], [ 632094.610930319409817, 5190596.748070176690817 ], [ 632095.854067623266019, 5190596.513986798003316 ], [ 632097.974820205941796, 5190598.075254918076098 ], [ 632099.966952784685418, 5190599.16743675339967 ], [ 632103.220936306403019, 5190598.303014199249446 ], [ 632107.080550311249681, 5190597.806929063983262 ], [ 632108.219105434953235, 5190599.307892509736121 ], [ 632111.477198595879599, 5190600.633276604115963 ], [ 632112.365983610390685, 5190602.715567564591765 ], [ 632113.153820718638599, 5190604.868136237375438 ], [ 632111.946621806360781, 5190606.001793355681002 ], [ 632111.353644003509544, 5190606.558647330850363 ], [ 632109.889800727367401, 5190606.850079439580441 ], [ 632108.397840803605504, 5190607.459650361910462 ], [ 632107.574171791551635, 5190609.024151793681085 ], [ 632106.512367852497846, 5190609.401845104061067 ], [ 632106.419022449292243, 5190609.435048908926547 ], [ 632105.381508056423627, 5190610.583135084249079 ], [ 632109.398186149541289, 5190610.863156015984714 ], [ 632110.481364498380572, 5190609.400007608346641 ], [ 632113.108278091531247, 5190610.502993833273649 ], [ 632111.808103915653192, 5190612.279931298457086 ], [ 632106.823047870770097, 5190612.935875329189003 ], [ 632105.137722831801511, 5190613.714398392476141 ], [ 632103.729729767423123, 5190614.364810057915747 ], [ 632107.01665062783286, 5190617.310411929152906 ], [ 632108.631023226771504, 5190619.873654667288065 ], [ 632114.498022683430463, 5190623.359993537887931 ], [ 632124.412532708141953, 5190623.838827171362936 ], [ 632128.161149419145659, 5190621.447777300141752 ], [ 632131.464260688982904, 5190620.128240812569857 ], [ 632133.721636514062993, 5190620.2618407625705 ], [ 632136.167011477984488, 5190618.649092627689242 ], [ 632138.196914244908839, 5190618.455649038776755 ], [ 632140.419622368761338, 5190616.259221577085555 ], [ 632143.39273816999048, 5190615.674860705621541 ], [ 632147.626412476995029, 5190615.641092637553811 ], [ 632156.861349911428988, 5190613.999208953231573 ], [ 632157.904105683206581, 5190616.413198634982109 ], [ 632160.829287927248515, 5190616.033762706443667 ], [ 632160.879829237470403, 5190614.173433110117912 ], [ 632161.946801269892603, 5190613.662456098943949 ], [ 632165.337702450109646, 5190613.402688569389284 ], [ 632168.940197353134863, 5190613.146522490307689 ], [ 632170.435590338427573, 5190613.505642740987241 ], [ 632171.654900974826887, 5190615.309278060682118 ], [ 632177.650624973233789, 5190613.494098310358822 ], [ 632184.08535307389684, 5190612.451853669248521 ], [ 632191.279538933886215, 5190612.574302548542619 ], [ 632203.682980850455351, 5190611.303830716758966 ], [ 632206.892900881008245, 5190609.241915208287537 ], [ 632214.105094330385327, 5190608.30639548227191 ], [ 632220.772451976081356, 5190609.132562131620944 ], [ 632222.948813256341964, 5190610.996780374087393 ], [ 632232.730298365931958, 5190614.549746726639569 ], [ 632241.839632983668707, 5190614.069827446714044 ], [ 632250.812558708479628, 5190615.386654124595225 ], [ 632259.932698059012182, 5190614.271953628398478 ], [ 632267.144892475917004, 5190613.336433873511851 ], [ 632270.557403179234825, 5190611.807103851810098 ], [ 632275.124675924540497, 5190610.826566056348383 ], [ 632280.559932340867817, 5190608.59087151568383 ], [ 632284.580213629291393, 5190608.659298810176551 ], [ 632286.78394085704349, 5190609.755082638934255 ], [ 632288.792280807858333, 5190609.895093170925975 ], [ 632287.814898849232122, 5190611.360042952001095 ], [ 632292.349758847034536, 5190612.283848877064884 ], [ 632293.377115401555784, 5190614.100402970798314 ], [ 632295.785233542905189, 5190615.622975793667138 ], [ 632293.832270262995735, 5190618.447078498080373 ], [ 632294.004248154000379, 5190620.778211215510964 ], [ 632290.785323753254488, 5190623.369111455976963 ], [ 632289.275355903431773, 5190625.036651354283094 ], [ 632289.556732079712674, 5190627.157991020940244 ], [ 632290.899678469868377, 5190629.08574418630451 ], [ 632292.348188900388777, 5190629.440979736857116 ], [ 632297.606298482860439, 5190626.765861608088017 ], [ 632301.441997021785937, 5190625.24373446777463 ], [ 632302.785160279017873, 5190626.006310066208243 ], [ 632304.927216223324649, 5190625.038486051373184 ], [ 632308.007930866442621, 5190624.350128851830959 ], [ 632310.662756913225166, 5190623.813264071941376 ], [ 632312.977683294797316, 5190624.593458135612309 ], [ 632315.830597724649124, 5190624.853671411052346 ], [ 632319.718294512364082, 5190623.38534299004823 ], [ 632322.713920682785101, 5190621.478520865552127 ], [ 632322.053251746576279, 5190619.879862920381129 ], [ 632321.067088899668306, 5190618.751888788305223 ], [ 632321.300291323335841, 5190617.48592762555927 ], [ 632324.31640295102261, 5190617.48434972576797 ], [ 632326.488840582314879, 5190617.309670741669834 ], [ 632329.54965304536745, 5190615.412440712563694 ], [ 632330.229546793038025, 5190615.150961364619434 ], [ 632332.752577045699582, 5190614.585396365262568 ], [ 632335.715451531810686, 5190613.048413039185107 ], [ 632338.444334647036158, 5190611.269335076212883 ], [ 632341.4018070056336, 5190610.04974236804992 ], [ 632342.765573304146528, 5190609.199877203442156 ], [ 632345.959738159319386, 5190608.06368375569582 ], [ 632348.272975431173109, 5190607.388720370829105 ], [ 632352.811999112716876, 5190606.513529053889215 ], [ 632359.258068048395216, 5190605.512055298313498 ], [ 632366.168068280559964, 5190605.232813782989979 ], [ 632369.348727927426808, 5190604.890096962451935 ], [ 632372.723196940147318, 5190602.487041710875928 ], [ 632376.951582872658037, 5190601.209709763526917 ], [ 632383.838958295877092, 5190597.596515275537968 ], [ 632385.622422226238996, 5190595.404492172412574 ], [ 632388.166950059588999, 5190595.130318644456565 ], [ 632390.353905065567233, 5190592.548309806734324 ], [ 632388.937801678897813, 5190591.809871064499021 ], [ 632390.464315066346899, 5190590.724663775414228 ], [ 632392.470966136083007, 5190589.40951665956527 ], [ 632393.947843621601351, 5190586.577309923246503 ], [ 632394.527587000047788, 5190585.158505471423268 ], [ 632399.26582254236564, 5190581.905584518797696 ], [ 632400.695431323372759, 5190581.850546451285481 ], [ 632404.766472658375278, 5190580.491165455430746 ], [ 632406.618480002041906, 5190578.935274133458734 ], [ 632411.995548698934726, 5190575.455114236101508 ], [ 632416.014253089902923, 5190572.507428968325257 ], [ 632418.488887139363214, 5190571.676470957696438 ], [ 632421.286314071388915, 5190570.533524340949953 ], [ 632430.788101790007204, 5190560.765647176653147 ], [ 632454.193975026253611, 5190553.49152599927038 ], [ 632470.55198235262651, 5190556.151066023856401 ], [ 632481.158685670932755, 5190554.74418269097805 ], [ 632484.920101099531166, 5190551.368807233870029 ], [ 632502.40315764315892, 5190555.632276519201696 ], [ 632519.101066568749957, 5190556.974757369607687 ], [ 632549.025839703623205, 5190552.192709309980273 ], [ 632565.795778776751831, 5190549.30331224668771 ], [ 632565.430213492712937, 5190545.910607070662081 ], [ 632570.365299981203862, 5190541.973155334591866 ], [ 632564.053496922715567, 5190539.749174228869379 ], [ 632563.472736255149357, 5190536.564461573027074 ], [ 632566.164481089450419, 5190533.86613507475704 ], [ 632582.88692473678384, 5190531.341582064516842 ], [ 632586.858812348684296, 5190531.144615913741291 ], [ 632597.047966733807698, 5190538.72597112506628 ], [ 632616.830876070074737, 5190542.237511562183499 ], [ 632623.256576886866242, 5190543.296694505959749 ], [ 632626.395310742547736, 5190549.579304540529847 ], [ 632633.017819997156039, 5190554.257251169532537 ], [ 632632.376294137211516, 5190561.55107091832906 ], [ 632630.932284189970233, 5190568.669857254251838 ], [ 632626.742648863932118, 5190573.71961222961545 ], [ 632612.850681322393939, 5190570.211450470611453 ], [ 632586.741796466056257, 5190574.635135707445443 ], [ 632582.226295851985924, 5190578.791383957490325 ], [ 632593.594744391739368, 5190582.371363469399512 ], [ 632597.224253822700121, 5190580.528242495842278 ], [ 632597.249463797197677, 5190579.047085097059608 ], [ 632611.594633421045728, 5190581.831109040416777 ], [ 632618.157646612962708, 5190581.731159329414368 ], [ 632621.606181295122951, 5190584.395957080647349 ], [ 632619.350649199564941, 5190589.084166826680303 ], [ 632614.204898764844984, 5190590.130090558901429 ], [ 632614.391282675322145, 5190591.614849448204041 ], [ 632616.941661499091424, 5190594.091339756734669 ], [ 632613.154219454620034, 5190601.963682365603745 ], [ 632609.990136752952822, 5190601.487735065631568 ], [ 632606.346221359213814, 5190604.177231577225029 ], [ 632610.834863614523783, 5190606.784551658667624 ], [ 632611.56196609872859, 5190609.743084948509932 ], [ 632621.70292817929294, 5190613.455000654794276 ], [ 632625.783768978435546, 5190619.292063699103892 ], [ 632626.895314629888162, 5190622.379983623512089 ], [ 632627.379281359608285, 5190625.033911355771124 ], [ 632624.938748228014447, 5190625.415682544000447 ], [ 632625.670898988610134, 5190630.55029971152544 ], [ 632628.857746412511915, 5190637.652561768889427 ], [ 632629.2331416613888, 5190640.728975287638605 ], [ 632633.325983246439137, 5190642.490856540389359 ], [ 632636.423604616313241, 5190646.869721608236432 ], [ 632637.318030147464015, 5190647.79891909006983 ], [ 632639.055585368536413, 5190649.604024047031999 ], [ 632642.774557888740674, 5190650.059610336087644 ], [ 632644.616746172076091, 5190651.228909721598029 ], [ 632646.940933144069277, 5190650.871318018995225 ], [ 632654.272891237866133, 5190655.335045059211552 ], [ 632657.003804508713074, 5190656.545630809850991 ], [ 632658.902747858548537, 5190656.895434916950762 ], [ 632662.067653459380381, 5190657.478441786020994 ], [ 632662.725844849250279, 5190656.113885533064604 ], [ 632668.410087752738036, 5190657.314674573019147 ], [ 632671.575795828364789, 5190656.842279063537717 ], [ 632672.084598644985817, 5190653.415831684134901 ], [ 632673.054778777761385, 5190652.374068522825837 ], [ 632676.339887334499508, 5190652.112500282004476 ], [ 632677.40866152534727, 5190651.495725737884641 ], [ 632675.423729151603766, 5190649.980354155413806 ], [ 632675.646127498941496, 5190649.349173753522336 ], [ 632678.737649423768744, 5190648.026034252718091 ], [ 632680.003611731692217, 5190648.259236978366971 ], [ 632679.76860826369375, 5190649.630996231921017 ], [ 632681.746158288093284, 5190649.680746985599399 ], [ 632684.084898801520467, 5190647.852478720247746 ], [ 632686.028637489886023, 5190648.679269593209028 ], [ 632691.861877411603928, 5190647.931933959946036 ], [ 632697.718526917975396, 5190645.809237526729703 ], [ 632702.406007453566417, 5190643.984123963862658 ], [ 632702.748496588785201, 5190642.353038359433413 ], [ 632706.019311588490382, 5190643.093175917863846 ], [ 632706.154820614377968, 5190641.349326385185122 ], [ 632707.762483819737099, 5190640.15967199485749 ], [ 632708.006490914616734, 5190638.258927708491683 ], [ 632709.116681914310902, 5190635.208822403103113 ], [ 632708.304519828991033, 5190633.184273848310113 ], [ 632708.882124396041036, 5190630.336758866906166 ], [ 632708.598947227466851, 5190628.321213945746422 ], [ 632707.484434990328737, 5190625.311113135889173 ], [ 632707.6152844352182, 5190623.732766864821315 ], [ 632704.177528215339407, 5190620.732196814380586 ], [ 632702.499182211002335, 5190619.857009356841445 ], [ 632703.480166669003665, 5190618.180464116856456 ], [ 632705.228518047370017, 5190618.051480571739376 ], [ 632709.927213246934116, 5190615.579878478311002 ], [ 632713.832517230883241, 5190615.59081747289747 ], [ 632715.10564413596876, 5190612.855926341377199 ], [ 632717.472832239116542, 5190613.112914331257343 ], [ 632721.417933192336932, 5190611.38099221419543 ], [ 632722.646600608131848, 5190608.889241198077798 ], [ 632724.716540958732367, 5190607.800413559190929 ], [ 632725.431461557629518, 5190605.628784442320466 ], [ 632724.283901114948094, 5190604.656803609803319 ], [ 632725.804674845305271, 5190602.354479894973338 ], [ 632728.956976020941511, 5190603.678065368905663 ], [ 632730.967118912143633, 5190603.712279041297734 ], [ 632732.898475609021261, 5190602.157737109810114 ], [ 632733.691275418968871, 5190599.102229352109134 ], [ 632735.290835378575139, 5190598.388661175966263 ], [ 632736.261015522526577, 5190597.346897713840008 ], [ 632735.968834581552073, 5190595.86033764667809 ], [ 632738.093778092414141, 5190595.367367024533451 ], [ 632740.10031959542539, 5190595.6131746545434 ], [ 632739.924739945214242, 5190593.493633326143026 ], [ 632743.491225667530671, 5190595.353406624868512 ], [ 632744.361010975670069, 5190593.992451425641775 ], [ 632746.168563531944528, 5190593.494078628718853 ], [ 632747.397156311199069, 5190589.705194650217891 ], [ 632749.367683537187986, 5190592.066942188888788 ], [ 632750.37747945135925, 5190588.697644725441933 ], [ 632747.921184355625883, 5190583.787765710614622 ], [ 632739.210261358995922, 5190579.512223629280925 ], [ 632735.797746774158441, 5190581.041555705480278 ], [ 632730.974302105256356, 5190578.419595068320632 ], [ 632729.570574807701632, 5190573.845114449039102 ], [ 632733.248704630299471, 5190569.145473967306316 ], [ 632736.022835752810352, 5190567.816931528970599 ], [ 632738.95138303830754, 5190563.6336709279567 ], [ 632741.519322311738506, 5190561.984136026352644 ], [ 632749.947068030829541, 5190564.244132660329342 ], [ 632754.34552430443, 5190566.964687421917915 ], [ 632758.320792603073642, 5190569.678039384074509 ], [ 632762.240683827083558, 5190569.427274678833783 ], [ 632768.900492938701063, 5190569.858110467903316 ], [ 632776.548489436740056, 5190568.189212582074106 ], [ 632789.010927903349511, 5190569.671260521747172 ], [ 632795.939509289804846, 5190572.964017725549638 ], [ 632802.561474673915654, 5190573.619014587253332 ], [ 632805.341037763748318, 5190573.970657179132104 ], [ 632807.039192133932374, 5190573.68207754008472 ], [ 632809.38473358633928, 5190572.663723073899746 ], [ 632810.783504040911794, 5190571.311771155335009 ], [ 632811.776759493630379, 5190569.572619375772774 ], [ 632813.437877905438654, 5190564.583979330956936 ], [ 632819.402601800858974, 5190566.224142013117671 ], [ 632822.427923351060599, 5190564.89573519397527 ], [ 632827.876394614810124, 5190562.122490797191858 ], [ 632835.685864066006616, 5190563.163579070009291 ], [ 632839.826353638200089, 5190562.387430569157004 ], [ 632841.257536920253187, 5190559.131132130511105 ], [ 632843.475673013599589, 5190559.380541050806642 ], [ 632844.790255013038404, 5190556.757223999127746 ], [ 632848.010984166990966, 5190554.060522630810738 ], [ 632850.055341093218885, 5190552.08459261059761 ], [ 632851.251271952409297, 5190550.224795578047633 ], [ 632851.108353856950998, 5190546.176165626384318 ], [ 632853.74067459453363, 5190546.961762427352369 ], [ 632856.403607337037101, 5190545.948809804394841 ], [ 632859.572116077528335, 5190546.320222036913037 ], [ 632861.903252129559405, 5190546.148243500851095 ], [ 632863.47220052301418, 5190547.23322435002774 ], [ 632869.041628325241618, 5190549.550399350933731 ], [ 632872.60091257491149, 5190551.83336098305881 ], [ 632875.862613519886509, 5190552.947153189219534 ], [ 632878.677717157057486, 5190555.429104004986584 ], [ 632881.783201273647137, 5190559.503412460908294 ], [ 632886.888024793355726, 5190564.246716666035354 ], [ 632888.690175829222426, 5190564.065734667703509 ], [ 632891.396967888344079, 5190568.472158906050026 ], [ 632895.639054107479751, 5190570.836309642530978 ], [ 632902.283527494524606, 5190573.715763320215046 ], [ 632903.728671799879521, 5190575.856914059258997 ], [ 632906.454184871399775, 5190577.384891141206026 ], [ 632909.841490913648158, 5190577.336716935969889 ], [ 632910.974646241171286, 5190579.155074468813837 ], [ 632913.144163413206115, 5190582.261003632098436 ], [ 632915.225890686153434, 5190584.307161712087691 ], [ 632919.631551500526257, 5190586.604529645293951 ], [ 632923.866589482640848, 5190592.708790463395417 ], [ 632934.901004545856267, 5190603.479371157474816 ], [ 632938.639470180263743, 5190607.670281933620572 ], [ 632941.069974029320292, 5190616.249128801748157 ], [ 632942.0456932047382, 5190618.945993545465171 ], [ 632945.827826336375438, 5190620.571326103061438 ], [ 632948.349860306829214, 5190620.398330590687692 ], [ 632950.043051699409261, 5190621.621977825649083 ], [ 632957.355653456179425, 5190621.005648540332913 ], [ 632958.20359818986617, 5190619.722426733002067 ], [ 632965.466936089331284, 5190619.224207866936922 ], [ 632968.96226262638811, 5190616.811349854804575 ], [ 632973.501834752270952, 5190618.6730648111552 ], [ 632975.526524062966928, 5190618.534183972515166 ], [ 632980.684916406869888, 5190619.788853223435581 ], [ 632985.033288825885393, 5190620.788857412524521 ], [ 632988.863930513383821, 5190621.118626365438104 ], [ 632999.618093256372958, 5190626.593053904362023 ], [ 633003.277665863046423, 5190636.973543985746801 ], [ 633003.50108447461389, 5190647.163264118134975 ], [ 633003.395291385590099, 5190653.378841617144644 ], [ 633002.684539520647377, 5190656.277006280608475 ], [ 632999.252887644572183, 5190655.821743397973478 ], [ 632997.170710120000876, 5190653.802033788524568 ], [ 632990.66757285699714, 5190662.818986184895039 ], [ 632992.572485532844439, 5190667.481371400877833 ], [ 632990.960769437486306, 5190668.909069918096066 ], [ 632994.076111214701086, 5190670.538928056135774 ], [ 632997.35305356560275, 5190674.176971921697259 ], [ 632997.155530401156284, 5190678.009864487685263 ], [ 632996.052541229641065, 5190680.636783624067903 ], [ 632992.551110693602823, 5190684.281156651675701 ], [ 632992.102600351790898, 5190687.316069355234504 ], [ 632992.705307829310186, 5190690.765728465281427 ], [ 632990.949103300925344, 5190691.173154028132558 ], [ 632988.209357406594791, 5190695.716020275838673 ], [ 632986.596405625226907, 5190701.879487611353397 ], [ 632987.281838719383813, 5190708.240816758945584 ], [ 632988.321128085837699, 5190712.465157738886774 ], [ 632989.993849222315475, 5190716.779651034623384 ], [ 632992.814919781405479, 5190723.574184488505125 ], [ 632993.866717319237068, 5190730.554083406925201 ], [ 632996.316356272669509, 5190732.364568025805056 ], [ 632997.644674687180668, 5190738.26061515044421 ], [ 632997.76377291767858, 5190739.79643587116152 ], [ 633000.10952300101053, 5190742.66796213015914 ], [ 633003.568412511143833, 5190744.631734280847013 ], [ 633007.862676286138594, 5190745.313335766084492 ], [ 633008.976341683999635, 5190745.587911644950509 ], [ 633013.425097142811865, 5190743.767683430574834 ], [ 633017.802731925505213, 5190743.048486706800759 ], [ 633021.540182055323385, 5190742.635876626707613 ], [ 633025.787147510214709, 5190744.930545769631863 ], [ 633028.291162439156324, 5190747.036806849762797 ], [ 633028.190691882977262, 5190750.325238701887429 ], [ 633029.847508443752304, 5190750.733729339204729 ], [ 633030.81780123221688, 5190752.477026231586933 ], [ 633031.829158371780068, 5190752.339008442126215 ], [ 633032.886246442096308, 5190752.194749854505062 ], [ 633035.266680603730492, 5190752.235266964882612 ], [ 633037.550209556240588, 5190753.305954964831471 ], [ 633042.110514634405263, 5190755.844070021063089 ], [ 633040.355072959559038, 5190761.0526631353423 ], [ 633038.659196979715489, 5190762.373101240023971 ], [ 633037.840942559880204, 5190762.671208123676479 ], [ 633032.953445818624459, 5190771.562366686761379 ], [ 633030.85123623337131, 5190773.828338030725718 ], [ 633026.928078880533576, 5190775.825202721171081 ], [ 633025.535947806667536, 5190778.341372602619231 ], [ 633022.924223175970837, 5190777.900064595974982 ], [ 633022.868849568767473, 5190781.153324441052973 ], [ 633023.165982137317769, 5190782.34894376527518 ], [ 633021.718813615036197, 5190783.435502599924803 ], [ 633014.636936779716052, 5190779.82264753151685 ], [ 633009.440163020044565, 5190782.035946254618466 ], [ 633005.506537421839312, 5190779.984722508117557 ], [ 633000.803408060222864, 5190781.174603280611336 ], [ 632995.476300977752544, 5190781.718897041864693 ], [ 632991.003111663041636, 5190783.38891626894474 ], [ 632989.300342364818789, 5190785.502944618463516 ], [ 632982.460225017741323, 5190786.338968520052731 ], [ 632974.209741218248382, 5190781.436290449462831 ], [ 632970.607012889231555, 5190778.596991274505854 ], [ 632969.220620451727882, 5190776.112899419851601 ], [ 632963.665260545909405, 5190771.414836817421019 ], [ 632961.264904258074239, 5190767.881666311062872 ], [ 632963.433464481495321, 5190763.473129598423839 ], [ 632960.6963064057054, 5190760.467511020600796 ], [ 632960.653753591352142, 5190757.156209089793265 ], [ 632958.469831438036636, 5190754.896655019372702 ], [ 632949.314923256752081, 5190746.015459038317204 ], [ 632942.759305100888014, 5190749.946372132748365 ], [ 632939.49118957167957, 5190750.763824409805238 ], [ 632936.224760443321429, 5190746.819059064611793 ], [ 632932.720287946751341, 5190742.87024206854403 ], [ 632930.034618368721567, 5190742.11019270401448 ], [ 632927.135215672431514, 5190739.917831567116082 ], [ 632926.617597068892792, 5190737.686639700084925 ], [ 632926.960236325394362, 5190736.903703032061458 ], [ 632926.690624932292849, 5190734.784174165688455 ], [ 632924.671718339668587, 5190735.431137620471418 ], [ 632923.502384384977631, 5190732.905114211142063 ], [ 632919.18625239317771, 5190731.289861143566668 ], [ 632916.809870616882108, 5190731.011300825513899 ], [ 632915.492021328071132, 5190729.163342269137502 ], [ 632905.523577782907523, 5190731.930389384739101 ], [ 632905.044789971783757, 5190732.08098154887557 ], [ 632901.499800642253831, 5190730.512598318047822 ], [ 632900.008399625308812, 5190729.534764243289828 ], [ 632896.023453350760974, 5190730.498757068067789 ], [ 632893.159895314951427, 5190729.663322857581079 ], [ 632875.329354800051078, 5190734.371709547936916 ], [ 632877.320222021779045, 5190738.785966636613011 ], [ 632873.464709206018597, 5190741.471862161532044 ], [ 632864.987975236028433, 5190737.102485554292798 ], [ 632863.074991179164499, 5190742.564952307380736 ], [ 632855.776349345338531, 5190748.578728235326707 ], [ 632851.314866663422436, 5190749.561066601425409 ], [ 632847.197338699363172, 5190755.205676943063736 ], [ 632841.692291949177161, 5190755.323631450533867 ], [ 632836.923054818063974, 5190753.370101978071034 ], [ 632833.372983535984531, 5190752.910262069664896 ], [ 632832.069204853149131, 5190754.898796295747161 ], [ 632829.486858121585101, 5190757.394706457853317 ], [ 632826.875523232971318, 5190761.283342483453453 ], [ 632825.003766579087824, 5190759.646608857437968 ], [ 632824.345574567210861, 5190761.011165491305292 ], [ 632823.073487469460815, 5190764.277751833200455 ], [ 632822.670381940668449, 5190766.168207818642259 ], [ 632818.585267797345296, 5190769.908471330069005 ], [ 632816.763511004042812, 5190769.247366359457374 ], [ 632815.219571677851491, 5190768.687079736962914 ], [ 632813.953609018120915, 5190768.453876548446715 ], [ 632812.969022130593657, 5190770.342015907168388 ], [ 632814.079693443258293, 5190771.361088743433356 ], [ 632814.613153736339882, 5190773.227347482927144 ], [ 632813.332784961676225, 5190773.84052038192749 ], [ 632811.850633515976369, 5190773.116652864031494 ], [ 632811.717465587775223, 5190769.262436608783901 ], [ 632808.559762025484815, 5190768.25624059420079 ], [ 632805.32462564157322, 5190771.799316049553454 ], [ 632804.607456484460272, 5190770.411349558271468 ], [ 632802.367711575585417, 5190771.431503613479435 ], [ 632803.075876902090386, 5190773.348455139435828 ], [ 632800.57591730193235, 5190777.221526904031634 ], [ 632799.874506876571104, 5190781.125211645849049 ], [ 632796.561183872749098, 5190785.158324750140309 ], [ 632795.181468353141099, 5190786.244961707852781 ], [ 632789.736078215995803, 5190801.612188821658492 ], [ 632786.272153846221045, 5190804.421942822635174 ], [ 632789.460480390465818, 5190808.641965763643384 ], [ 632802.791134426603094, 5190811.841640152968466 ], [ 632806.730932750622742, 5190807.085152220912278 ], [ 632807.185184147325344, 5190805.267356877215207 ], [ 632814.22901337814983, 5190801.789109488017857 ], [ 632820.905030038673431, 5190801.267776063643396 ], [ 632824.472190796514042, 5190803.087877713143826 ], [ 632825.979798307176679, 5190803.113538727164268 ], [ 632834.291772790020332, 5190798.458641006611288 ], [ 632848.859605988371186, 5190799.148405448533595 ], [ 632855.988800355582498, 5190798.271965235471725 ], [ 632860.101361884037033, 5190799.680685273371637 ], [ 632863.966347418143414, 5190802.111719804815948 ], [ 632864.792923303088173, 5190803.420283620245755 ], [ 632867.405426952289417, 5190805.23925908934325 ], [ 632868.088381390320137, 5190808.637369371950626 ], [ 632867.558253089431673, 5190810.189827949739993 ], [ 632866.816567545291036, 5190814.965382457710803 ], [ 632865.795152217615396, 5190819.277863752096891 ], [ 632868.394576584687456, 5190820.958277179859579 ], [ 632869.206907025538385, 5190823.750080464407802 ], [ 632867.712802442838438, 5190825.878131086938083 ], [ 632867.828043282963336, 5190836.142965656705201 ], [ 632870.293198433122598, 5190841.545095194131136 ], [ 632870.092022929340601, 5190844.026737071573734 ], [ 632873.090357276727445, 5190854.395970838144422 ], [ 632872.659291817224585, 5190864.177693954668939 ], [ 632867.099300373811275, 5190867.946028611622751 ], [ 632873.072809121804312, 5190871.551435936242342 ], [ 632873.268188502057455, 5190875.035395259037614 ], [ 632873.304426462505944, 5190877.258189667016268 ], [ 632865.557169419946149, 5190883.769837604835629 ], [ 632857.761045987252146, 5190884.560505124740303 ], [ 632856.599734700517729, 5190887.927485758438706 ], [ 632868.51270508649759, 5190887.495293095707893 ], [ 632869.886941110598855, 5190890.693514651618898 ], [ 632862.546428215573542, 5190892.94969276804477 ], [ 632857.903739605797455, 5190895.25179114472121 ], [ 632860.852099957643077, 5190889.904764411970973 ], [ 632852.460144738433883, 5190888.650732396170497 ], [ 632851.239201911259443, 5190885.772603254765272 ], [ 632844.557782254531048, 5190886.611326366662979 ], [ 632848.901987928315066, 5190883.192956857383251 ], [ 632853.53880776045844, 5190882.53283270355314 ], [ 632848.051354898838326, 5190879.897558221593499 ], [ 632844.17083497159183, 5190881.366270284168422 ], [ 632843.444887040415779, 5190877.385376077145338 ], [ 632844.976487779174931, 5190874.024698287248611 ], [ 632834.664296345086768, 5190869.431129234842956 ], [ 632829.901179467327893, 5190869.482339937239885 ], [ 632826.76701951189898, 5190871.333628874272108 ], [ 632826.505904545192607, 5190886.674196154810488 ], [ 632822.496873396099545, 5190904.596660802140832 ], [ 632825.315125442342833, 5190925.545595296658576 ], [ 632822.773518384783529, 5190927.706874230876565 ], [ 632833.849792763707228, 5190937.067341088317335 ], [ 632847.427826620754786, 5190947.616655715741217 ], [ 632851.065126037225127, 5190951.125416359864175 ], [ 632853.505697404383682, 5190953.479740239679813 ], [ 632882.047085517668165, 5190981.012504775077105 ], [ 632897.149046556209214, 5190995.291730687953532 ], [ 632900.138373041758314, 5191006.189951440319419 ], [ 632915.119907628977671, 5191012.000913804396987 ], [ 632926.503223115694709, 5190996.055952009744942 ], [ 632936.6304774323944, 5190991.730655970051885 ], [ 632933.462196607841179, 5190975.802572717890143 ], [ 632934.73176311980933, 5190963.389428273774683 ], [ 632936.969259054749273, 5190956.284144097007811 ], [ 632939.600679133320227, 5190957.122642282396555 ], [ 632942.923157652025111, 5190948.448410415090621 ], [ 632943.990132200066, 5190947.937433307990432 ], [ 632946.845526685938239, 5190951.160867042839527 ], [ 632947.733547183102928, 5190945.620028163306415 ], [ 632955.430845538154244, 5190944.163631239905953 ], [ 632961.554694308433682, 5190941.886744219809771 ], [ 632966.320063770166598, 5190941.703288060612977 ], [ 632970.067980953725055, 5190939.121390088461339 ], [ 632972.165913978009485, 5190940.215376815758646 ], [ 632973.572788694757037, 5190950.822094391100109 ], [ 632981.090006188023835, 5190959.945403084158897 ], [ 632983.667402071179822, 5190963.957813093438745 ], [ 632980.165969076333568, 5190967.602183516137302 ], [ 632981.461420045583509, 5190969.21164957433939 ], [ 632987.316274661105126, 5190967.194753395393491 ], [ 632993.623579931212589, 5190969.683236258104444 ], [ 632991.673086329479702, 5190975.470560181885958 ], [ 632995.608961805235595, 5190977.389539457857609 ], [ 632998.993341735564172, 5190980.621977924369276 ], [ 632999.217315920512192, 5190983.006913844496012 ], [ 633007.044046406168491, 5190989.489799224771559 ], [ 633008.056996472296305, 5190992.152734030038118 ], [ 633012.198837887728587, 5190997.514620187692344 ], [ 633016.731229743221775, 5190995.475213952362537 ], [ 633021.349160762038082, 5190988.410447034984827 ], [ 633022.228177837678231, 5190983.398592533543706 ], [ 633022.013207748066634, 5190980.484671143814921 ], [ 633025.281662897905335, 5190974.984349719248712 ], [ 633036.708872676128522, 5190972.004025695845485 ], [ 633040.94075562839862, 5190972.07605845015496 ], [ 633047.270571949076839, 5190973.242078313603997 ], [ 633049.214274464524351, 5190975.402337878011167 ], [ 633052.975165286450647, 5190975.972348029725254 ], [ 633046.861514382762834, 5190952.280818363651633 ], [ 633048.713120362721384, 5190948.412550087086856 ], [ 633048.134895557537675, 5190943.127105020917952 ], [ 633048.540047157206573, 5190941.405131516978145 ], [ 633048.102349158143625, 5190936.456786075606942 ], [ 633049.911217358894646, 5190932.426499711349607 ], [ 633050.005759755847976, 5190926.872153303585947 ], [ 633047.131942938896827, 5190925.485970310866833 ], [ 633044.888670431799255, 5190924.403929824009538 ], [ 633044.330985014443286, 5190918.30934309028089 ], [ 633042.32309172837995, 5190911.925502644851804 ], [ 633040.487962713115849, 5190903.163479148410261 ], [ 633039.736803749692626, 5190900.082391259260476 ], [ 633046.414849843713455, 5190896.914698768407106 ], [ 633045.432056806515902, 5190895.095344225876033 ], [ 633041.600520021165721, 5190892.20278990175575 ], [ 633041.157072500325739, 5190887.168424968607724 ], [ 633041.85206914297305, 5190885.195984841324389 ], [ 633043.547889325534925, 5190884.966894696466625 ], [ 633045.46281197515782, 5190883.355541417375207 ], [ 633048.329889051150531, 5190885.438529931940138 ], [ 633048.885886371368542, 5190883.860577791929245 ], [ 633051.793055003276095, 5190884.042346015572548 ], [ 633053.019288035109639, 5190881.946663458831608 ], [ 633056.226965290494263, 5190880.016992123797536 ], [ 633059.033401527791284, 5190878.345060485415161 ], [ 633060.553390142624266, 5190874.534677335061133 ], [ 633062.406620758585632, 5190870.575634238310158 ], [ 633062.48721979232505, 5190868.51953052636236 ], [ 633062.787328926147893, 5190867.69282413367182 ], [ 633064.911703982856125, 5190867.178872496820986 ], [ 633065.529294294072315, 5190864.667022693902254 ], [ 633070.16357226355467, 5190865.6147071858868 ], [ 633073.136864236555994, 5190865.797600777819753 ], [ 633075.136309175402857, 5190865.63339972589165 ], [ 633076.842211953829974, 5190865.250396896153688 ], [ 633078.754365533706732, 5190866.719857204705477 ], [ 633079.553206353797577, 5190869.185710441321135 ], [ 633080.133965098997578, 5190872.370427680201828 ], [ 633082.795324726379476, 5190874.558738830499351 ], [ 633086.156295438995585, 5190872.949159739539027 ], [ 633087.714889254770242, 5190874.642475716769695 ], [ 633089.791438410291448, 5190873.884113041684031 ], [ 633091.207543745287694, 5190874.622554083354771 ], [ 633092.249870113097131, 5190874.005329301580787 ], [ 633091.07282152120024, 5190877.874463867396116 ], [ 633092.338334795203991, 5190878.134116843342781 ], [ 633095.336331395548768, 5190874.53408938832581 ], [ 633096.061266507720575, 5190873.911462228745222 ], [ 633097.956159958965145, 5190874.499311213381588 ], [ 633098.896178414579481, 5190875.229648691602051 ], [ 633104.390365156694315, 5190874.769786912947893 ], [ 633107.84112328896299, 5190870.88598717097193 ], [ 633108.575231271330267, 5190870.501628533005714 ], [ 633109.36420748627279, 5190870.779627194628119 ], [ 633110.126171815441921, 5190872.644582233391702 ], [ 633112.101988848182373, 5190873.141209370456636 ], [ 633114.420802264357917, 5190872.91610898822546 ], [ 633115.078376539750025, 5190877.028126751072705 ], [ 633117.633826393284835, 5190874.558214666321874 ], [ 633118.631301642279141, 5190874.244481187313795 ], [ 633117.409570432268083, 5190876.075671379454434 ], [ 633117.991906875977293, 5190876.414925578981638 ], [ 633121.660587690072134, 5190875.023609021678567 ], [ 633124.122621404821984, 5190878.041921147145331 ], [ 633123.648741231998429, 5190880.570979967713356 ], [ 633123.467861408367753, 5190881.536320419050753 ], [ 633121.042406850261614, 5190884.140729861333966 ], [ 633120.668740803841501, 5190890.550176659598947 ], [ 633117.328535346197896, 5190896.379990501329303 ], [ 633115.161945964908227, 5190899.319517719559371 ], [ 633112.680497662513517, 5190901.327692864462733 ], [ 633113.501832032809034, 5190903.590512558817863 ], [ 633114.181916015571915, 5190906.380066722631454 ], [ 633114.61776627402287, 5190907.974901605397463 ], [ 633115.457291366881691, 5190910.200035820715129 ], [ 633116.087951934314333, 5190910.976331355050206 ], [ 633115.845687799737789, 5190913.551758964546025 ], [ 633115.418560129008256, 5190915.33033187687397 ], [ 633114.26989164610859, 5190915.874301414936781 ], [ 633113.109501456841826, 5190917.856966115534306 ], [ 633112.668732945225202, 5190921.928610938601196 ], [ 633112.90756713936571, 5190922.960102879442275 ], [ 633111.691769577097148, 5190927.172563153319061 ], [ 633109.790491928346455, 5190927.338582865893841 ], [ 633108.664146809838712, 5190927.451695652678609 ], [ 633107.330428108107299, 5190928.090417364612222 ], [ 633104.814370664418675, 5190928.246017728932202 ], [ 633103.27328085352201, 5190929.573219886049628 ], [ 633101.400444707716815, 5190930.635174646042287 ], [ 633100.508203695528209, 5190932.538115297444165 ], [ 633103.619369751075283, 5190932.392644509673119 ], [ 633106.538919317536056, 5190931.847058123908937 ], [ 633107.831568686407991, 5190931.658211221918464 ], [ 633110.179070882266387, 5190931.710591373033822 ], [ 633113.961598398745991, 5190930.981266990303993 ], [ 633117.049128948478028, 5190932.224383025430143 ], [ 633121.976853636209853, 5190934.16024506278336 ], [ 633124.861512655741535, 5190935.664477368816733 ], [ 633125.709859007853083, 5190936.340340784750879 ], [ 633125.349979917285964, 5190938.053916038945317 ], [ 633125.380086893681437, 5190940.170983429066837 ], [ 633124.710582352941856, 5190942.977251301519573 ], [ 633122.89762522210367, 5190943.793014251627028 ], [ 633122.764815945643932, 5190945.378169842995703 ], [ 633119.146104947198182, 5190946.586507339961827 ], [ 633117.22194829932414, 5190947.717860726639628 ], [ 633117.704112633131444, 5190950.477589190937579 ], [ 633114.386585620930418, 5190952.643502890132368 ], [ 633114.474374573561363, 5190953.703274622559547 ], [ 633112.505197556107305, 5190957.479555227793753 ], [ 633111.206819389015436, 5190959.150698885321617 ], [ 633109.395663101458922, 5190959.860664651729167 ], [ 633108.54388391552493, 5190960.1636493941769 ], [ 633109.149853409966454, 5190961.867207725532353 ], [ 633104.878351766732521, 5190964.122711023315787 ], [ 633101.486991247162223, 5190970.626305144280195 ], [ 633099.245443347608671, 5190971.752255909144878 ], [ 633099.317024871706963, 5190973.764201386831701 ], [ 633098.440034219995141, 5190975.548345305025578 ], [ 633092.801484593655914, 5190973.951658422127366 ], [ 633091.289008714607917, 5190978.207643057219684 ], [ 633094.738485587760806, 5190981.623348409309983 ], [ 633096.57440194603987, 5190985.676052483730018 ], [ 633097.802548085805029, 5190988.130995352752507 ], [ 633100.320068357745185, 5190989.443780161440372 ], [ 633100.289454351179302, 5190991.242330654524267 ], [ 633103.628139804815874, 5190994.050681319087744 ], [ 633104.325499632512219, 5190996.60241721663624 ], [ 633104.2012426010333, 5191003.902416313998401 ], [ 633102.592676310217939, 5191005.144968948327005 ], [ 633104.35340946004726, 5191007.397321881726384 ], [ 633100.895869407686405, 5191011.571578875184059 ], [ 633098.306316021131352, 5191014.490677391178906 ], [ 633096.168764278525487, 5191015.724225816316903 ], [ 633094.713821388897486, 5191016.85298278555274 ], [ 633092.144077147589996, 5191018.608313288539648 ], [ 633092.636145538650453, 5191020.786157686263323 ], [ 633092.113237005658448, 5191023.528778159059584 ], [ 633092.933501632302068, 5191025.077242556028068 ], [ 633094.354558985680342, 5191025.524742144159973 ], [ 633095.994413855951279, 5191025.552655058912933 ], [ 633096.856772023253143, 5191027.736802413128316 ], [ 633100.44546813913621, 5191031.607686346396804 ], [ 633100.422057283925824, 5191032.983048478141427 ], [ 633102.419596146326512, 5191033.757843961939216 ], [ 633104.298732077120803, 5191035.271418237127364 ], [ 633107.569437722326256, 5191035.856229591183364 ], [ 633109.134784067631699, 5191037.152807211503386 ], [ 633111.587474103551358, 5191042.274287602864206 ], [ 633114.994138771668077, 5191047.306178526952863 ], [ 633116.882278906530701, 5191048.290767451748252 ], [ 633117.445027874666266, 5191052.533456152305007 ], [ 633116.256048073060811, 5191053.994806186296046 ], [ 633114.948665287112817, 5191056.194935003295541 ], [ 633115.255251517752185, 5191056.835120069794357 ], [ 633113.123102077748626, 5191057.7512770537287 ], [ 633116.895780600374565, 5191059.932049187831581 ], [ 633118.561757368501276, 5191060.105531208217144 ], [ 633119.307277700747363, 5191060.183163961395621 ], [ 633120.584553645923734, 5191060.565867116674781 ], [ 633122.406317797955126, 5191060.398449552245438 ], [ 633123.080493199755438, 5191059.649288211017847 ], [ 633124.903945653815754, 5191059.382685866206884 ], [ 633125.247363691101782, 5191060.579093563370407 ], [ 633124.251767275854945, 5191062.889486717991531 ], [ 633125.875475116306916, 5191067.069529828615487 ], [ 633126.346833562944084, 5191070.464041059836745 ], [ 633125.763822713750415, 5191073.628949638456106 ], [ 633130.386479736422189, 5191075.612534573301673 ], [ 633132.014402802218683, 5191079.450043549761176 ], [ 633132.516375574283302, 5191081.046004221774638 ], [ 633136.099070132826455, 5191081.953609830699861 ], [ 633139.158181770239025, 5191082.534819919615984 ], [ 633142.721067046630196, 5191084.606193634681404 ], [ 633146.728750944370404, 5191085.415205587632954 ], [ 633149.219258448691107, 5191088.31494767498225 ], [ 633157.870809457264841, 5191088.663395048119128 ], [ 633161.03611877351068, 5191090.420990743674338 ], [ 633164.296014285413548, 5191088.11133970040828 ], [ 633170.015249193180352, 5191086.290562871843576 ], [ 633170.423526771715842, 5191081.733690351247787 ], [ 633172.051002477412112, 5191079.380268200300634 ], [ 633173.0955632267287, 5191075.005094018764794 ], [ 633175.552534137619659, 5191070.549236032180488 ], [ 633180.595905320253223, 5191069.576805116608739 ], [ 633187.831754699116573, 5191064.144013904966414 ], [ 633190.374265581020154, 5191054.66279293037951 ], [ 633189.420690855593421, 5191049.508444863371551 ], [ 633180.780014188378118, 5191041.196933305822313 ], [ 633180.692788736661896, 5191038.549754550680518 ], [ 633176.519431512337178, 5191035.039315078407526 ], [ 633170.037107543786988, 5191035.061260242946446 ], [ 633171.837348152184859, 5191030.329654056578875 ], [ 633166.095042675849982, 5191025.734231200069189 ], [ 633158.019574197242036, 5191018.321115798316896 ], [ 633158.698814420495182, 5191017.274399966932833 ], [ 633160.144520462257788, 5191017.828146913088858 ], [ 633161.097257608082145, 5191016.256947637535632 ], [ 633158.419129256624728, 5191010.390835176222026 ], [ 633160.347113830503076, 5191005.925972817465663 ], [ 633158.491727054002695, 5190998.354163721203804 ], [ 633162.002166022663005, 5190994.180806426331401 ], [ 633161.542962449486367, 5190990.072164542041719 ], [ 633164.024693662067875, 5190984.16159597504884 ], [ 633164.502469802042469, 5190979.407479364424944 ], [ 633157.747213283437304, 5190972.149121547117829 ], [ 633155.790529852849431, 5190970.528399642556906 ], [ 633156.236791507457383, 5190967.625732406042516 ], [ 633157.469778364291415, 5190965.133310422301292 ], [ 633161.172677062801085, 5190965.196339041925967 ], [ 633161.367952044005506, 5190961.495691433548927 ], [ 633165.483347077970393, 5190960.639748417772353 ], [ 633168.780502612236887, 5190961.225009451620281 ], [ 633172.604392698733136, 5190961.951520974747837 ], [ 633175.547578521887772, 5190960.017347676679492 ], [ 633176.890301580540836, 5190958.84964042622596 ], [ 633178.23977770190686, 5190957.285193998366594 ], [ 633182.700138612650335, 5190959.477670857682824 ], [ 633187.431745406705886, 5190961.277910638600588 ], [ 633189.329902457888238, 5190966.337038730271161 ], [ 633192.3175449303817, 5190969.56272560544312 ], [ 633192.393515717005357, 5190972.871136379428208 ], [ 633199.465039206901565, 5190977.092329876497388 ], [ 633200.088567851693369, 5190971.546985503286123 ], [ 633203.002490613725968, 5190971.332015252672136 ], [ 633208.202869565691799, 5190968.907123706303537 ], [ 633210.617070089094341, 5190966.963946187868714 ], [ 633215.106694612652063, 5190967.437220176681876 ], [ 633216.66213709290605, 5190969.315682011656463 ], [ 633222.003766705049202, 5190966.364055782556534 ], [ 633225.563728363951668, 5190959.281276738271117 ], [ 633227.386478519299999, 5190953.227205532602966 ], [ 633224.813583005685359, 5190948.950300346128643 ], [ 633221.926672298228368, 5190947.578313970007002 ], [ 633220.633471484063193, 5190945.83660061378032 ], [ 633220.270497511373833, 5190943.846151574514806 ], [ 633218.295805542031303, 5190943.283400747925043 ], [ 633217.529339312459342, 5190941.682937881909311 ], [ 633210.753258684533648, 5190943.419585674069822 ], [ 633212.637909965822473, 5190949.272192357107997 ], [ 633208.015475374297239, 5190956.601455897092819 ], [ 633205.890528928954154, 5190957.094425165094435 ], [ 633205.659801423898898, 5190955.106227210722864 ], [ 633196.767778622102924, 5190956.806858414784074 ], [ 633192.428408839041367, 5190955.277864476665854 ], [ 633190.35973794281017, 5190952.464674004353583 ], [ 633188.652353514218703, 5190943.969390871934593 ], [ 633186.047943951445632, 5190941.543935584835708 ], [ 633182.927491437527351, 5190946.12078579235822 ], [ 633178.141860248171724, 5190947.494459458626807 ], [ 633172.616775179165415, 5190945.680713792331517 ], [ 633172.265056323376484, 5190943.02903307415545 ], [ 633168.47493141843006, 5190940.31882599927485 ], [ 633170.434429431916215, 5190934.002513823099434 ], [ 633169.842978846747428, 5190929.891620905138552 ], [ 633172.555436864262447, 5190925.969249604269862 ], [ 633177.76256817241665, 5190923.147618493065238 ], [ 633183.391199778299779, 5190918.878030065447092 ], [ 633186.630392343271524, 5190915.096908968873322 ], [ 633186.684416466159746, 5190911.922995655797422 ], [ 633188.69287339085713, 5190910.502050438895822 ], [ 633187.588193987729028, 5190905.456428638659418 ], [ 633186.465506517095491, 5190901.468777963891625 ], [ 633187.689489054260775, 5190899.505341141484678 ], [ 633186.246033748611808, 5190898.81934819649905 ], [ 633182.937622975092381, 5190898.895319572649896 ], [ 633182.870655573206022, 5190895.057923349551857 ], [ 633175.263392956112511, 5190891.224466632120311 ], [ 633176.545901317964308, 5190885.822623820975423 ], [ 633180.193087657215074, 5190881.387023573741317 ], [ 633181.807056263322011, 5190879.827078868634999 ], [ 633182.838577664457262, 5190873.627255618572235 ], [ 633179.702931160107255, 5190871.325043244287372 ], [ 633179.248228284763172, 5190866.951908539049327 ], [ 633177.569543033605441, 5190864.542210726998746 ], [ 633174.693887317203917, 5190862.50899319536984 ], [ 633169.657269667135552, 5190863.084687563590705 ], [ 633166.678630448528565, 5190859.330016136169434 ], [ 633165.262186986627057, 5190857.057066784240305 ], [ 633160.79507274273783, 5190855.261330311186612 ], [ 633159.093877647072077, 5190854.174096453934908 ], [ 633157.935173993813805, 5190852.302388282492757 ], [ 633154.521528892801143, 5190850.789152514189482 ], [ 633154.878311970504001, 5190845.371552974916995 ], [ 633155.185573390685022, 5190842.863373751752079 ], [ 633158.384247356327251, 5190841.462687134742737 ], [ 633162.967851146589965, 5190844.186399097554386 ], [ 633166.011768975993618, 5190844.105925304815173 ], [ 633164.626839163014665, 5190839.981526670046151 ], [ 633165.994322616956197, 5190837.359108841978014 ], [ 633166.5615748091368, 5190835.119924264959991 ], [ 633169.027546927216463, 5190830.135079329833388 ], [ 633171.165998885873705, 5190828.848631129600108 ], [ 633177.249332733335905, 5190828.952176081947982 ], [ 633177.749055583495647, 5190830.680383008904755 ], [ 633181.113928124425001, 5190826.438883342780173 ], [ 633184.71035616856534, 5190825.258666263893247 ], [ 633185.492052163346671, 5190823.430690848268569 ], [ 633187.62870402703993, 5190822.722541586495936 ], [ 633186.456090821186081, 5190829.189811603166163 ], [ 633177.797837231308222, 5190840.471836811862886 ], [ 633184.514828853891231, 5190843.761000357568264 ], [ 633189.421113361720927, 5190841.516300042159855 ], [ 633196.378511975868605, 5190843.116311455145478 ], [ 633201.546812829561532, 5190837.912893413566053 ], [ 633203.931974503211677, 5190834.56700296793133 ], [ 633211.782570728333667, 5190833.430695527233183 ], [ 633215.874673666083254, 5190836.148411861620843 ], [ 633213.544500803342089, 5190838.112299670465291 ], [ 633212.060525453067385, 5190843.302310415543616 ], [ 633217.491070223157294, 5190850.670403611846268 ], [ 633218.573240532539785, 5190857.038489648140967 ], [ 633221.989699705387466, 5190856.832072300836444 ], [ 633223.165848853881471, 5190859.233216594904661 ], [ 633226.252873729565181, 5190858.174569730646908 ], [ 633228.792004712740891, 5190858.217788688838482 ], [ 633231.137324620387517, 5190860.32135034352541 ], [ 633236.828759939176962, 5190861.688158521428704 ], [ 633242.049510629847646, 5190862.729471796192229 ], [ 633245.997994648409076, 5190863.907871291041374 ], [ 633248.58799798891414, 5190863.414123040623963 ], [ 633252.059139197226614, 5190864.803948407992721 ], [ 633252.956294548464939, 5190865.454984760843217 ], [ 633253.884158035274595, 5190866.899453126825392 ], [ 633255.277303857379593, 5190868.986807834357023 ], [ 633258.174810673575848, 5190869.86827265098691 ], [ 633261.00258843251504, 5190864.867683274671435 ], [ 633267.56921390700154, 5190864.556143841706216 ], [ 633270.527932110242546, 5190864.818160274066031 ], [ 633279.396883685374632, 5190866.027398142032325 ], [ 633286.121079970384017, 5190868.893374409526587 ], [ 633289.707377979182638, 5190869.589384199120104 ], [ 633290.08374591183383, 5190872.347312971018255 ], [ 633294.071622989024036, 5190874.320091641508043 ], [ 633298.647462273715064, 5190879.054400780238211 ], [ 633304.525281629874371, 5190881.905971034429967 ], [ 633310.406702644191682, 5190884.545947085134685 ], [ 633317.98808128433302, 5190886.791547396220267 ], [ 633324.94188034965191, 5190888.603154412470758 ], [ 633324.350316599826328, 5190886.053218090906739 ], [ 633320.760416715289466, 5190885.568802390247583 ], [ 633316.381765179219656, 5190881.684471666812897 ], [ 633316.216991581954062, 5190878.930144305340946 ], [ 633321.116074722493067, 5190877.108632276766002 ], [ 633332.645713505451567, 5190883.654548735357821 ], [ 633333.362433260073885, 5190891.286349879577756 ], [ 633336.855090051773004, 5190897.483811779879034 ], [ 633344.841649723006412, 5190900.794587229378521 ], [ 633347.73914119717665, 5190904.653707196004689 ], [ 633341.207629885757342, 5190915.336968486197293 ], [ 633342.810344045981765, 5190920.655638975091279 ], [ 633340.6367751279613, 5190924.00513167027384 ], [ 633344.965003855293617, 5190930.851783356629312 ], [ 633348.533294182736427, 5190932.605765338987112 ], [ 633353.137946374248713, 5190935.647321322001517 ], [ 633361.142514167819172, 5190937.900126089341938 ], [ 633367.26074132847134, 5190939.062544743530452 ], [ 633374.04616617038846, 5190938.331419438123703 ], [ 633377.456886751228012, 5190936.907885164953768 ], [ 633385.056274479953572, 5190938.09551520831883 ], [ 633387.25407178082969, 5190940.920925593934953 ], [ 633388.872490213718265, 5190944.557763899676502 ], [ 633391.062851601978764, 5190945.817358154803514 ], [ 633390.924391927197576, 5190949.910537890158594 ], [ 633392.232477660756558, 5190951.051991947926581 ], [ 633393.607362970942631, 5190950.829285278916359 ], [ 633394.327234463300556, 5190945.841174114495516 ], [ 633393.329477331950329, 5190943.839919325895607 ], [ 633394.330273791216314, 5190940.999603183940053 ], [ 633397.028101582778618, 5190941.045523908920586 ], [ 633397.641274841036648, 5190942.325894777663052 ], [ 633399.443315640673973, 5190943.705872680060565 ], [ 633401.441869279020466, 5190942.866811298765242 ], [ 633404.771778921131045, 5190943.082232668064535 ], [ 633406.869601499172859, 5190945.737179060466588 ], [ 633408.022002578596584, 5190947.979178770445287 ], [ 633409.580597322201356, 5190949.672496408224106 ], [ 633407.537473444826901, 5190953.130037695169449 ], [ 633406.376968727447093, 5190951.364125234074891 ], [ 633403.182794432505034, 5190952.500318902544677 ], [ 633401.888917378732003, 5190953.906970880925655 ], [ 633400.647375952918082, 5190956.901930959895253 ], [ 633400.148328273324296, 5190958.242741162888706 ], [ 633400.669998085941188, 5190960.235892328433692 ], [ 633402.562191622448154, 5190960.982437931001186 ], [ 633404.185277414158918, 5190963.549932840280235 ], [ 633404.704245976405218, 5190965.701779791153967 ], [ 633406.027498225681484, 5190967.232349881902337 ], [ 633407.146133801201358, 5190971.458046558313072 ], [ 633404.727880216320045, 5190973.639268613420427 ], [ 633403.628826989443041, 5190977.589104395359755 ], [ 633402.96320428524632, 5190982.498768156394362 ], [ 633404.838851762935519, 5190988.880363676697016 ], [ 633409.523189358413219, 5190993.457780509255826 ], [ 633410.930628764559515, 5190996.259717571549118 ], [ 633415.368481696117669, 5190999.774660782888532 ], [ 633419.499072010279633, 5191005.797784822061658 ], [ 633424.607161453342997, 5191008.794997541233897 ], [ 633425.35561949654948, 5191011.453433101065457 ], [ 633428.181753355776891, 5191016.39607525896281 ], [ 633430.546432546456344, 5191017.362319276668131 ], [ 633432.799124648328871, 5191017.136094040237367 ], [ 633434.464303787681274, 5191020.33927284181118 ], [ 633438.539182990440167, 5191021.863766336813569 ], [ 633440.780619925470091, 5191022.298773478716612 ], [ 633443.918518637306988, 5191024.468742068856955 ], [ 633443.723242922336794, 5191028.169392256066203 ], [ 633445.009690956561826, 5191030.307846268638968 ], [ 633447.513369825901464, 5191030.879602031782269 ], [ 633454.230927647906356, 5191032.581363090313971 ], [ 633460.471273720730096, 5191031.23245101608336 ], [ 633463.391951544559561, 5191030.620741633698344 ], [ 633470.667193873669021, 5191038.417096119374037 ], [ 633474.286806630669162, 5191043.373245337978005 ], [ 633474.764018408372067, 5191046.423918635584414 ], [ 633477.910921460483223, 5191048.064901663921773 ], [ 633485.056733913021162, 5191047.921965501271188 ], [ 633485.677447422407568, 5191050.313657505437732 ], [ 633485.567145797424018, 5191056.793735323473811 ], [ 633485.922800415661186, 5191066.985718973912299 ], [ 633488.394964668899775, 5191069.408925839699805 ], [ 633493.361803776584566, 5191072.932874779216945 ], [ 633501.345550594152883, 5191077.963309626094997 ], [ 633506.960115888272412, 5191082.291993063874543 ], [ 633514.764343987219036, 5191090.097353600896895 ], [ 633515.691754083149135, 5191097.785658885724843 ], [ 633512.732807605294511, 5191100.645558262243867 ], [ 633512.571297202259302, 5191102.362511621788144 ], [ 633514.630964411073364, 5191105.704691122286022 ], [ 633514.21790062985383, 5191114.428457665257156 ], [ 633512.6934058413608, 5191118.503337182104588 ], [ 633509.884714342537336, 5191120.307515510357916 ], [ 633505.457549835555255, 5191123.936131785623729 ], [ 633497.77374671807047, 5191124.599048254080117 ], [ 633496.554264277918264, 5191126.297992921434343 ], [ 633491.55816160608083, 5191124.493247627280653 ], [ 633487.027945032226853, 5191125.857446981593966 ], [ 633478.445499547291547, 5191125.46060935407877 ], [ 633468.706532285897993, 5191122.516853555105627 ], [ 633464.179370464175008, 5191121.330400655977428 ], [ 633461.749047289369628, 5191122.546229077503085 ], [ 633464.673856584937312, 5191126.284469139762223 ], [ 633469.001973261241801, 5191128.474698384292424 ], [ 633474.105560249183327, 5191131.736406003125012 ], [ 633479.300874306587502, 5191137.380801475606859 ], [ 633486.340885940822773, 5191143.453451728448272 ], [ 633490.242999191628769, 5191147.356132352724671 ], [ 633491.926186206983402, 5191149.501340256072581 ], [ 633494.427614108310081, 5191150.205343323759735 ], [ 633498.340982805704698, 5191153.446791631169617 ], [ 633499.994905681814998, 5191157.311203980818391 ], [ 633502.177814504131675, 5191161.184620708227158 ], [ 633505.616223362158053, 5191161.243149033747613 ], [ 633507.714158572955057, 5191162.337138404138386 ], [ 633513.138516025617719, 5191162.297186588868499 ], [ 633514.451976643758826, 5191162.848683468066156 ], [ 633517.242659650975838, 5191162.102477382868528 ], [ 633518.154878604807891, 5191162.91171399038285 ], [ 633521.317539147334173, 5191163.626972632482648 ], [ 633522.76099520130083, 5191164.312967116013169 ], [ 633525.73963418090716, 5191168.067644156515598 ], [ 633529.52300762583036, 5191171.174595314078033 ], [ 633531.894440312869847, 5191171.744100987911224 ], [ 633535.716082379920408, 5191172.602861703373492 ], [ 633539.140984961995855, 5191173.454869139939547 ], [ 633548.892709753941745, 5191175.649229833856225 ], [ 633553.604060029843822, 5191178.639692404307425 ], [ 633560.673336599720642, 5191182.993139881640673 ], [ 633567.559159727999941, 5191182.581210879608989 ], [ 633580.720780752482824, 5191186.50922304391861 ], [ 633587.686507080798037, 5191196.946010819636285 ], [ 633592.429373085149564, 5191198.085022648796439 ], [ 633595.768734173499979, 5191203.962398249655962 ], [ 633598.135664995992556, 5191204.796397251076996 ], [ 633602.591526996809989, 5191207.253372229635715 ], [ 633607.643908306374215, 5191205.751955932937562 ], [ 633613.47176002105698, 5191205.322018434293568 ], [ 633617.923119975719601, 5191208.043486576527357 ], [ 633624.732406500144862, 5191212.12794 ], [ 633626.97777762170881, 5191220.10325182043016 ], [ 633630.680680612334982, 5191220.166282892227173 ], [ 633637.539491661940701, 5191221.341312884353101 ], [ 633640.259822106454521, 5191232.499546328559518 ], [ 633637.470819962909445, 5191240.918302291072905 ], [ 633647.48553910839837, 5191243.205331773497164 ], [ 633649.23794148187153, 5191249.055695119313896 ], [ 633658.418661434086971, 5191253.709655903279781 ], [ 633660.691045391606167, 5191260.098010122776031 ], [ 633670.109245072118938, 5191266.343432089313865 ], [ 633677.429509072680958, 5191271.49486393108964 ], [ 633684.279316257918254, 5191273.198881135322154 ], [ 633686.359243069658987, 5191275.350843999534845 ], [ 633693.173032321734354, 5191279.170806161127985 ], [ 633699.507360289455391, 5191280.072339721955359 ], [ 633703.102209646254778, 5191286.483206065371633 ], [ 633701.115927465027198, 5191291.134484420530498 ], [ 633698.806955349165946, 5191294.666872124187648 ], [ 633695.592517539393157, 5191296.99328285548836 ], [ 633690.804627891513519, 5191298.499200601130724 ], [ 633685.355505528277718, 5191299.993862620554864 ], [ 633678.982908508973196, 5191301.340520102530718 ], [ 633677.232187424902804, 5191303.162706987932324 ], [ 633676.232174010714516, 5191307.511085082776845 ], [ 633674.915891215670854, 5191314.896631449460983 ], [ 633674.877621806925163, 5191317.144822748377919 ], [ 633678.329538969323039, 5191316.409873160533607 ], [ 633683.352656797273085, 5191316.627663102932274 ], [ 633684.780355175375007, 5191318.239384260959923 ], [ 633686.631806923542172, 5191318.270900254137814 ], [ 633698.289193191332743, 5191325.083579675294459 ], [ 633701.599859431851655, 5191324.875365192070603 ], [ 633703.198073862702586, 5191324.241146147251129 ], [ 633706.217233288916759, 5191325.615388046950102 ], [ 633706.432201204937883, 5191328.529314595274627 ], [ 633709.061374394921586, 5191329.500063412822783 ], [ 633712.638784998562187, 5191329.164104693569243 ], [ 633715.908930721692741, 5191331.336328322067857 ], [ 633720.580332250799984, 5191328.902433794923127 ], [ 633721.422765765106305, 5191333.811314614489675 ], [ 633731.365449684322812, 5191340.330236998386681 ], [ 633734.964800661895424, 5191346.476611256599426 ], [ 633734.251791304093786, 5191349.507026514969766 ], [ 633734.758266046526842, 5191350.838496787473559 ], [ 633746.366768075618893, 5191361.580292141996324 ], [ 633746.610545176547021, 5191362.821489035151899 ], [ 633745.093362090759911, 5191364.806778215803206 ], [ 633746.016722586471587, 5191366.515742653049529 ], [ 633750.498365921201184, 5191365.862651324830949 ], [ 633751.794621320674196, 5191366.446260114200413 ], [ 633753.251382451504469, 5191367.953475312329829 ], [ 633758.359473405522294, 5191370.950695167295635 ], [ 633759.62340899114497, 5191374.411617698147893 ], [ 633767.801864360226318, 5191383.546208117157221 ], [ 633770.477929354179651, 5191384.287910664454103 ], [ 633771.616486219456419, 5191385.788882583379745 ], [ 633770.714279183885083, 5191389.054190261289477 ], [ 633775.896086413529702, 5191395.492072743363678 ], [ 633781.944082047324628, 5191400.780592973344028 ], [ 633784.235603209817782, 5191402.936158886179328 ], [ 633785.854521067347378, 5191407.30266178958118 ], [ 633788.657019174541347, 5191410.525205133482814 ], [ 633789.334567179903388, 5191414.240716053172946 ], [ 633792.006054810713977, 5191418.942620270885527 ], [ 633797.616453746450134, 5191425.070315449498594 ], [ 633799.057994803413749, 5191427.423068578355014 ], [ 633800.956942875869572, 5191427.772877373732626 ], [ 633804.126800721976906, 5191434.282340154051781 ], [ 633808.248833958758041, 5191440.808011556975543 ], [ 633829.948047251440585, 5191465.411986107937992 ], [ 633835.705665247514844, 5191469.108146057464182 ], [ 633841.136886664666235, 5191473.327889641746879 ], [ 633848.427435302059166, 5191480.224982628598809 ], [ 633849.820809580851346, 5191479.190422255545855 ], [ 633851.906139008468017, 5191481.024995218962431 ], [ 633853.336874176980928, 5191484.012532575987279 ], [ 633859.26466482761316, 5191490.145632482133806 ], [ 633864.789076898945495, 5191495.107758571393788 ], [ 633867.112555833067745, 5191501.602815208025277 ], [ 633867.476313179824501, 5191505.101329542696476 ], [ 633867.061669189366512, 5191510.808980142697692 ], [ 633867.839610780356452, 5191514.84368478693068 ], [ 633868.743160268641077, 5191517.716420252807438 ], [ 633871.879258651169948, 5191519.992192343808711 ], [ 633889.722521879477426, 5191528.656343137845397 ], [ 633894.434773980290629, 5191531.593913773074746 ], [ 633898.709429142647423, 5191535.370658946223557 ], [ 633900.048774557188153, 5191537.510017504915595 ], [ 633900.224693667259999, 5191540.029255403205752 ], [ 633896.456609193468466, 5191543.375233883969486 ], [ 633896.834774004179053, 5191546.027370144613087 ], [ 633902.506405652617104, 5191548.557960636913776 ], [ 633907.846237646299414, 5191551.929526653140783 ], [ 633909.748788074124604, 5191552.067741537466645 ], [ 633911.04537033836823, 5191550.502393786795437 ], [ 633911.784150468884036, 5191550.620797922834754 ], [ 633912.712913480470888, 5191552.01237160153687 ], [ 633914.767626275774091, 5191555.6454993262887 ], [ 633917.073555184993893, 5191556.954688445664942 ], [ 633919.720288734650239, 5191556.893915608525276 ], [ 633920.33346081036143, 5191558.174289087764919 ], [ 633919.203448605258018, 5191562.388171317987144 ], [ 633921.792550797923468, 5191565.712912154383957 ], [ 633924.720656674471684, 5191567.773488356731832 ], [ 633926.072608872666024, 5191569.172266039997339 ], [ 633923.610455159796402, 5191570.823600294068456 ], [ 633922.20987645490095, 5191572.281349739059806 ], [ 633925.103763613966294, 5191576.352074724622071 ], [ 633925.078549840603955, 5191577.833236956037581 ], [ 633927.264273556414992, 5191579.987003672868013 ], [ 633925.237915901467204, 5191580.904960680752993 ], [ 633924.58872419630643, 5191581.740533185191453 ], [ 633926.362064580782317, 5191583.252312163822353 ], [ 633926.822613638243638, 5191587.281614577397704 ], [ 633927.401566871791147, 5191590.57213688082993 ], [ 633931.868005564901978, 5191595.516255307011306 ], [ 633932.362773303175345, 5191597.535409024916589 ], [ 633936.659040123457089, 5191600.042587604373693 ], [ 633940.003131198580377, 5191602.533557309769094 ], [ 633944.708179376437329, 5191605.894318417645991 ], [ 633949.639230140601285, 5191608.412303110584617 ], [ 633957.239966363878921, 5191615.737992657348514 ], [ 633960.425175791839138, 5191617.201049516908824 ], [ 633963.020581276156008, 5191620.155500455759466 ], [ 633968.27892960072495, 5191622.097003207542002 ], [ 633971.961574459099211, 5191623.350257859565318 ], [ 633979.741614179685712, 5191624.805547792464495 ], [ 633983.043277909979224, 5191625.12632223777473 ], [ 633989.767595869721845, 5191626.431355629116297 ], [ 633992.9527717535384, 5191625.824152300134301 ], [ 634000.834117938764393, 5191621.328343020752072 ], [ 634005.494268327136524, 5191619.5556834442541 ], [ 634007.99569859332405, 5191620.259690364822745 ], [ 634014.464528648881242, 5191621.031234642490745 ], [ 634025.167503258795477, 5191621.742572132498026 ], [ 634032.262123769032769, 5191616.8365149628371 ], [ 634045.783377918764018, 5191607.409883898682892 ], [ 634052.162735507590696, 5191605.666490086354315 ], [ 634054.180204196833074, 5191603.716558641754091 ], [ 634056.560644319979474, 5191603.757080955430865 ], [ 634064.275976260774769, 5191601.242719391360879 ], [ 634067.00645684171468, 5191596.262370549142361 ], [ 634070.601880753180012, 5191594.868440529331565 ], [ 634075.10051908553578, 5191594.812735899351537 ], [ 634081.977346507599577, 5191594.929800217039883 ], [ 634089.838432987337001, 5191591.624209471978247 ], [ 634089.769220887101255, 5191587.919051146134734 ], [ 634082.448953474871814, 5191582.767608194611967 ], [ 634086.755138001171872, 5191578.475507174618542 ], [ 634090.893056154251099, 5191576.297101758420467 ], [ 634096.207687143469229, 5191574.932437464594841 ], [ 634102.557779407827184, 5191574.908249840140343 ], [ 634108.125647778040729, 5191574.209321389906108 ], [ 634116.589436099631712, 5191574.353400132618845 ], [ 634123.300249085645191, 5191576.451913275755942 ], [ 634129.545109852449968, 5191574.83851410727948 ], [ 634137.903666689293459, 5191573.3933812584728 ], [ 634142.839568019961007, 5191570.963989488780499 ], [ 634146.291489678435028, 5191570.229041256010532 ], [ 634161.748595712706447, 5191571.418162019923329 ], [ 634171.653591619571671, 5191572.380484510213137 ], [ 634176.934455219772644, 5191572.999520549550653 ], [ 634188.184430978726596, 5191572.661888285540044 ], [ 634196.153503073379397, 5191572.130828869529068 ], [ 634217.214500593137927, 5191570.505073635838926 ], [ 634229.499939030851237, 5191571.50791837926954 ], [ 634241.900190546177328, 5191565.766179852187634 ], [ 634259.848051782581024, 5191560.515732708387077 ], [ 634272.196000749594532, 5191534.533488157205284 ], [ 634278.275423722341657, 5191527.0967285502702 ], [ 634291.590722126769833, 5191514.227170795202255 ], [ 634301.732098417473026, 5191501.303583196364343 ], [ 634307.838535683345981, 5191492.279861477203667 ], [ 634288.452291663154028, 5191488.775012459605932 ], [ 634282.97221782640554, 5191484.316319291479886 ], [ 634281.869793916586787, 5191479.13843538518995 ], [ 634273.982264228747226, 5191476.226181769743562 ], [ 634273.894985174061731, 5191473.582301869057119 ], [ 634277.384044286911376, 5191474.194110175594687 ], [ 634281.428547406219877, 5191473.975113660097122 ], [ 634286.319425955647603, 5191474.190654751844704 ], [ 634291.732537977979518, 5191474.811940883286297 ], [ 634294.265487069962546, 5191473.664492912590504 ], [ 634298.237392085720785, 5191473.467535365372896 ], [ 634295.917732846806757, 5191469.856351520866156 ], [ 634296.064965068362653, 5191468.442276345565915 ], [ 634298.63772698759567, 5191467.189905964769423 ], [ 634304.135512659675442, 5191467.109899452887475 ], [ 634306.60108068108093, 5191467.597389947623014 ], [ 634308.745668184710667, 5191470.074717653915286 ], [ 634310.96009511500597, 5191472.096689336933196 ], [ 634311.199825453106314, 5191473.555906048975885 ], [ 634312.490776262246072, 5191475.429872621782124 ], [ 634316.868426540284418, 5191474.710681650787592 ], [ 634319.502105771680363, 5191475.416939420625567 ], [ 634324.540989940753207, 5191474.709004428237677 ], [ 634327.109958410845138, 5191471.445608181878924 ], [ 634331.450250989990309, 5191466.51156050991267 ], [ 634332.521716273622587, 5191467.464790085330606 ], [ 634335.94630239426624, 5191465.246342573314905 ], [ 634339.589003370609134, 5191461.075228382833302 ], [ 634341.792748223175295, 5191455.953623623587191 ], [ 634344.312190425465815, 5191455.599655985832214 ], [ 634347.80463507398963, 5191452.484264567494392 ], [ 634351.709578380919993, 5191448.449899275787175 ], [ 634355.136209279065952, 5191446.966557109728456 ], [ 634351.615072572370991, 5191443.996346055530012 ], [ 634350.052874380489811, 5191442.514617333188653 ], [ 634354.455288078286685, 5191440.340711459517479 ], [ 634357.407489666249603, 5191437.87754893489182 ], [ 634360.364193631801754, 5191435.149892834015191 ], [ 634363.836377595551312, 5191433.224722071550786 ], [ 634366.351317546446808, 5191433.135247822850943 ], [ 634375.142638133605942, 5191429.580916305072606 ], [ 634385.75839965196792, 5191427.645062577910721 ], [ 634392.375241269357502, 5191427.49312820378691 ], [ 634400.419783462653868, 5191428.952918279916048 ], [ 634405.176165518350899, 5191429.298454494215548 ], [ 634414.054710044292733, 5191428.391309537924826 ], [ 634424.638956013950519, 5191428.306910705752671 ], [ 634431.850069797947071, 5191424.328823989257216 ], [ 634441.275611573830247, 5191422.372709207236767 ], [ 634450.102379685151391, 5191424.507240468636155 ], [ 634458.534658736898564, 5191426.502771466039121 ], [ 634470.703616439481266, 5191426.577633594162762 ], [ 634482.993565406883135, 5191427.31598097551614 ], [ 634490.78036933997646, 5191428.374528574757278 ], [ 634498.901453780708835, 5191425.337927226908505 ], [ 634506.316280579427257, 5191424.935006241314113 ], [ 634510.7029376225546, 5191423.686827087774873 ], [ 634515.309064696892165, 5191425.088086747564375 ], [ 634517.700763503788039, 5191424.467373939231038 ], [ 634521.930410824716091, 5191424.671658646315336 ], [ 634523.63161013298668, 5191425.758898643776774 ], [ 634525.973782931221649, 5191428.047616020776331 ], [ 634530.727915294934064, 5191428.52539917267859 ], [ 634533.578814775915816, 5191432.013342821039259 ], [ 634540.155137480469421, 5191434.241851448081434 ], [ 634542.905306773376651, 5191435.876088367775083 ], [ 634545.430930488510057, 5191442.93019429128617 ], [ 634550.648765882360749, 5191447.252140623517334 ], [ 634561.311233698972501, 5191450.343917593359947 ], [ 634567.33830863784533, 5191453.753643475472927 ], [ 634568.111528954003006, 5191454.957372201606631 ], [ 634573.730607439996675, 5191459.021578835323453 ], [ 634577.124001524993218, 5191461.7250467967242 ], [ 634577.457708549802192, 5191465.434712009504437 ], [ 634581.256847961456515, 5191467.615946269594133 ], [ 634584.210728709120303, 5191472.8253508284688 ], [ 634585.111693451064639, 5191474.295824536122382 ], [ 634591.954761665081605, 5191476.396589708514512 ], [ 634596.547382270917296, 5191478.591331358999014 ], [ 634598.539515742682852, 5191485.900927384383976 ], [ 634602.921097304439172, 5191492.722057803533971 ], [ 634605.081496745347977, 5191497.917955574579537 ], [ 634604.339218927780166, 5191502.667586218565702 ], [ 634607.344877250958234, 5191504.835313710384071 ], [ 634611.417515291483141, 5191506.492063512094319 ], [ 634615.620149012422189, 5191508.283311405219138 ], [ 634622.25442944210954, 5191514.878219288773835 ], [ 634622.323642285307869, 5191518.583382537588477 ], [ 634617.975254389923066, 5191517.583364424295723 ], [ 634615.953280831687152, 5191519.797792751342058 ], [ 634617.203710493864492, 5191524.052204316481948 ], [ 634619.904353139689192, 5191528.595873035490513 ], [ 634625.936505763209425, 5191523.936290951445699 ], [ 634623.338844074634835, 5191521.114082572981715 ], [ 634626.779513711109757, 5191521.040367346256971 ], [ 634630.6816343216924, 5191524.943062807433307 ], [ 634633.747500570258126, 5191531.344941408373415 ], [ 634637.555645033484325, 5191532.997189145535231 ], [ 634641.233793880441226, 5191534.514938831329346 ], [ 634644.808961761998944, 5191534.31122806482017 ], [ 634649.820835480233654, 5191535.190255670808256 ], [ 634652.19227426755242, 5191535.759765126742423 ], [ 634655.088198115117848, 5191536.602773217484355 ], [ 634658.61158800823614, 5191539.440740473568439 ], [ 634663.979680489283055, 5191542.706965538673103 ], [ 634666.723096512258053, 5191544.737944331020117 ], [ 634673.559412067523226, 5191547.235451766289771 ], [ 634678.407522069639526, 5191549.963684639893472 ], [ 634681.960178025648929, 5191551.0824427716434 ], [ 634685.508331555407494, 5191552.465694687329233 ], [ 634690.643447713344358, 5191553.875961356796324 ], [ 634693.407124914694577, 5191554.716718437150121 ], [ 634700.938443723483942, 5191555.241779088042676 ], [ 634707.613246926222928, 5191559.456245209090412 ], [ 634709.941912644775584, 5191562.538445742800832 ], [ 634712.156341316178441, 5191564.560419983230531 ], [ 634714.489509485429153, 5191567.378126800060272 ], [ 634716.309448713087477, 5191569.26110050547868 ], [ 634720.095081466715783, 5191572.235817845910788 ], [ 634724.429962923517451, 5191574.029318163171411 ], [ 634729.957317721331492, 5191575.710832734592259 ], [ 634738.826288779149763, 5191583.137496040202677 ], [ 634741.553946433938108, 5191586.094203774817288 ], [ 634744.2320768001955, 5191591.960343305021524 ], [ 634747.811171742971055, 5191599.296957499347627 ], [ 634751.052058244356886, 5191603.188398688100278 ], [ 634752.719489357317798, 5191606.259343577548862 ], [ 634753.523650363087654, 5191613.416434947401285 ], [ 634757.506239461363293, 5191620.363062550313771 ], [ 634759.411149261984974, 5191625.025472907349467 ], [ 634759.361621712800115, 5191627.934904762543738 ], [ 634763.017258777981624, 5191630.775124822743237 ], [ 634766.399397020693868, 5191634.13983004540205 ], [ 634767.407844669418409, 5191637.067272008396685 ], [ 634768.398282246896997, 5191641.052689221687615 ], [ 634767.393759860773571, 5191645.665572104975581 ], [ 634767.595218420261517, 5191649.37298796698451 ], [ 634772.84232084651012, 5191651.975729598663747 ], [ 634779.145147358765826, 5191654.728728307411075 ], [ 634783.18626883905381, 5191658.236937092617154 ], [ 634787.005670509068295, 5191659.227952094748616 ], [ 634790.898786260280758, 5191663.659638125449419 ], [ 634794.159933870541863, 5191666.360858027823269 ], [ 634797.927556494367309, 5191670.393552185036242 ], [ 634799.706972788320854, 5191674.65697122272104 ], [ 634798.222990187583491, 5191676.351417172700167 ], [ 634798.702449934091419, 5191679.269854387268424 ], [ 634802.367092073429376, 5191681.581087529659271 ], [ 634803.077276543481275, 5191686.487731074914336 ], [ 634805.248930902918801, 5191691.022397902794182 ], [ 634807.082377602695487, 5191692.111891071312129 ], [ 634808.882055183988996, 5191695.185088043101132 ], [ 634812.116187407402322, 5191699.473271357826889 ], [ 634817.495537011534907, 5191702.078265215270221 ], [ 634822.52259292290546, 5191709.836386586539447 ], [ 634826.545704100513831, 5191714.402571701444685 ], [ 634827.688649522257037, 5191717.200018649920821 ], [ 634831.620036846958101, 5191719.383507952094078 ], [ 634835.670163422473706, 5191722.362730147317052 ], [ 634838.893039139569737, 5191727.312148601748049 ], [ 634841.844667092082091, 5191732.653805354610085 ], [ 634845.511560603044927, 5191734.832792310044169 ], [ 634851.987157821655273, 5191735.207599320448935 ], [ 634857.093008690746501, 5191738.337079075165093 ], [ 634859.941656480659731, 5191741.957274705171585 ], [ 634863.684514735243283, 5191747.444686542265117 ], [ 634868.429645532160066, 5191748.451461661607027 ], [ 634872.726255787885748, 5191752.493162515573204 ], [ 634876.610366145148873, 5191757.453838156536222 ], [ 634882.117460583685897, 5191760.32557840179652 ], [ 634891.141191494767554, 5191766.432030466385186 ], [ 634899.848648666869849, 5191775.575660003349185 ], [ 634903.470516397384927, 5191780.39958665240556 ], [ 634906.916687290067784, 5191785.507140506058931 ], [ 634911.724274942534976, 5191790.615822997875512 ], [ 634912.88297922979109, 5191792.487542102113366 ], [ 634913.779440907645039, 5191794.222511639818549 ], [ 634917.329846945591271, 5191795.473519562743604 ], [ 634922.845946907647885, 5191797.81627279613167 ], [ 634933.604647846426815, 5191803.026264676824212 ], [ 634941.052672248217277, 5191808.444467916153371 ], [ 634943.959854165907018, 5191808.626243783161044 ], [ 634961.918934992747381, 5191833.801606458611786 ], [ 634963.756884661270306, 5191834.626606783829629 ], [ 634964.637587008532137, 5191837.287305421195924 ], [ 634967.432784017757513, 5191836.27660745754838 ], [ 634969.922963282442652, 5191837.641852300614119 ], [ 634970.763141775736585, 5191842.682996465824544 ], [ 634974.858295343234204, 5191843.01728149689734 ], [ 634975.871244631242007, 5191845.680231546983123 ], [ 634971.392276762984693, 5191852.350533312186599 ], [ 634970.035455577075481, 5191862.116547181271017 ], [ 634971.956122882314958, 5191865.853232353925705 ], [ 634975.278056586510502, 5191864.983786867931485 ], [ 634973.482300576171838, 5191869.450916580855846 ], [ 634974.891990611678921, 5191872.120620702393353 ], [ 634978.16439497738611, 5191874.1606086762622 ], [ 634979.701829300844111, 5191877.097058127634227 ], [ 634981.2707823314704, 5191878.182049964554608 ], [ 634982.859997399151325, 5191878.076819030568004 ], [ 634983.894877843791619, 5191887.22212234325707 ], [ 634985.833555713761598, 5191889.900831958279014 ], [ 634985.0890211770311, 5191894.782713329419494 ], [ 634993.870189413893968, 5191907.367020594887435 ], [ 634994.356401743832976, 5191909.888718568719923 ], [ 634997.913562172092497, 5191910.742986829020083 ], [ 634999.354770895093679, 5191911.561233543790877 ], [ 635000.41049541241955, 5191911.711491304449737 ], [ 635004.785902630770579, 5191911.124550897628069 ], [ 635011.144432077882811, 5191918.376204077154398 ], [ 635009.855149731272832, 5191924.174809191375971 ], [ 635010.105552691384219, 5191932.77761716581881 ], [ 635009.287296698312275, 5191934.141744906082749 ], [ 635008.871303271502256, 5191935.800979769788682 ], [ 635001.555610976065509, 5191945.463738883845508 ], [ 634998.762091198819689, 5191946.739485564641654 ], [ 635000.919741499703377, 5191957.938889463432133 ], [ 635001.922606811393052, 5191958.919726019725204 ], [ 635008.303543171496131, 5191960.923710922710598 ], [ 635014.505059740506113, 5191969.627830420620739 ], [ 635022.222080090665258, 5191974.786046619527042 ], [ 635031.86426975496579, 5191983.416455329395831 ], [ 635032.581205035210587, 5191987.926361226476729 ], [ 635033.51985812082421, 5191994.95346272084862 ], [ 635030.479844389134087, 5192002.574257843196392 ], [ 635032.035289001883939, 5192004.452732248231769 ], [ 635030.931427733390592, 5192008.643438313156366 ], [ 635030.714931958005764, 5192011.831295878626406 ], [ 635027.792056640260853, 5192018.20131938252598 ], [ 635025.572997627430595, 5192021.307924760505557 ], [ 635023.744751063175499, 5192025.212673482485116 ], [ 635017.911790349637158, 5192033.711917922832072 ], [ 635019.513343777041882, 5192048.422852768562734 ], [ 635021.527643636916764, 5192054.947943957522511 ], [ 635019.98523938190192, 5192058.519846333190799 ], [ 635030.97017782414332, 5192059.765138481743634 ], [ 635037.529628701275215, 5192059.876807793974876 ], [ 635041.007873122580349, 5192066.920687015168369 ], [ 635036.065536654670723, 5192071.281334397383034 ], [ 635038.507418373599648, 5192077.037631336599588 ], [ 635046.738017460214905, 5192078.447690052911639 ], [ 635050.255886370083317, 5192083.16402247082442 ], [ 635046.984697670908645, 5192088.823058903217316 ], [ 635033.176038471981883, 5192104.250558398663998 ], [ 635017.436867830110714, 5192133.614520249888301 ], [ 635020.721526984823868, 5192139.596821588464081 ], [ 635021.958677571383305, 5192141.522791852243245 ], [ 635018.468688539229333, 5192147.601415467448533 ], [ 635019.210603032610379, 5192153.752084680832922 ], [ 635023.174028326291591, 5192153.578720083460212 ], [ 635024.760246870340779, 5192160.645119200460613 ], [ 635029.028567570028827, 5192172.929004185833037 ], [ 635028.386104762554169, 5192186.757448351942003 ], [ 635019.577476695645601, 5192202.075029822997749 ], [ 635008.285745966248214, 5192219.792580558918417 ], [ 634987.130882705328986, 5192243.040782506577671 ], [ 634984.736804436775856, 5192251.335612114518881 ], [ 634984.736345890560187, 5192251.33536150213331 ], [ 634977.999522385769524, 5192254.857257212512195 ], [ 634974.607792498078197, 5192259.826355502940714 ], [ 634949.910791996517219, 5192265.226449673995376 ], [ 634939.149255814845674, 5192267.953514100983739 ], [ 634926.953856029664166, 5192261.660767955705523 ], [ 634914.408996331272647, 5192252.584081877954304 ], [ 634896.085208301083185, 5192248.832708388566971 ], [ 634878.342781257349998, 5192234.243840745650232 ], [ 634869.218605858040974, 5192224.175797544419765 ], [ 634853.682399147190154, 5192229.723164073191583 ], [ 634848.745412561460398, 5192226.67072962038219 ], [ 634840.603461742633954, 5192228.706788759678602 ], [ 634844.305786949000321, 5192236.574649511836469 ], [ 634839.524045449215919, 5192245.488639483228326 ], [ 634843.468349569477141, 5192254.683472556993365 ], [ 634843.786289216717705, 5192259.318869351409376 ], [ 634842.098010241286829, 5192265.242963448166847 ], [ 634848.582023205934092, 5192272.893611510284245 ], [ 634854.550557212322019, 5192279.741772371344268 ], [ 634852.884202705114149, 5192292.148217518813908 ], [ 634849.463204253464937, 5192298.836524003185332 ], [ 634854.942686421098188, 5192311.100054930895567 ], [ 634850.257166351890191, 5192322.132246565073729 ], [ 634844.735976946773008, 5192327.858800513669848 ], [ 634844.51592208747752, 5192333.014179124496877 ], [ 634843.408413950935937, 5192335.905599593184888 ], [ 634849.950964299961925, 5192340.117828708142042 ], [ 634849.670710016507655, 5192341.039054223336279 ], [ 634846.732008198741823, 5192342.708731506019831 ], [ 634846.281231649103574, 5192345.87590326461941 ], [ 634847.838925423682667, 5192347.622131197713315 ], [ 634853.760767920408398, 5192349.442658378742635 ], [ 634857.136146372649819, 5192353.204111197032034 ], [ 634857.871089135995135, 5192356.656040325760841 ], [ 634852.141692661331035, 5192359.071917711757123 ], [ 634852.62339898198843, 5192361.858109176158905 ], [ 634848.326203807955608, 5192365.621222184970975 ], [ 634847.597424227744341, 5192369.577372494153678 ], [ 634844.914210168528371, 5192371.78054025862366 ], [ 634833.571903893142007, 5192377.540274317376316 ], [ 634823.738350048079155, 5192380.150848533026874 ], [ 634814.17154176463373, 5192382.633678714744747 ], [ 634812.466585090151057, 5192382.564029412344098 ], [ 634809.856334778945893, 5192387.454766448587179 ], [ 634809.770777595695108, 5192392.480149169452488 ], [ 634809.626681145047769, 5192400.943951645866036 ], [ 634805.687951144995168, 5192406.962015864439309 ], [ 634795.759834287920967, 5192415.126959362067282 ], [ 634794.403592469636351, 5192417.088147853501141 ], [ 634797.669238020316698, 5192419.524880071170628 ], [ 634800.645623083692044, 5192423.411825316026807 ], [ 634795.90440529177431, 5192429.945367705076933 ], [ 634793.014644198818132, 5192436.510431222617626 ], [ 634792.19414449064061, 5192438.083884987980127 ], [ 634797.320252750185318, 5192440.023151028901339 ], [ 634793.679788948851638, 5192444.062014103867114 ], [ 634751.837389134452678, 5192454.19702988024801 ], [ 634747.887994439573959, 5192453.07150896359235 ], [ 634744.743338769767433, 5192451.298262760974467 ], [ 634727.981163232703693, 5192456.833433659747243 ], [ 634720.06955619296059, 5192458.572777736932039 ], [ 634710.279376756167039, 5192450.86584104038775 ], [ 634701.820079344208352, 5192450.457249734550714 ], [ 634686.648155954899266, 5192459.766793782822788 ], [ 634672.825411769212224, 5192472.612273289822042 ], [ 634645.642631298396736, 5192507.469626876525581 ], [ 634623.81336196186021, 5192530.909310265444219 ], [ 634598.097743106540293, 5192549.520558040589094 ], [ 634555.734521636855789, 5192577.200631082989275 ], [ 634560.487233256804757, 5192583.511043867096305 ], [ 634555.344772094395012, 5192590.302319392561913 ], [ 634551.542791750631295, 5192596.058135841973126 ], [ 634552.380112224025652, 5192609.036337471567094 ], [ 634555.728466777596623, 5192614.384751561097801 ], [ 634558.511808689916506, 5192621.840108690783381 ], [ 634555.279343648348004, 5192625.22448829934001 ], [ 634551.849932375829667, 5192624.636959902010858 ], [ 634545.932002320187166, 5192630.356750657781959 ], [ 634542.959527795319445, 5192634.010126895271242 ], [ 634536.593667483190075, 5192634.960025468841195 ], [ 634515.387950764270499, 5192652.854335671290755 ], [ 634504.243192794499919, 5192654.781151128001511 ], [ 634498.361288482323289, 5192658.384991817176342 ], [ 634501.682622807566077, 5192665.320367310196161 ], [ 634496.293680164730176, 5192671.049163120798767 ], [ 634484.570400291238911, 5192675.876401295885444 ], [ 634466.70191785658244, 5192668.693350615911186 ], [ 634461.90951070364099, 5192670.463748367503285 ], [ 634465.463815757073462, 5192679.255081691779196 ], [ 634418.804867774131708, 5192684.81036488711834 ], [ 634404.029253643937409, 5192682.442237325944006 ], [ 634399.368252184824087, 5192687.890193246304989 ], [ 634400.460978742921725, 5192689.46947312541306 ], [ 634401.269186615245417, 5192697.447086125612259 ], [ 634403.549657421070151, 5192703.359371901489794 ], [ 634405.538159255636856, 5192714.561791404150426 ], [ 634415.11394594644662, 5192727.082220315933228 ], [ 634404.16607679054141, 5192732.419677707366645 ], [ 634394.43926195288077, 5192737.723442744463682 ], [ 634381.964332092436962, 5192739.095790685154498 ], [ 634362.473643840407021, 5192736.32170485612005 ], [ 634336.051426167483442, 5192734.243683911859989 ], [ 634318.953774594352581, 5192734.359621572308242 ], [ 634310.373772189486772, 5192736.248739217408001 ], [ 634302.252066681860015, 5192742.346592103131115 ], [ 634293.087063988903537, 5192735.740494442172348 ], [ 634274.433518718229607, 5192735.819756904616952 ], [ 634258.611008535139263, 5192739.792062778025866 ], [ 634230.361153238336556, 5192743.600945731624961 ], [ 634216.941619282821193, 5192740.529164828360081 ], [ 634202.48529486800544, 5192738.98608432430774 ], [ 634169.124001791700721, 5192744.212719227187335 ], [ 634138.972541155759245, 5192746.733211159706116 ], [ 634121.599555568885989, 5192753.986375082284212 ], [ 634118.497088027768768, 5192757.505248253233731 ], [ 634126.649098578840494, 5192760.422029166482389 ], [ 634126.635588844656013, 5192761.215509278699756 ], [ 634117.7480413406156, 5192762.651610751636326 ], [ 634121.670409462647513, 5192765.364093125797808 ], [ 634120.794996209209785, 5192765.685167783871293 ], [ 634133.770377328502946, 5192769.061410973779857 ], [ 634147.736432812642306, 5192773.573113694787025 ], [ 634159.660951420548372, 5192778.45709734223783 ], [ 634180.596640645177104, 5192780.034667141735554 ], [ 634185.822605710010976, 5192783.701084120199084 ], [ 634202.62895931629464, 5192780.896988498978317 ], [ 634212.383693414274603, 5192782.915063078515232 ], [ 634216.778758400818333, 5192788.9427206851542 ], [ 634222.117563453968614, 5192793.928166126832366 ], [ 634221.110777568654157, 5192798.67328648082912 ], [ 634222.847398177837022, 5192805.449391935020685 ], [ 634232.817689957679249, 5192802.576590212062001 ], [ 634251.311966909328476, 5192804.082039938308299 ], [ 634265.260319680441171, 5192808.420362193137407 ], [ 634277.917128375731409, 5192818.689523048698902 ], [ 634282.769728141603991, 5192821.153275080956519 ], [ 634265.713802093407139, 5192828.403128396719694 ], [ 634257.464968457701616, 5192831.172954373061657 ], [ 634224.680689875269309, 5192837.625873737037182 ], [ 634214.082939199754037, 5192838.503715574741364 ], [ 634207.883105094428174, 5192837.472161111421883 ], [ 634205.684903141809627, 5192837.933799524791539 ], [ 634198.367604593862779, 5192835.999928265810013 ], [ 634191.739997788448818, 5192830.799088404513896 ], [ 634183.177318403497338, 5192831.670898825861514 ], [ 634174.807707672589459, 5192833.156556081026793 ], [ 634175.752265126560815, 5192837.446555917151272 ], [ 634179.082927080104128, 5192845.033500169403851 ], [ 634188.13474374555517, 5192851.293214550241828 ], [ 634193.610867849551141, 5192852.404051378369331 ], [ 634196.499394887825474, 5192853.108187047764659 ], [ 634196.075919840717688, 5192854.997326549142599 ], [ 634211.772748950868845, 5192857.645714219659567 ], [ 634228.162335442379117, 5192858.45390632096678 ], [ 634241.861954954569228, 5192861.861999834887683 ], [ 634253.492912028101273, 5192862.456885800696909 ], [ 634255.63753017783165, 5192868.578513412736356 ], [ 634253.955999708268791, 5192874.105856033973396 ], [ 634257.900885011884384, 5192875.495873128063977 ], [ 634268.404668418690562, 5192872.367586082778871 ], [ 634295.776890436885878, 5192880.77073588874191 ], [ 634318.388231079094112, 5192889.09282685816288 ], [ 634336.084527765633538, 5192890.849264423362911 ], [ 634346.078989717992954, 5192894.326560031622648 ], [ 634355.531556480797008, 5192890.783519191667438 ], [ 634361.377434102119878, 5192889.295631398446858 ], [ 634371.885122098494321, 5192893.707661214284599 ], [ 634375.802988468203694, 5192896.684640131890774 ], [ 634381.859319895855151, 5192898.375178129412234 ], [ 634392.681038632406853, 5192899.882282779552042 ], [ 634397.137500685174018, 5192894.534470176324248 ], [ 634405.094824061845429, 5192893.347102530300617 ], [ 634411.615446331561543, 5192891.076992261223495 ], [ 634421.022981281508692, 5192890.178886402398348 ], [ 634436.78061398875434, 5192889.256613736972213 ], [ 634443.928695715148933, 5192888.981463391333818 ], [ 634450.200586667400785, 5192885.781121962703764 ], [ 634457.382443614536896, 5192883.522269648499787 ], [ 634469.179428693256341, 5192882.135706294327974 ], [ 634478.766496727941558, 5192878.462668958120048 ], [ 634484.444102683803067, 5192879.088477713055909 ], [ 634500.461728159105405, 5192878.435201422311366 ], [ 634503.207387904636562, 5192880.33394169062376 ], [ 634509.87376849912107, 5192877.272601463831961 ], [ 634516.866038822103292, 5192862.840286828577518 ], [ 634522.032671340741217, 5192862.399114273488522 ], [ 634527.071560422657058, 5192861.691196409985423 ], [ 634530.572423142613843, 5192865.851642542518675 ], [ 634540.154989187140018, 5192862.443097904324532 ], [ 634561.843468972481787, 5192862.81237000785768 ], [ 634565.716905306326225, 5192860.629472021944821 ], [ 634575.185238570556976, 5192856.160700638778508 ], [ 634609.9507836997509, 5192838.814754178747535 ], [ 634618.680584150832146, 5192834.847284400835633 ], [ 634645.204593074857257, 5192805.60044773016125 ], [ 634661.330909338197671, 5192790.814524979330599 ], [ 634682.723889303859323, 5192765.535223424434662 ], [ 634703.223349628853612, 5192744.921669841744006 ], [ 634736.152183870552108, 5192711.494443546980619 ], [ 634752.974566262681037, 5192703.640050935558975 ], [ 634761.655036498908885, 5192695.850555503740907 ], [ 634794.495484668994322, 5192679.568392639048398 ], [ 634799.524846517830156, 5192678.377196691930294 ], [ 634810.441226697643287, 5192671.051221185363829 ], [ 634834.165809158468619, 5192660.607758194208145 ], [ 634852.309002603287809, 5192651.65669025760144 ], [ 634871.438121296931058, 5192646.955536048859358 ], [ 634877.001498982077464, 5192646.521115104667842 ], [ 634888.774324961006641, 5192638.784438766539097 ], [ 634900.775619662366807, 5192633.168216218240559 ], [ 634910.687982471543364, 5192625.929004646837711 ], [ 634919.538711779052392, 5192623.078941852785647 ], [ 634927.307259415392764, 5192613.247999841347337 ], [ 634945.25350940565113, 5192600.325015826150775 ], [ 634965.132273853989318, 5192582.672661961056292 ], [ 634969.958383076707833, 5192582.720111437141895 ], [ 634975.533097016857937, 5192577.822899661026895 ], [ 634997.523310502641834, 5192560.471062298864126 ], [ 634993.919463854050264, 5192554.589151717722416 ], [ 635001.756403933977708, 5192544.933466015383601 ], [ 635015.430223614093848, 5192534.318872487172484 ], [ 635042.973622052464634, 5192532.671243944205344 ], [ 635050.366269474150613, 5192524.774875697679818 ], [ 635054.55760979722254, 5192522.379197422415018 ], [ 635062.807357442099601, 5192517.663822351023555 ], [ 635066.636360118165612, 5192510.321033852174878 ], [ 635077.140756080974825, 5192499.387906390242279 ], [ 635079.54856930160895, 5192497.477766973897815 ], [ 635080.96705408138223, 5192486.530336288735271 ], [ 635097.383546955301426, 5192485.377096030861139 ], [ 635111.488198506413028, 5192481.750344348140061 ], [ 635120.660777157172561, 5192475.431510503403842 ], [ 635123.850499720312655, 5192475.313507413491607 ], [ 635133.971239885082468, 5192463.232137919403613 ], [ 635134.999024094082415, 5192461.23336468078196 ], [ 635138.190071676275693, 5192460.459929906763136 ], [ 635151.373763071373105, 5192443.769040389917791 ], [ 635160.61873172421474, 5192429.110476827248931 ], [ 635166.954265278647654, 5192414.402379252016544 ], [ 635175.141256917733699, 5192399.725802353583276 ], [ 635184.587676409631968, 5192388.774656965397298 ], [ 635190.196088321739808, 5192385.695291329175234 ], [ 635195.18995488062501, 5192387.632307141087949 ], [ 635204.012823151890188, 5192382.226530759595335 ], [ 635214.431662166723981, 5192376.31878399476409 ], [ 635219.246592087554745, 5192373.225908937864006 ], [ 635234.314933220040984, 5192358.40191304218024 ], [ 635241.49229834205471, 5192356.407541010528803 ], [ 635245.823270101333037, 5192350.660718359984457 ], [ 635252.20715300925076, 5192348.652837169356644 ], [ 635256.838642779737711, 5192340.794564278796315 ], [ 635262.263614851166494, 5192332.949800143018365 ], [ 635264.495463669183664, 5192341.718633202835917 ], [ 635276.161460147239268, 5192342.39090346172452 ], [ 635291.864444014616311, 5192334.776604553684592 ], [ 635300.207858134992421, 5192326.452384071424603 ], [ 635304.807827237993479, 5192320.445569072850049 ], [ 635310.734770101029426, 5192314.196774614974856 ], [ 635311.004947805777192, 5192298.327125028707087 ], [ 635310.533604311873205, 5192296.625746695324779 ], [ 635306.572724977624603, 5192291.372826090082526 ], [ 635305.709704401786439, 5192286.119631163775921 ], [ 635309.90065580594819, 5192282.381161261349916 ], [ 635313.55337707803119, 5192282.284605423919857 ], [ 635323.238263230770826, 5192281.892027681693435 ], [ 635325.92136909707915, 5192276.88626572676003 ], [ 635336.523651008727029, 5192275.743912555277348 ], [ 635339.725649772677571, 5192277.250870132818818 ], [ 635347.665728640509769, 5192273.975779162719846 ], [ 635352.671777056762949, 5192268.981245465576649 ], [ 635348.775317238876596, 5192255.421796173788607 ], [ 635344.488516647485085, 5192246.141749409027398 ], [ 635339.615550906397402, 5192237.103065893054008 ], [ 635345.117071552434936, 5192224.761897609569132 ], [ 635348.847505871206522, 5192215.837097613140941 ], [ 635346.952136451378465, 5192213.323992729187012 ], [ 635343.903702632756904, 5192207.379217827692628 ], [ 635335.220567976939492, 5192199.98832571040839 ], [ 635337.184599512140267, 5192193.407491480000317 ], [ 635344.035576941911131, 5192188.827993651852012 ], [ 635356.694179563666694, 5192181.900087226182222 ], [ 635368.449234376661479, 5192172.099432644434273 ], [ 635371.916296318289824, 5192167.263195775449276 ], [ 635371.585872351191938, 5192164.696154499426484 ], [ 635372.484792609582655, 5192158.072533028200269 ], [ 635372.74174474645406, 5192156.179201777093112 ], [ 635372.820544830989093, 5192151.550553226843476 ], [ 635373.421578995301388, 5192147.327651699073613 ], [ 635378.850464620394632, 5192147.023218969814479 ], [ 635387.692209764849395, 5192150.177566114813089 ], [ 635390.624923567171209, 5192147.963533346541226 ], [ 635407.184652303112671, 5192135.461875875480473 ], [ 635419.210981169017032, 5192132.246164320036769 ], [ 635428.159226464806125, 5192128.800338367931545 ], [ 635433.245659321197309, 5192115.975871676579118 ], [ 635434.828628813149408, 5192097.588685880415142 ], [ 635436.532225226517767, 5192095.04260493721813 ], [ 635436.091934492345899, 5192085.545759578235447 ], [ 635441.335927746840753, 5192075.898825316689909 ], [ 635441.684408539324068, 5192067.861802375875413 ], [ 635446.110837728483602, 5192056.507695558480918 ], [ 635446.810464234557003, 5192052.709785030223429 ], [ 635451.785225705010816, 5192046.44477432128042 ], [ 635457.617175485007465, 5192039.559386158362031 ], [ 635460.504800539696589, 5192031.56558957323432 ], [ 635467.154314083163626, 5192026.387373236007988 ], [ 635472.767463885480538, 5192019.921573132276535 ], [ 635478.388753239298239, 5192000.544850017875433 ], [ 635485.149935051682405, 5191988.807174795307219 ], [ 635492.039861493627541, 5191981.939796222373843 ], [ 635501.404248707462102, 5191978.433583254925907 ], [ 635506.554051759769209, 5191970.761797959916294 ], [ 635507.020936157787219, 5191954.868295746855438 ], [ 635512.040237891604193, 5191916.458670474588871 ], [ 635535.633836399996653, 5191859.316138652153313 ], [ 635538.097042675013654, 5191856.472531558945775 ], [ 635539.969060578150675, 5191814.465789520181715 ], [ 635545.689016879419796, 5191758.20954639557749 ], [ 635543.448855012422428, 5191679.99068917427212 ], [ 635529.365486785536632, 5191621.413047611713409 ], [ 635513.406462436891161, 5191556.45377826038748 ], [ 635514.155322189792059, 5191552.413654036819935 ], [ 635502.638708182494156, 5191520.889379904605448 ], [ 635492.360984526341781, 5191514.442243081517518 ], [ 635488.346869280794635, 5191509.347063751891255 ], [ 635489.140926859807223, 5191501.555738316848874 ], [ 635489.02726396091748, 5191492.690677182748914 ], [ 635492.165750512620434, 5191487.055827819742262 ], [ 635490.910815352224745, 5191483.065901345573366 ], [ 635493.962078793905675, 5191474.783857743255794 ], [ 635498.203566448180936, 5191466.522074857726693 ], [ 635493.335758961737156, 5191457.179228821769357 ], [ 635493.358844625530764, 5191448.051924512721598 ], [ 635496.058389820507728, 5191437.118184049613774 ], [ 635500.169880763045512, 5191428.721902383491397 ], [ 635504.787848287727684, 5191421.657096801325679 ], [ 635509.92129723529797, 5191415.394778721965849 ], [ 635509.415393327362835, 5191406.25846928358078 ], [ 635509.890926243038848, 5191401.636572509072721 ], [ 635515.418865235289559, 5191395.513254792429507 ], [ 635517.893863659352064, 5191389.999395547434688 ], [ 635516.04747817129828, 5191381.898551423102617 ], [ 635511.589344835141674, 5191379.573809805326164 ], [ 635509.325957133318298, 5191372.656436702236533 ], [ 635500.496378580341116, 5191347.371896132826805 ], [ 635496.769267057883553, 5191340.958749212324619 ], [ 635495.032616211101413, 5191334.182628379203379 ], [ 635498.072620819555596, 5191326.561819285154343 ], [ 635495.246476317523047, 5191321.619149314239621 ], [ 635494.973548427224159, 5191314.338802703656256 ], [ 635499.244297760771587, 5191304.357805135659873 ], [ 635508.739649781724438, 5191298.302020710892975 ], [ 635519.649200031184591, 5191294.651447432115674 ], [ 635532.734915593871847, 5191295.271052601747215 ], [ 635544.624354549334385, 5191294.096320390701294 ], [ 635551.537723374902271, 5191295.950233329087496 ], [ 635562.931574875372462, 5191296.144182713702321 ], [ 635575.915022634901106, 5191298.60391719546169 ], [ 635586.022300629643723, 5191302.642857600934803 ], [ 635594.129596177255735, 5191304.612547856755555 ], [ 635610.089586801477708, 5191306.173462506383657 ], [ 635614.108559991582297, 5191309.752483184449375 ], [ 635616.15472925582435, 5191313.888164483942091 ], [ 635626.91345515078865, 5191319.098152511753142 ], [ 635636.677236111368984, 5191320.58721009362489 ], [ 635653.934084672364406, 5191324.849527787417173 ], [ 635670.702465976588428, 5191326.722391502931714 ], [ 635682.51241738256067, 5191332.347131519578397 ], [ 635686.060580530087464, 5191333.730385004542768 ], [ 635694.72811536246445, 5191337.449636502191424 ], [ 635709.239290879806504, 5191339.813220020383596 ], [ 635718.520787787274458, 5191346.320919355377555 ], [ 635718.623769840807654, 5191348.042384410277009 ], [ 635738.056787129724398, 5191356.574885341338813 ], [ 635754.703608501004055, 5191365.589101413264871 ], [ 635759.139232875779271, 5191369.236316661350429 ], [ 635763.337376893963665, 5191371.29206279758364 ], [ 635773.423613877734169, 5191377.152034608647227 ], [ 635779.076477689552121, 5191379.232543865218759 ], [ 635788.268500735401176, 5191383.225296429358423 ], [ 635796.514532569330186, 5191388.392516143620014 ], [ 635804.482562899473123, 5191394.348717197775841 ], [ 635809.139063580660149, 5191400.26283344719559 ], [ 635812.936809791484848, 5191402.82662102393806 ], [ 635819.788412100984715, 5191412.618227750062943 ], [ 635825.245914944680408, 5191417.984423710033298 ], [ 635844.493764339247718, 5191445.166045567020774 ], [ 635866.388349458458833, 5191496.58511368650943 ], [ 635872.5943918004632, 5191505.024750238284469 ], [ 635873.884197631501593, 5191522.508404764346778 ], [ 635866.533480640384369, 5191534.685834593139589 ], [ 635873.215581546537578, 5191561.785844380967319 ], [ 635875.614565526251681, 5191584.050662093795836 ], [ 635872.372144415974617, 5191591.477326132357121 ], [ 635872.565877599874511, 5191602.153859634883702 ], [ 635882.898021599859931, 5191616.881159990094602 ], [ 635890.50867678062059, 5191636.05984325055033 ], [ 635892.336471136892214, 5191653.023514927364886 ], [ 635893.59925525309518, 5191672.094138079322875 ], [ 635892.351338016567752, 5191701.555347559973598 ], [ 635888.506936237914488, 5191706.031079187057912 ], [ 635880.971032175701112, 5191718.317558924667537 ], [ 635876.71129816561006, 5191729.43868518806994 ], [ 635870.603089737705886, 5191741.545947622507811 ], [ 635870.276112325140275, 5191745.852647285908461 ], [ 635869.058510933071375, 5191746.020878714509308 ], [ 635871.236344656674191, 5191757.963656348176301 ], [ 635871.607742363936268, 5191767.229970403946936 ], [ 635866.877198977395892, 5191780.907141791656613 ], [ 635860.116248855716549, 5191789.522895725443959 ], [ 635855.879833661252633, 5191789.715348195284605 ], [ 635855.923745647422038, 5191793.519791968166828 ], [ 635857.912375201121904, 5191796.20548599679023 ], [ 635857.826825145399198, 5191801.230882037431002 ], [ 635849.705245771212503, 5191810.511357713490725 ], [ 635850.834104643436149, 5191821.907135454006493 ], [ 635848.389919488225132, 5191834.935342591255903 ], [ 635842.536107280291617, 5191852.429672208614647 ], [ 635840.731342120561749, 5191857.425800676457584 ], [ 635841.84727334510535, 5191861.810222231782973 ], [ 635844.058873590547591, 5191871.769290776923299 ], [ 635843.502286461996846, 5191881.152092141099274 ], [ 635844.290685207699426, 5191889.234934363514185 ], [ 635843.359869384323247, 5191897.288509082049131 ], [ 635845.1325337869348, 5191901.948682048358023 ], [ 635847.990192483644933, 5191905.03989877179265 ], [ 635847.673916842555627, 5191908.077083052136004 ], [ 635848.814612431451678, 5191911.006784968078136 ], [ 635855.780358959455043, 5191921.443644601851702 ], [ 635861.030217052786611, 5191932.805328481830657 ], [ 635863.611041442956775, 5191936.252656978555024 ], [ 635870.004223336931318, 5191944.271114896051586 ], [ 635872.669293484301306, 5191955.595944564789534 ], [ 635874.114374922472052, 5191960.697302401065826 ], [ 635878.777225927682593, 5191962.337607806548476 ], [ 635895.324238696019165, 5191975.212700944393873 ], [ 635898.790655857184902, 5191982.369098673574626 ], [ 635913.081060060998425, 5191985.849636119790375 ], [ 635913.422003998188302, 5191984.30502253677696 ], [ 635914.650254079489969, 5191978.740553910844028 ], [ 635917.526680845418014, 5191979.588484014384449 ], [ 635926.248489638674073, 5191987.563590262085199 ], [ 635933.949823169736192, 5191996.509277070872486 ], [ 635933.275486478582025, 5192004.658892137929797 ], [ 635937.317894156905822, 5192007.891379237174988 ], [ 635939.17923842149321, 5191995.686647276394069 ], [ 635948.979587842943147, 5192002.798483893275261 ], [ 635955.278219849336892, 5192001.913569997996092 ], [ 635956.068910911562853, 5191994.320607440546155 ], [ 635954.49461804702878, 5191989.663809833116829 ], [ 635961.987728961510584, 5191976.893524311482906 ], [ 635981.342238220619038, 5191986.152295442298055 ], [ 635996.713903764029965, 5191976.823274281807244 ], [ 636005.287465369096026, 5191978.292086915113032 ], [ 636018.869497266365215, 5191996.381869285367429 ], [ 636023.916453683748841, 5192013.31592379976064 ], [ 636022.993853403022513, 5192022.198176188394427 ], [ 636025.848676069639623, 5192033.226485620252788 ], [ 636029.748553825425915, 5192037.261447087861598 ], [ 636030.570098877651617, 5192042.767075210809708 ], [ 636036.059817754430696, 5192047.290314673446119 ], [ 636040.100948401144706, 5192050.798538486473262 ], [ 636040.847652979660779, 5192054.63218925986439 ], [ 636041.403824749635532, 5192058.017587463371456 ], [ 636041.821912475046702, 5192060.562473008409142 ], [ 636042.910742275998928, 5192064.471795066259801 ], [ 636046.622673066332936, 5192064.00584514811635 ], [ 636047.625154691864736, 5192062.016718858852983 ], [ 636048.155918109463528, 5192060.711996529251337 ], [ 636049.425852029118687, 5192057.590245626866817 ], [ 636056.008901649736799, 5192048.820502161048353 ], [ 636063.993272419786081, 5192046.046144968830049 ], [ 636076.00464557018131, 5192045.106189091689885 ], [ 636083.073127509676851, 5192047.349877539090812 ], [ 636094.050171206239611, 5192053.480361066758633 ], [ 636095.771388225955889, 5192048.014600113034248 ], [ 636088.619948296807706, 5192037.716809854842722 ], [ 636086.665823536575772, 5192022.805906265042722 ], [ 636080.458706534933299, 5191998.888816086575389 ], [ 636087.685615540365689, 5191993.984992016106844 ], [ 636097.628347195219249, 5192000.503969591110945 ], [ 636106.3329890294699, 5192017.584723983891308 ], [ 636121.549452239065431, 5192031.257579823024571 ], [ 636132.145097787491977, 5192052.365514684468508 ], [ 636141.329196578124538, 5192072.364719136618078 ], [ 636147.214450910221785, 5192084.106051489710808 ], [ 636151.247069048695266, 5192111.425555539317429 ], [ 636148.860940218670294, 5192127.259215747006238 ], [ 636145.224383014952764, 5192138.838446026667953 ], [ 636141.824449763866141, 5192140.255899591371417 ], [ 636135.136908794869669, 5192148.332937912084162 ], [ 636130.104500386631116, 5192157.983490200713277 ], [ 636124.268936413573101, 5192165.080483892932534 ], [ 636111.701933475211263, 5192169.734650250524282 ], [ 636103.478517453768291, 5192167.90139429923147 ], [ 636093.253477590158582, 5192171.748802740126848 ], [ 636092.912198696751148, 5192179.362647171132267 ], [ 636088.888277197955176, 5192179.505798986181617 ], [ 636086.460799861932173, 5192172.903103332035244 ], [ 636077.537755610188469, 5192174.867763733491302 ], [ 636074.711362489848398, 5192179.264444105327129 ], [ 636068.637984299566597, 5192177.252296060323715 ], [ 636061.993854436674155, 5192180.326696275733411 ], [ 636052.754747853148729, 5192188.424030002206564 ], [ 636050.559539616340771, 5192193.04311269056052 ], [ 636050.057097136275843, 5192197.691013888455927 ], [ 636051.780012040166184, 5192202.165143756195903 ], [ 636051.706164391478524, 5192206.502856023609638 ], [ 636049.525365263223648, 5192210.27555572334677 ], [ 636047.110885487520136, 5192221.558102197945118 ], [ 636036.758434687391855, 5192226.673281842842698 ], [ 636026.9241663540015, 5192232.43225419241935 ], [ 636017.412738989689387, 5192226.624965592287481 ], [ 636008.708218644256704, 5192232.373920968733728 ], [ 635999.367013565381058, 5192244.91431166511029 ], [ 635997.968363293912262, 5192248.660196950659156 ], [ 635996.273666488705203, 5192248.510113012045622 ], [ 635992.69091928913258, 5192245.099572339095175 ], [ 635989.974080427084118, 5192237.319528322666883 ], [ 635981.832142920000479, 5192237.384435549378395 ], [ 635979.484125177608803, 5192231.849399677477777 ], [ 635971.973356556729414, 5192230.70392762683332 ], [ 635965.931851071421988, 5192226.937698904424906 ], [ 635956.276526748901233, 5192220.260655364952981 ], [ 635945.754491709289141, 5192228.629394970834255 ], [ 635939.25756893819198, 5192227.704704194329679 ], [ 635931.352826843736693, 5192237.746167947538197 ], [ 635936.394341958221048, 5192240.477768118493259 ], [ 635943.538846209528856, 5192251.182481661438942 ], [ 635949.893750147311948, 5192260.449107355438173 ], [ 635954.715756055433303, 5192262.998165352270007 ], [ 635957.363992318627425, 5192265.324794833548367 ], [ 635960.499151936382987, 5192268.439676528796554 ], [ 635961.320436741574667, 5192282.623889126814902 ], [ 635965.406085054739378, 5192293.683569340966642 ], [ 635960.925552855944261, 5192305.818536941893399 ], [ 635947.713481481419876, 5192316.787247243337333 ], [ 635946.73440142639447, 5192321.283259161747992 ], [ 635943.819986610324122, 5192323.220833277329803 ], [ 635942.683938391972333, 5192340.636417125351727 ], [ 635934.463183262967505, 5192351.079308965243399 ], [ 635928.554242557613179, 5192356.270134288817644 ], [ 635926.269851874327287, 5192360.634137566201389 ], [ 635924.312184605631046, 5192373.42419598903507 ], [ 635916.945331841474399, 5192391.40891027264297 ], [ 635915.643728786380962, 5192401.55026485864073 ], [ 635918.367500561638735, 5192433.788489425554872 ], [ 635918.046533286571503, 5192437.61308319400996 ], [ 635920.62718282348942, 5192442.702881600707769 ], [ 635925.789661676855758, 5192444.060715499334037 ], [ 635929.791966915363446, 5192445.18714031111449 ], [ 635931.884033055743203, 5192452.842409605160356 ], [ 635933.347279027919285, 5192459.707005047239363 ], [ 635938.533579840208404, 5192468.649480405263603 ], [ 635951.59115174820181, 5192476.354368077591062 ], [ 635959.52148635010235, 5192476.75395517796278 ], [ 635962.076370562659577, 5192482.088877769187093 ], [ 635959.852339669130743, 5192488.400723132304847 ], [ 635958.148291676305234, 5192495.250563779845834 ], [ 635958.049223517300561, 5192501.069444642402232 ], [ 635960.837080259225331, 5192508.26033257227391 ], [ 635971.606043918523937, 5192520.287658243440092 ], [ 635976.036892376258038, 5192521.680739982053638 ], [ 635978.352305172244087, 5192525.459771153517067 ], [ 635984.242682058829814, 5192525.061447198502719 ], [ 635985.807671230984852, 5192526.373064965009689 ], [ 635989.507085014251061, 5192529.473544493317604 ], [ 636000.680365247884765, 5192538.837873488664627 ], [ 636009.102121251286007, 5192548.238610587082803 ], [ 636014.235202432260849, 5192554.807433876208961 ], [ 636018.138779505272396, 5192561.356456765905023 ], [ 636022.025142405065708, 5192566.184907148592174 ], [ 636023.542399824713357, 5192571.601379293017089 ], [ 636019.738065756275319, 5192576.199677716009319 ], [ 636022.301955327624455, 5192581.005612493492663 ], [ 636023.301392843713984, 5192584.462055245414376 ], [ 636026.988645000034012, 5192586.740617219358683 ], [ 636025.080893074744381, 5192590.015277951955795 ], [ 636019.176362804952078, 5192593.651819732971489 ], [ 636016.027057125931606, 5192593.792855001054704 ], [ 636013.852784819435328, 5192596.835252673365176 ], [ 636007.888146279379725, 5192597.527415321208537 ], [ 635990.283948500058614, 5192595.021121255122125 ], [ 635984.391779539524578, 5192595.423441484570503 ], [ 635985.036597386584617, 5192602.995149742811918 ], [ 635987.711657063802704, 5192609.354178125038743 ], [ 635989.901319991447963, 5192612.830884941853583 ], [ 635992.008681756444275, 5192616.683811344206333 ], [ 636003.680745922029018, 5192626.935076456516981 ], [ 636010.519449155195616, 5192629.453054728917778 ], [ 636012.271841396694072, 5192635.303458633832633 ], [ 636014.188003222807311, 5192639.304651851765811 ], [ 636017.937614631024189, 5192644.395345954224467 ], [ 636023.060888867126778, 5192654.27171101141721 ], [ 636024.457067698473111, 5192657.734908756799996 ], [ 636020.253827170701697, 5192663.748485422693193 ], [ 636020.188530629500747, 5192667.583657459355891 ], [ 636024.859967168187723, 5192665.149764707311988 ], [ 636027.946687539457344, 5192662.556605333462358 ], [ 636031.008640282321721, 5192661.418166395276785 ], [ 636038.65421717625577, 5192663.003479897975922 ], [ 636048.337542566005141, 5192661.448631843551993 ], [ 636056.916203129803762, 5192654.848120983690023 ], [ 636076.202017109142616, 5192645.922806903719902 ], [ 636075.059400383383036, 5192642.960491307079792 ], [ 636081.246394589543343, 5192638.181328359059989 ], [ 636086.674966350663453, 5192630.13291887100786 ], [ 636089.627354721538723, 5192624.077559263445437 ], [ 636096.235128956148401, 5192618.49147642403841 ], [ 636092.904446943546645, 5192610.904497606679797 ], [ 636100.667175385402516, 5192609.204974740743637 ], [ 636099.016149073140696, 5192598.593779993243515 ], [ 636114.920817648991942, 5192596.82935693860054 ], [ 636117.580595389474183, 5192584.052825897932053 ], [ 636137.095618433086202, 5192585.402683582156897 ], [ 636147.458320000092499, 5192586.393197487108409 ], [ 636153.564724789815955, 5192598.301374075002968 ], [ 636158.195852307835594, 5192601.229514109902084 ], [ 636159.868981774663553, 5192603.099361867643893 ], [ 636161.864495018380694, 5192603.211360819637775 ], [ 636168.777383261127397, 5192601.212485489435494 ], [ 636166.321568939834833, 5192590.058675524778664 ], [ 636166.587255191290751, 5192574.453486985526979 ], [ 636173.728154498967342, 5192572.001896494999528 ], [ 636173.833742868853733, 5192571.787090411409736 ], [ 636178.433358628302813, 5192546.875175972469151 ], [ 636183.521802494069561, 5192543.257809253409505 ], [ 636189.964242005487904, 5192537.811494939029217 ], [ 636195.182550739846192, 5192531.407675021328032 ], [ 636196.266333718202077, 5192528.2094636997208 ], [ 636185.898941738065332, 5192527.953139716759324 ], [ 636186.522496725898236, 5192522.407756518572569 ], [ 636190.109531168709509, 5192513.737970720976591 ], [ 636197.458343538106419, 5192504.815188370645046 ], [ 636204.062894336297177, 5192489.847062348388135 ], [ 636207.08325620891992, 5192475.61162840295583 ], [ 636210.788716421579011, 5192464.615185637027025 ], [ 636214.882223984226584, 5192457.276878706179559 ], [ 636220.992495268234052, 5192454.654228537343442 ], [ 636234.441760063869879, 5192430.438841295428574 ], [ 636240.212838290957734, 5192420.575919989496469 ], [ 636244.868254338041879, 5192405.402251616120338 ], [ 636251.701272750506178, 5192392.554583437740803 ], [ 636261.215262980666012, 5192377.6359867695719 ], [ 636267.519291189964861, 5192364.779311553575099 ], [ 636274.002256743144244, 5192356.95254005305469 ], [ 636284.107095439336263, 5192353.949716805480421 ], [ 636289.200041929259896, 5192350.067851873114705 ], [ 636292.51748460275121, 5192349.462902420200408 ], [ 636294.431399116059765, 5192353.596344500780106 ], [ 636294.652635542326607, 5192355.952215955592692 ], [ 636295.103302292875014, 5192360.751213376410306 ], [ 636297.67256986501161, 5192363.770008566789329 ], [ 636308.328947081346996, 5192356.29390802513808 ], [ 636311.048502696910873, 5192351.40765010099858 ], [ 636310.917886623181403, 5192348.717882008291781 ], [ 636312.83689546235837, 5192344.781980728730559 ], [ 636317.114512430271134, 5192339.632043479010463 ], [ 636316.504323007422499, 5192335.926233926787972 ], [ 636295.517013230244629, 5192324.148179209791124 ], [ 636279.504410358611494, 5192316.732137347571552 ], [ 636271.536686583887786, 5192308.095306630246341 ], [ 636268.832417169469409, 5192290.887017174623907 ], [ 636263.212803329108283, 5192285.412976381368935 ], [ 636258.919428857043386, 5192281.325964310206473 ], [ 636255.365099334158003, 5192272.534594996832311 ], [ 636250.210292078205384, 5192264.509692498482764 ], [ 636250.005877316580154, 5192258.30538793746382 ], [ 636248.200858181342483, 5192243.97119577974081 ], [ 636245.261073112953454, 5192230.163432103581727 ], [ 636250.050174264586531, 5192213.047821042127907 ], [ 636253.740769444499165, 5192198.294651011005044 ], [ 636254.52642429608386, 5192183.227454083040357 ], [ 636261.327915559406392, 5192172.23124528862536 ], [ 636267.388505540089682, 5192170.272472228854895 ], [ 636269.290135623188689, 5192162.533694604411721 ], [ 636268.509926125523634, 5192158.98661779705435 ], [ 636265.736619647592306, 5192146.378298917785287 ], [ 636268.575190916773863, 5192135.050051438622177 ], [ 636273.71766124968417, 5192129.577688198536634 ], [ 636276.282736856373958, 5192117.45497999060899 ], [ 636284.173725844593719, 5192104.625317213125527 ], [ 636293.611157969804481, 5192094.203124240040779 ], [ 636297.386130805709399, 5192090.034246918745339 ], [ 636304.222470704233274, 5192092.531773968599737 ], [ 636313.861358203808777, 5192085.817010588943958 ], [ 636309.836570951272734, 5192073.578203423880041 ], [ 636304.726787161896937, 5192062.908354167826474 ], [ 636309.09829161548987, 5192054.781059710308909 ], [ 636317.028633765527047, 5192055.180638858117163 ], [ 636328.11940572981257, 5192056.427736270241439 ], [ 636338.084656389197335, 5192061.624245128594339 ], [ 636339.5680606814567, 5192067.734643415547907 ], [ 636348.550708190537989, 5192084.026427892968059 ], [ 636350.02510650921613, 5192090.665816117078066 ], [ 636347.279922628775239, 5192112.049373267218471 ], [ 636353.268744446104392, 5192117.707330671139061 ], [ 636353.707677073660307, 5192123.006233416497707 ], [ 636346.677713623270392, 5192131.881983947008848 ], [ 636342.521170495077968, 5192142.923224461264908 ], [ 636341.870603263378143, 5192150.055579494684935 ], [ 636346.487418527249247, 5192158.600466312840581 ], [ 636350.540396018885076, 5192153.642607380636036 ], [ 636354.516824621357955, 5192153.181160821579397 ], [ 636362.298572543775663, 5192162.309072241187096 ], [ 636372.546329074539244, 5192166.452107608318329 ], [ 636376.150390670518391, 5192168.617107237689197 ], [ 636381.404068103875034, 5192174.540051797404885 ], [ 636390.423911310499534, 5192173.106180841103196 ], [ 636413.400118940626271, 5192160.004190002568066 ], [ 636438.908704712870531, 5192153.55959908850491 ], [ 636456.194680993212387, 5192147.667045974172652 ], [ 636462.37670164485462, 5192151.84409852232784 ], [ 636471.084005425800569, 5192154.434588103555143 ], [ 636477.001725180656649, 5192153.517728706821799 ], [ 636486.551491906517185, 5192142.486649772152305 ], [ 636491.75581426708959, 5192135.655534138903022 ], [ 636489.204330064821988, 5192130.117027974687517 ], [ 636482.232100698165596, 5192121.246924541890621 ], [ 636477.924183412105776, 5192119.000504498369992 ], [ 636470.620097623439506, 5192109.122298017144203 ], [ 636468.858690019347705, 5192103.80087951477617 ], [ 636469.195230455836281, 5192099.573463506996632 ], [ 636484.397521537030116, 5192092.424267279915512 ], [ 636495.967756680794992, 5192096.589816357009113 ], [ 636506.929123680572957, 5192089.897564062848687 ], [ 636515.679971624631435, 5192088.723682876676321 ], [ 636521.96148049319163, 5192077.189469731412828 ], [ 636528.866538282600231, 5192060.109867525286973 ], [ 636534.063049763673916, 5192050.144612140022218 ], [ 636543.263008240843192, 5192038.130938729271293 ], [ 636548.249057922512293, 5192024.987240120768547 ], [ 636547.223767028190196, 5192007.508057408034801 ], [ 636539.692998640239239, 5191999.17813244368881 ], [ 636539.330611308687367, 5191989.382812784053385 ], [ 636540.622735081124119, 5191975.647085059434175 ], [ 636541.444404184934683, 5191958.463917027227581 ], [ 636538.428060532896779, 5191949.152559857815504 ], [ 636523.163898458820768, 5191944.394986278377473 ], [ 636514.633684872416779, 5191932.608617573045194 ], [ 636509.842422391637228, 5191918.769327853806317 ], [ 636508.153055581031367, 5191909.215990343131125 ], [ 636506.472693969728425, 5191899.133663011714816 ], [ 636505.608330513350666, 5191887.742369094863534 ], [ 636505.259448569500819, 5191877.153565473854542 ], [ 636509.27306366537232, 5191858.966451119631529 ], [ 636513.635560887632892, 5191851.368140198290348 ], [ 636512.520209104055539, 5191839.178858610801399 ], [ 636513.457779390271753, 5191830.728527865372598 ], [ 636523.930676460498944, 5191821.646807935088873 ], [ 636530.595786890713498, 5191809.23986392468214 ], [ 636537.270087871234864, 5191758.229728455655277 ], [ 636530.804045210359618, 5191753.491868146695197 ], [ 636534.839201139518991, 5191745.071952963247895 ], [ 636533.04774451686535, 5191732.592032061889768 ], [ 636534.565231717540883, 5191729.082145894877613 ], [ 636535.975450039375573, 5191724.11468471866101 ], [ 636534.98500901425723, 5191720.129249680787325 ], [ 636536.124035590561107, 5191715.38635044451803 ], [ 636536.090845026308671, 5191709.565209629945457 ], [ 636536.091423737234436, 5191701.760356476530433 ], [ 636535.276004460640252, 5191695.264470490626991 ], [ 636536.977790010976605, 5191688.54686398524791 ], [ 636541.967752527911216, 5191682.94351945258677 ], [ 636548.25542588531971, 5191678.817410022951663 ], [ 636554.993686770088971, 5191675.734255991876125 ], [ 636557.955392192467116, 5191675.704992826096714 ], [ 636562.293922309530899, 5191677.865818541496992 ], [ 636575.603181872051209, 5191677.012051182799041 ], [ 636580.284085437422618, 5191677.907497988082469 ], [ 636589.696171379764564, 5191676.744864 ], [ 636594.620847238926217, 5191674.97669633384794 ], [ 636602.14271416189149, 5191671.883277885615826 ], [ 636610.132078218040988, 5191672.99188860040158 ], [ 636614.756238776957616, 5191673.335178483277559 ], [ 636618.600391356041655, 5191670.950401417911053 ], [ 636620.150910307187587, 5191671.15610634163022 ], [ 636627.579284321633168, 5191669.959702882915735 ], [ 636641.673964117304422, 5191669.593329779803753 ], [ 636649.909331386326812, 5191667.616948748938739 ], [ 636664.151416335254908, 5191661.029918031767011 ], [ 636666.072564614121802, 5191659.317257103510201 ], [ 636674.573134083650075, 5191651.739188464358449 ], [ 636677.343925158842467, 5191647.500294296070933 ], [ 636677.177816539537162, 5191638.607856810092926 ], [ 636677.1305745865684, 5191622.732749412767589 ], [ 636678.25295240082778, 5191612.75104474555701 ], [ 636674.172170687583275, 5191605.064790509641171 ], [ 636674.543509456329048, 5191603.745374487712979 ], [ 636674.808927121572196, 5191591.262107619084418 ], [ 636676.466828310280107, 5191577.797172456979752 ], [ 636677.521667568944395, 5191571.782893789932132 ], [ 636680.75233999104239, 5191568.504285789094865 ], [ 636684.654956010868773, 5191554.165619894862175 ], [ 636684.463022327399813, 5191552.473116637207568 ], [ 636684.815700424253009, 5191544.285772004164755 ], [ 636692.785672394209541, 5191542.357784716412425 ], [ 636702.429062608396634, 5191535.378506475128233 ], [ 636713.035441230749711, 5191527.780648548156023 ], [ 636721.979207918280736, 5191524.599293185397983 ], [ 636723.970020039007068, 5191519.553404926322401 ], [ 636726.609127754112706, 5191513.724837200716138 ], [ 636728.895722108776681, 5191509.953928295522928 ], [ 636729.022691318416037, 5191502.495166221633554 ], [ 636724.434673288604245, 5191492.257510031573474 ], [ 636721.128848912194371, 5191489.671291497536004 ], [ 636720.080303802038543, 5191486.94486591219902 ], [ 636722.300050516845658, 5191477.775555316358805 ], [ 636722.120430822600611, 5191469.67660219501704 ], [ 636729.816921095596626, 5191455.838228926993906 ], [ 636733.521183195640333, 5191447.209156761877239 ], [ 636734.067089842050336, 5191444.346616637893021 ], [ 636733.620165400905535, 5191439.729011949151754 ], [ 636733.100297091761604, 5191430.812718442641199 ], [ 636735.89810065284837, 5191424.986851424910128 ], [ 636737.276952824671753, 5191422.427345969714224 ], [ 636736.771128226420842, 5191417.122327647171915 ], [ 636737.706589285167865, 5191412.000706139020622 ], [ 636735.267389179673046, 5191406.085691639222205 ], [ 636732.660938585060649, 5191401.219652905128896 ], [ 636729.920164142386056, 5191399.940828328020871 ], [ 636725.625375233357772, 5191394.333317065611482 ], [ 636721.574891428812407, 5191389.819562157616019 ], [ 636717.567630399484187, 5191382.76665435358882 ], [ 636711.957190121873282, 5191376.638914838433266 ], [ 636710.604556315811351, 5191372.171084395609796 ], [ 636709.628747759154066, 5191364.217321522533894 ], [ 636708.193056337302551, 5191355.303272098302841 ], [ 636710.186567667871714, 5191350.098686095327139 ], [ 636710.259505727794021, 5191345.813865496776998 ], [ 636712.083514253259636, 5191341.241366258822381 ], [ 636718.687344538629986, 5191335.639029690995812 ], [ 636716.920751306926832, 5191327.513062674552202 ], [ 636709.843531379359774, 5191332.948598076589406 ], [ 636704.466741098207422, 5191331.745870948769152 ], [ 636702.950006952276453, 5191327.592733449302614 ], [ 636713.362566424999386, 5191322.055230376310647 ], [ 636722.26310913125053, 5191321.413023427128792 ], [ 636721.870610191719607, 5191313.288842920213938 ], [ 636717.251521380618215, 5191304.876205259002745 ], [ 636716.257144183269702, 5191293.35040782392025 ], [ 636719.327058856375515, 5191290.63100928068161 ], [ 636715.288581141852774, 5191283.513455624692142 ], [ 636711.571698608342558, 5191278.052922354079783 ], [ 636700.161718440242112, 5191276.906240513548255 ], [ 636693.095989468740299, 5191272.34116087295115 ], [ 636687.060782821266912, 5191263.190075179561973 ], [ 636681.41792464395985, 5191258.966702388599515 ], [ 636681.525979557307437, 5191252.618820443749428 ], [ 636682.119287876645103, 5191247.775679023936391 ], [ 636681.495227730949409, 5191239.08986303023994 ], [ 636682.769317178521305, 5191226.412108196876943 ], [ 636689.602533055935055, 5191210.442463180050254 ], [ 636688.739050072617829, 5191198.998266409151256 ], [ 636694.403867422719486, 5191182.787436617538333 ], [ 636675.131088987342082, 5191168.593894557096064 ], [ 636675.051492347382009, 5191168.644311759620905 ], [ 636672.755869974615052, 5191163.158304349519312 ], [ 636665.714349439833313, 5191158.357457439415157 ], [ 636655.217434984864667, 5191153.294272035360336 ], [ 636654.678506238618866, 5191153.270905617624521 ], [ 636647.855573207489215, 5191143.399944238364697 ], [ 636640.211197143420577, 5191142.695594904944301 ], [ 636633.079209031304345, 5191135.011767603456974 ], [ 636583.149540106882341, 5191141.864912917837501 ], [ 636559.981608563684858, 5191157.068262700922787 ], [ 636554.796296439832076, 5191158.301105371676385 ], [ 636545.122749462956563, 5191164.649117428809404 ], [ 636538.904595560976304, 5191171.259467914700508 ], [ 636521.579144545132294, 5191172.79624398611486 ], [ 636518.936725725419819, 5191184.55548694729805 ], [ 636523.705526581965387, 5191191.352857033722103 ], [ 636529.922805682523176, 5191196.75023580621928 ], [ 636535.385113130207174, 5191198.674905207008123 ], [ 636542.205852025886998, 5191204.489598547108471 ], [ 636552.572031039278954, 5191205.276615645736456 ], [ 636557.959020417300053, 5191199.669722784310579 ], [ 636573.848844573367387, 5191193.943107129074633 ], [ 636575.062012147158384, 5191194.62147490400821 ], [ 636625.153088855091482, 5191191.777839574031532 ], [ 636632.170866170199588, 5191202.268506577238441 ], [ 636622.956068011932075, 5191221.372470060363412 ], [ 636611.916144898161292, 5191235.788903631269932 ], [ 636607.607803374296054, 5191237.03067649435252 ], [ 636599.109430477954447, 5191233.238847265951335 ], [ 636587.139796575997025, 5191230.999887383542955 ], [ 636578.662777044693939, 5191238.792913410812616 ], [ 636571.344189795665443, 5191250.269037933088839 ], [ 636567.577996680280194, 5191257.365526827052236 ], [ 636564.21086271526292, 5191258.761847930960357 ], [ 636562.288950794725679, 5191261.903208453208208 ], [ 636548.210092166205868, 5191270.227353818714619 ], [ 636537.867279662867077, 5191280.023829082027078 ], [ 636532.83526287029963, 5191288.689579226076603 ], [ 636520.243976770667359, 5191299.05834265332669 ], [ 636509.328875323291868, 5191306.606343045830727 ], [ 636509.613506789901294, 5191321.500343112275004 ], [ 636507.350816317251883, 5191325.063470801338553 ], [ 636517.397464263136499, 5191329.849087594076991 ], [ 636521.861676754662767, 5191341.142915608361363 ], [ 636517.212854128796607, 5191353.128246947191656 ], [ 636513.276342041324824, 5191358.763915960676968 ], [ 636508.288888994604349, 5191367.580691947601736 ], [ 636493.996101698023267, 5191369.707890336401761 ], [ 636493.126145722577348, 5191370.078223623335361 ], [ 636484.051687896251678, 5191373.941147471778095 ], [ 636481.040254119201563, 5191374.451353776268661 ], [ 636480.095282958238386, 5191382.551747679710388 ], [ 636478.334079239866696, 5191386.543255690485239 ], [ 636482.897432175232098, 5191389.718823345378041 ], [ 636491.975086697028019, 5191389.104727962985635 ], [ 636495.800259170820937, 5191397.01447843387723 ], [ 636495.170471465098672, 5191406.461319419555366 ], [ 636491.805410131812096, 5191408.834342914633453 ], [ 636487.533508903696202, 5191423.223072142340243 ], [ 636485.08347341325134, 5191437.667550200596452 ], [ 636478.698657476808876, 5191452.163215320557356 ], [ 636469.258765715756454, 5191459.622184532694519 ], [ 636470.20868737436831, 5191465.988072734326124 ], [ 636479.780014078249224, 5191475.675579942762852 ], [ 636484.976262538693845, 5191481.267123474739492 ], [ 636488.66972752311267, 5191488.103029258549213 ], [ 636487.518096937215887, 5191493.586514442227781 ], [ 636483.827314720023423, 5191499.026776127517223 ], [ 636471.920309676555917, 5191502.210601769387722 ], [ 636450.336602966999635, 5191514.330964441411197 ], [ 636437.475156023167074, 5191523.848259487189353 ], [ 636422.609411107725464, 5191526.770060513168573 ], [ 636415.992305795662105, 5191530.043934166431427 ], [ 636409.098769094212912, 5191537.122932244092226 ], [ 636404.28156979882624, 5191546.565504950471222 ], [ 636400.267530174576677, 5191558.561636308208108 ], [ 636398.656687144190073, 5191566.153875228017569 ], [ 636400.664586531813256, 5191572.537772523239255 ], [ 636397.152981988852844, 5191579.885997481644154 ], [ 636387.443861836567521, 5191590.726894640363753 ], [ 636374.457267395802774, 5191595.162282164208591 ], [ 636366.391409095493145, 5191596.506577188149095 ], [ 636360.990771895041689, 5191590.488240052945912 ], [ 636356.586880123475567, 5191588.08504319190979 ], [ 636356.913740031188354, 5191581.31757674086839 ], [ 636353.585837697959505, 5191577.8744105566293 ], [ 636359.64019455446396, 5191570.357814401388168 ], [ 636363.001436491496861, 5191559.4088578755036 ], [ 636364.091833862359636, 5191557.522504768334329 ], [ 636354.663670138921589, 5191551.858922288753092 ], [ 636350.349827710771933, 5191544.165828740224242 ], [ 636339.856480731978081, 5191538.907428650185466 ], [ 636341.449313141289167, 5191532.373170147649944 ], [ 636334.460365299601108, 5191520.189738020300865 ], [ 636335.490448959288187, 5191509.412756075151265 ], [ 636340.110458477865905, 5191499.120199053548276 ], [ 636343.858870579162613, 5191490.29440519399941 ], [ 636349.314457434229553, 5191480.651043176651001 ], [ 636352.245301165501587, 5191470.118074056692421 ], [ 636347.067063943715766, 5191463.468553107231855 ], [ 636338.750907690962777, 5191454.649044535122812 ], [ 636322.806493949145079, 5191446.334654568694532 ], [ 636312.874307940597646, 5191442.156354257836938 ], [ 636300.549642431084067, 5191433.417955169454217 ], [ 636294.734953078790568, 5191426.89527480583638 ], [ 636285.060244651278481, 5191419.796910961158574 ], [ 636282.29358144919388, 5191414.108098927885294 ], [ 636280.056074726162478, 5191408.77858164627105 ], [ 636280.185743288020603, 5191401.161131021566689 ], [ 636287.742878132150508, 5191392.400171705521643 ], [ 636289.332106043817475, 5191386.077509319409728 ], [ 636296.742303206818178, 5191380.403625016100705 ], [ 636308.495884320116602, 5191372.982781308703125 ], [ 636320.350629475200549, 5191372.891907003708184 ], [ 636326.209466963075101, 5191375.433890695683658 ], [ 636332.394472085754387, 5191366.849093033000827 ], [ 636335.406908827251755, 5191365.114041983149946 ], [ 636340.173219108488411, 5191364.877690550871193 ], [ 636346.053109289496206, 5191364.501552097499371 ], [ 636353.468641910236329, 5191367.167669193819165 ], [ 636354.609235911862925, 5191365.440912993624806 ], [ 636347.710315193166025, 5191360.402446430176497 ], [ 636339.081936901202425, 5191354.382083056494594 ], [ 636341.573148358031176, 5191347.916030767373741 ], [ 636343.26547232887242, 5191341.753865193575621 ], [ 636340.807363744010217, 5191336.949735341593623 ], [ 636340.71890325541608, 5191332.820914208889008 ], [ 636344.213723779423162, 5191328.252194607630372 ], [ 636343.620701531297527, 5191326.741278066299856 ], [ 636336.305790562881157, 5191321.633789819665253 ], [ 636337.626692396006547, 5191318.640159663744271 ], [ 636342.099921392393298, 5191316.970132665708661 ], [ 636335.348891619360074, 5191312.569156130775809 ], [ 636330.787201993982308, 5191310.110362117178738 ], [ 636333.563389842282049, 5191305.55407537240535 ], [ 636343.694603501586244, 5191296.228859242983162 ], [ 636335.595082293380983, 5191282.16216082777828 ], [ 636325.079553456627764, 5191272.391139530576766 ], [ 636322.470851358259097, 5191267.108218234963715 ], [ 636319.399565339554101, 5191261.023708360269666 ], [ 636309.692724240245298, 5191253.080075157806277 ], [ 636293.405689584556967, 5191258.676320682279766 ], [ 636279.948869873536751, 5191256.542341525666416 ], [ 636261.003176042810082, 5191241.139272026717663 ], [ 636259.599899741820991, 5191230.320870455354452 ], [ 636256.789962025475688, 5191218.208581713959575 ], [ 636254.574291247758083, 5191208.487551734782755 ], [ 636252.85362031951081, 5191197.663747755810618 ], [ 636254.209638423053548, 5191192.607058369554579 ], [ 636248.801120011485182, 5191183.942879937589169 ], [ 636243.233904605964199, 5191175.276000401936471 ], [ 636241.692858533817343, 5191172.551140145398676 ], [ 636248.229145311517641, 5191170.916229274123907 ], [ 636247.831393364933319, 5191166.305915819481015 ], [ 636246.029681417159736, 5191160.243018507026136 ], [ 636244.098987118457444, 5191152.43175427056849 ], [ 636242.100759535329416, 5191148.58791199605912 ], [ 636241.604602618492208, 5191146.524614449590445 ], [ 636238.359567592386156, 5191144.555658310651779 ], [ 636239.408996511134319, 5191138.858778782188892 ], [ 636242.074427574872971, 5191140.80906377453357 ], [ 636245.751469044364057, 5191139.284225441515446 ], [ 636248.130750766838901, 5191133.607984670437872 ], [ 636247.298973913071677, 5191132.061503279954195 ], [ 636242.519464369863272, 5191123.989896278828382 ], [ 636239.741258703172207, 5191119.339063213206828 ], [ 636238.531112585333176, 5191115.826121457852423 ], [ 636233.757380220340565, 5191107.172749637626112 ], [ 636232.432357013225555, 5191104.081610686145723 ], [ 636222.956233415170573, 5191095.863654782995582 ], [ 636215.879339997307397, 5191094.327747942879796 ], [ 636214.803578870021738, 5191092.245779568329453 ], [ 636213.246324521838687, 5191090.473101017996669 ], [ 636209.475417935522273, 5191088.186513664200902 ], [ 636207.987717474810779, 5191091.653532907366753 ], [ 636204.262733081588522, 5191086.669098941609263 ], [ 636203.525976076954976, 5191083.322958358563483 ], [ 636200.755874097463675, 5191078.196035448461771 ], [ 636199.400537353707477, 5191073.886908572167158 ], [ 636200.554636130225845, 5191071.3666678853333 ], [ 636201.164270914741792, 5191065.8607312226668 ], [ 636206.29772331181448, 5191059.598397699184716 ], [ 636210.463960016029887, 5191059.291373756714165 ], [ 636204.020819763070904, 5191053.474498662166297 ], [ 636204.581324340775609, 5191051.632039566524327 ], [ 636209.355736762168817, 5191050.91959388833493 ], [ 636209.158774147392251, 5191046.947670159861445 ], [ 636209.773304390721023, 5191041.931273776106536 ], [ 636216.731207190314308, 5191037.287423425354064 ], [ 636211.504341449122876, 5191033.494453855790198 ], [ 636215.808292080997489, 5191029.334571574814618 ], [ 636218.579299533274025, 5191021.973739086650312 ], [ 636213.361437868210487, 5191017.651780158281326 ], [ 636210.650088552269153, 5191005.964486752636731 ], [ 636210.233651835238561, 5190999.343113193288445 ], [ 636209.781198147800751, 5190994.837697818875313 ], [ 636214.883134813979268, 5190990.426826685667038 ], [ 636217.855606901459396, 5190986.773422953672707 ], [ 636219.359293422778137, 5190960.606448167935014 ], [ 636217.073384118964896, 5190955.011539043858647 ], [ 636207.345604243921116, 5190951.406529955565929 ], [ 636210.677114291233011, 5190942.20323780644685 ], [ 636213.37158491066657, 5190939.338816006667912 ], [ 636218.396985815255903, 5190939.424355382099748 ], [ 636220.19555173185654, 5190927.02011310774833 ], [ 636220.336016040062532, 5190918.767875926569104 ], [ 636215.995150517090224, 5190912.661760395392776 ], [ 636215.646017766557634, 5190905.194903952069581 ], [ 636209.575018267845735, 5190907.472710193134844 ], [ 636209.50816319999285, 5190902.074315566569567 ], [ 636204.893176176818088, 5190899.239389630965889 ], [ 636197.078484300756827, 5190904.878860085271299 ], [ 636194.267185944365337, 5190911.498207244090736 ], [ 636195.259209714713506, 5190918.499777660705149 ], [ 636193.206279364414513, 5190927.195690035820007 ], [ 636192.202774658217095, 5190930.194722906686366 ], [ 636188.759914407273754, 5190930.56568890158087 ], [ 636177.562161793117411, 5190925.615489145740867 ], [ 636171.144018817227334, 5190932.018912181258202 ], [ 636165.602061339188367, 5190934.773872874677181 ], [ 636160.663563339971006, 5190937.946146987378597 ], [ 636159.045105319935828, 5190941.800718003883958 ], [ 636158.02554845623672, 5190942.312405235134065 ], [ 636148.511164805386215, 5190951.040054897777736 ], [ 636138.521367506240495, 5190950.393785811029375 ], [ 636135.742593391099945, 5190951.068389188498259 ], [ 636123.294964067870751, 5190945.247395133599639 ], [ 636115.721851151902229, 5190947.764261283911765 ], [ 636106.303728257189505, 5190951.063806080259383 ], [ 636103.667900207452476, 5190954.561345912516117 ], [ 636102.090651653124951, 5190955.012195431627333 ], [ 636099.779512122971937, 5190954.88272625207901 ], [ 636095.492541098268703, 5190952.507951056584716 ], [ 636085.995632402482443, 5190948.479403900913894 ], [ 636075.705655535915866, 5190943.216232711449265 ], [ 636069.171499527641572, 5190932.52192838024348 ], [ 636062.117000748869032, 5190916.527225670404732 ], [ 636057.762050830293447, 5190909.329869304783642 ], [ 636050.903220762731507, 5190905.753268782049417 ], [ 636046.646678398828954, 5190903.651723270304501 ], [ 636045.073373174644075, 5190890.711248068138957 ], [ 636049.202866512350738, 5190881.256970550864935 ], [ 636048.679504037369043, 5190865.373784347437322 ], [ 636052.727960527758114, 5190860.680410575121641 ], [ 636065.006314304890111, 5190864.656783065758646 ], [ 636066.311731661553495, 5190855.355625203810632 ], [ 636066.789509920403361, 5190850.601473967544734 ], [ 636059.345953593729064, 5190844.918778450228274 ], [ 636069.622413351200521, 5190824.060276444070041 ], [ 636086.709333152510226, 5190822.763686890713871 ], [ 636091.095160898054019, 5190817.679197682999074 ], [ 636090.215855446411297, 5190811.049947797320783 ], [ 636080.034215580439195, 5190806.908075512386858 ], [ 636081.194894911255687, 5190797.006407032720745 ], [ 636089.001706288545392, 5190785.233577507548034 ], [ 636096.769125310936943, 5190775.775076166726649 ], [ 636089.440647361334413, 5190759.445344559848309 ], [ 636076.799765228061005, 5190744.348048187792301 ], [ 636068.539248184068128, 5190730.098064705729485 ], [ 636059.42648629413452, 5190729.638938301242888 ], [ 636057.1026434476953, 5190726.857705511152744 ], [ 636044.909862155094743, 5190733.222401144914329 ], [ 636028.255142119945958, 5190740.214633391238749 ], [ 636011.57791294506751, 5190748.529338291846216 ], [ 636006.842335369787179, 5190754.73230205476284 ], [ 635999.248928155633621, 5190757.406364738941193 ], [ 635997.752445382415317, 5190764.168291926383972 ], [ 635997.623014162410982, 5190771.772512728348374 ], [ 635986.028863918152638, 5190772.898025203496218 ], [ 635976.670257694553584, 5190778.691585661843419 ], [ 635964.99732366297394, 5190784.445753644220531 ], [ 635957.622427379945293, 5190790.273078302852809 ], [ 635952.075073808897287, 5190785.879374090582132 ], [ 635951.25132940185722, 5190779.539345861412585 ], [ 635946.415820164373145, 5190780.100501684471965 ], [ 635942.412426212802529, 5190779.430139301344752 ], [ 635933.252342946594581, 5190784.236136009916663 ], [ 635924.975631869165227, 5190784.756686066277325 ], [ 635919.047013360075653, 5190783.332918914034963 ], [ 635906.203549358877353, 5190780.137884177267551 ], [ 635896.934984183288179, 5190780.64155191835016 ], [ 635888.288263469003141, 5190783.470801985822618 ], [ 635881.950242911931127, 5190786.670062333345413 ], [ 635875.685379387694411, 5190785.571286047808826 ], [ 635871.214293254539371, 5190776.235192311927676 ], [ 635857.367721273098141, 5190773.684512206353247 ], [ 635847.454803215805441, 5190773.185070638544858 ], [ 635842.879748799256049, 5190770.76509852334857 ], [ 635830.816973080975004, 5190779.185443344525993 ], [ 635820.460888480534777, 5190785.292737203650177 ], [ 635806.849269716069102, 5190788.368192914873362 ], [ 635790.256460736272857, 5190791.723619400523603 ], [ 635779.755465072114021, 5190786.914887064136565 ], [ 635774.811132949078456, 5190777.255021790973842 ], [ 635764.867796210572124, 5190767.810792224481702 ], [ 635759.057356159086339, 5190759.444045837037265 ], [ 635745.637072319514118, 5190751.278486989438534 ], [ 635750.866459919139743, 5190735.493229967541993 ], [ 635761.940052245976403, 5190726.091009660623968 ], [ 635767.359372290084139, 5190718.576831716112792 ], [ 635770.800610950565897, 5190710.698271090164781 ], [ 635768.041484362445772, 5190703.06189579423517 ], [ 635755.976444711559452, 5190700.781359104439616 ], [ 635751.011667508631945, 5190706.606304045766592 ], [ 635743.910833784146234, 5190704.104302210733294 ], [ 635731.712107555475086, 5190704.484493236988783 ], [ 635725.025740550365299, 5190707.983587988652289 ], [ 635707.197886373382062, 5190725.306531636975706 ], [ 635692.685587967862375, 5190738.552644011564553 ], [ 635687.123301092302427, 5190749.951814708299935 ], [ 635683.670807527843863, 5190758.49160941503942 ], [ 635675.482739896979183, 5190773.234362408518791 ], [ 635672.618325139046647, 5190786.083445915952325 ], [ 635672.99256073567085, 5190802.956220203079283 ], [ 635680.024176212144084, 5190817.296599881723523 ], [ 635690.07074615242891, 5190829.373301209881902 ], [ 635703.160408466821536, 5190837.533234030939639 ], [ 635707.670883831917308, 5190844.554998129606247 ], [ 635710.595798875554465, 5190847.581208159215748 ], [ 635705.244007305940613, 5190851.127966656349599 ], [ 635699.432164907688275, 5190862.273312656208873 ], [ 635703.869481978937984, 5190873.593111625872552 ], [ 635702.607506237342022, 5190889.445895439013839 ], [ 635702.466817672015168, 5190897.711346674710512 ], [ 635711.016459884354845, 5190904.471149520948529 ], [ 635713.17630971269682, 5190917.471895767375827 ], [ 635715.820127439452335, 5190933.12659074831754 ], [ 635717.227011609007604, 5190943.733381059020758 ], [ 635710.251110319280997, 5190949.435205067507923 ], [ 635702.361297593684867, 5190946.655198541469872 ], [ 635692.064022644422948, 5190945.421640121378005 ], [ 635683.066709777223878, 5190945.533064221031964 ], [ 635681.075684560928494, 5190953.700876909308136 ], [ 635673.916326699545607, 5190954.637298595160246 ], [ 635647.956482819165103, 5190940.966873162426054 ], [ 635647.382473348756321, 5190943.602813056670129 ], [ 635638.470700714038685, 5190938.688843660987914 ], [ 635635.25737641309388, 5190925.40559711959213 ], [ 635635.136947656748816, 5190916.937274438329041 ], [ 635627.287654590094462, 5190911.776819578371942 ], [ 635627.900917178019881, 5190907.463288645260036 ], [ 635624.217129554832354, 5190890.732611587271094 ], [ 635631.581328596454114, 5190877.761693994514644 ], [ 635632.153648941079155, 5190867.453165682964027 ], [ 635630.284742292016745, 5190860.674793572165072 ], [ 635623.042098297737539, 5190866.504362979903817 ], [ 635612.40435871318914, 5190861.957874092273414 ], [ 635599.668110235128552, 5190864.122226872481406 ], [ 635598.267555702012032, 5190875.830344928428531 ], [ 635609.711721401195973, 5190887.401692122220993 ], [ 635613.064609841327183, 5190892.485611730255187 ], [ 635612.929548801621422, 5190900.420443141832948 ], [ 635608.38362183352001, 5190903.253346656449139 ], [ 635595.423397248727269, 5190903.032746740616858 ], [ 635587.26008801208809, 5190900.77722863201052 ], [ 635581.786742925527506, 5190895.921787379309535 ], [ 635580.595816023997031, 5190888.799551918171346 ], [ 635582.748349741334096, 5190878.914778613485396 ], [ 635583.174005502602085, 5190874.533509629778564 ], [ 635571.271122047444806, 5190876.429116230458021 ], [ 635557.414993867045268, 5190866.668712748214602 ], [ 635555.434099412756041, 5190858.697866343893111 ], [ 635558.30414314311929, 5190845.518169203773141 ], [ 635556.20731964870356, 5190828.814507554285228 ], [ 635556.400905018905178, 5190817.4412507629022 ], [ 635555.768228339264169, 5190808.608806699514389 ], [ 635552.684703447157517, 5190791.608228421770036 ], [ 635536.908647426171228, 5190774.158142734318972 ], [ 635531.780121628195047, 5190768.610491219907999 ], [ 635525.848980940296315, 5190762.684178551658988 ], [ 635523.047589934314601, 5190756.286793410778046 ], [ 635523.908602014533244, 5190752.332884379662573 ], [ 635516.388653320260346, 5190748.461184070445597 ], [ 635489.329824643325992, 5190751.52592081669718 ], [ 635489.216096751624718, 5190756.809333364479244 ], [ 635478.353272630134597, 5190769.049830132164061 ], [ 635472.564781740540639, 5190788.937202207744122 ], [ 635468.484828729764558, 5190796.506578344851732 ], [ 635469.840352414292283, 5190804.591346771456301 ], [ 635475.891084974398836, 5190822.156017312780023 ], [ 635480.933361588278785, 5190836.793243166059256 ], [ 635483.246767711476423, 5190845.813730266876519 ], [ 635486.262642044108361, 5190850.11249989643693 ], [ 635484.034137512790039, 5190856.688841274008155 ], [ 635485.508553112857044, 5190863.328210731968284 ], [ 635489.609903589473106, 5190871.070577587932348 ], [ 635497.441186413750984, 5190877.289007080718875 ], [ 635512.382301703095436, 5190885.480451677925885 ], [ 635524.764012654544786, 5190888.601484450511634 ], [ 635543.641029578866437, 5190898.711920896545053 ], [ 635559.590601090574637, 5190909.830813206732273 ], [ 635564.17141758906655, 5190920.491623898036778 ], [ 635569.868738009594381, 5190927.732016480527818 ], [ 635571.325144495349377, 5190935.429365030489862 ], [ 635569.648137119715102, 5190940.692239694297314 ], [ 635560.924983947305009, 5190939.606443080119789 ], [ 635558.522085655829869, 5190939.307347248308361 ], [ 635549.757036037975922, 5190943.528517011553049 ], [ 635539.65562336309813, 5190942.913735669106245 ], [ 635535.763175944215618, 5190946.374340270645916 ], [ 635530.324356342898682, 5190948.264202702790499 ], [ 635526.032455317908898, 5190953.972100460901856 ], [ 635517.241113563301042, 5190957.526452530175447 ], [ 635513.995148507761769, 5190961.704336674883962 ], [ 635506.557793070329353, 5190963.429738692007959 ], [ 635499.335409202380106, 5190968.069080078974366 ], [ 635494.210971528431401, 5190973.802415171638131 ], [ 635482.738670601975173, 5190979.427700006403029 ], [ 635477.982275328948162, 5190979.08216813672334 ], [ 635471.164017730974592, 5190979.305305387824774 ], [ 635468.334000321337953, 5190990.865083656273782 ], [ 635458.999599841656163, 5191003.008745277300477 ], [ 635450.331882167025469, 5191003.970354620367289 ], [ 635436.225516210542992, 5191008.535133557394147 ], [ 635401.66259096423164, 5190999.017551592551172 ], [ 635381.608868862153031, 5190972.549834094010293 ], [ 635357.722089918330312, 5190947.835799774155021 ], [ 635350.674306332948618, 5190924.731245032511652 ], [ 635344.354583898675628, 5190907.426570636220276 ], [ 635338.381438020151109, 5190894.126079928129911 ], [ 635339.780518109211698, 5190890.375304154120386 ], [ 635314.514995997305959, 5190864.868889788165689 ], [ 635308.538128500571474, 5190862.839642931707203 ], [ 635299.265292797470465, 5190851.57735628541559 ], [ 635307.355531730107032, 5190843.491467379033566 ], [ 635310.771870163269341, 5190835.237027474679053 ], [ 635319.992011211579666, 5190828.152321776375175 ], [ 635319.463983791763894, 5190815.395254837349057 ], [ 635311.938560351729393, 5190810.637174806557596 ], [ 635301.335703531978652, 5190810.952603929676116 ], [ 635289.355616781977005, 5190810.698692523874342 ], [ 635278.339945550076663, 5190799.431741522625089 ], [ 635287.176198697416112, 5190777.948212313465774 ], [ 635273.166920586954802, 5190766.784300612285733 ], [ 635281.732740615028888, 5190758.486516256816685 ], [ 635271.78747977828607, 5190740.83464318048209 ], [ 635272.600655118003488, 5190731.919220175594091 ], [ 635262.161573623772711, 5190723.473701124079525 ], [ 635253.016826038714498, 5190716.703780464828014 ], [ 635242.521470906562172, 5190711.56443895213306 ], [ 635233.634185303584673, 5190709.098175932653248 ], [ 635225.537564867874607, 5190699.038961626589298 ], [ 635227.684464579680935, 5190689.484813700430095 ], [ 635217.239468240062706, 5190669.728796576149762 ], [ 635204.284874434117228, 5190653.634055811911821 ], [ 635184.616635823156685, 5190643.377886923030019 ], [ 635181.52992500946857, 5190630.427526332437992 ], [ 635176.346961878240108, 5190624.055754508823156 ], [ 635175.843291202443652, 5190614.787206551060081 ], [ 635170.021601833286695, 5190607.081709956750274 ], [ 635162.159933785907924, 5190602.64862594474107 ], [ 635160.184466876555234, 5190596.713406392373145 ], [ 635160.469343036762439, 5190590.251170506700873 ], [ 635156.182072498253547, 5190584.68835679627955 ], [ 635156.283363445661962, 5190578.737239927984774 ], [ 635161.09208262397442, 5190568.236258286982775 ], [ 635166.192028410034254, 5190560.055226942524314 ], [ 635168.47869184310548, 5190559.228398234583437 ], [ 635174.154356062645093, 5190560.323034615255892 ], [ 635181.467898754868656, 5190559.653802172280848 ], [ 635183.032317660166882, 5190560.147697596810758 ], [ 635187.917731058085337, 5190563.097172310575843 ], [ 635191.898692496586591, 5190559.862095217220485 ], [ 635193.986418525106274, 5190559.205446053296328 ], [ 635195.360258540487848, 5190564.176302104257047 ], [ 635199.186264705960639, 5190564.585364413447678 ], [ 635208.768549342057668, 5190565.079172647558153 ], [ 635232.578648513415828, 5190565.153717898763716 ], [ 635250.471394210821018, 5190563.14326633233577 ], [ 635273.19960651465226, 5190568.490812911652029 ], [ 635279.294493117718957, 5190566.557355635799468 ], [ 635285.341166784637608, 5190565.707817940972745 ], [ 635289.001990764052607, 5190565.135156924836338 ], [ 635293.28139428794384, 5190565.525479280389845 ], [ 635296.404003805830143, 5190568.594734619371593 ], [ 635302.722152258153073, 5190570.448439734987915 ], [ 635304.394884471548721, 5190574.762957453727722 ], [ 635311.430885017500259, 5190581.073670475743711 ], [ 635320.77507187356241, 5190582.343910579569638 ], [ 635328.84158348152414, 5190584.068631546571851 ], [ 635334.689044988597743, 5190585.596840731799603 ], [ 635338.944139120168984, 5190587.415432050824165 ], [ 635343.540936213801615, 5190587.811156877316535 ], [ 635351.650665794149972, 5190586.996733617037535 ], [ 635364.449030088027939, 5190581.182353065349162 ], [ 635370.517313816817477, 5190579.063243140466511 ], [ 635380.854197706677951, 5190577.969241868704557 ], [ 635390.015379805350676, 5190580.665049923583865 ], [ 635404.830213834298775, 5190586.94942158088088 ], [ 635416.678433487075381, 5190590.325934879481792 ], [ 635424.559239443391562, 5190593.63492089882493 ], [ 635432.641959688509814, 5190594.407463193871081 ], [ 635437.534542180132121, 5190596.078162892721593 ], [ 635440.151350762927905, 5190600.884978470392525 ], [ 635440.721310559194535, 5190604.70450037624687 ], [ 635442.437260647420771, 5190606.479874708689749 ], [ 635449.669775167130865, 5190610.5715396637097 ], [ 635454.592069967417046, 5190610.496577388606966 ], [ 635459.963443485088646, 5190612.016684126108885 ], [ 635468.645836318493821, 5190614.863086746074259 ], [ 635476.782579562277533, 5190612.461698033846915 ], [ 635481.400987064815126, 5190611.587850671261549 ], [ 635484.714707561535761, 5190612.755449968390167 ], [ 635489.516121700638905, 5190610.45603446289897 ], [ 635499.260771364322864, 5190616.177883566357195 ], [ 635504.492356631206349, 5190616.584413328208029 ], [ 635513.877064509433694, 5190615.474206029437482 ], [ 635519.942649578326382, 5190613.513792430981994 ], [ 635530.736719470703974, 5190613.538771183229983 ], [ 635541.555099626071751, 5190612.135480505414307 ], [ 635547.050056499661878, 5190615.721344575285912 ], [ 635553.840928431833163, 5190627.107652489095926 ], [ 635552.508093960117549, 5190632.772478551603854 ], [ 635552.129711041110568, 5190634.380685248412192 ], [ 635549.789109326899052, 5190641.325520259328187 ], [ 635544.159096685820259, 5190645.674485974945128 ], [ 635541.070930883055553, 5190649.907972928136587 ], [ 635543.423698984319344, 5190660.901256485842168 ], [ 635548.420956591959111, 5190665.748590689152479 ], [ 635553.601220985874534, 5190669.170356682501733 ], [ 635562.262006381293759, 5190673.286334103904665 ], [ 635573.838755966979079, 5190673.959606581367552 ], [ 635583.134328236337751, 5190678.086388854309916 ], [ 635593.196372449281625, 5190683.813643221743405 ], [ 635598.333419053582475, 5190689.774555820040405 ], [ 635607.844412293983623, 5190690.57141066994518 ], [ 635609.797594434232451, 5190688.495030771940947 ], [ 635606.583613113500178, 5190680.707909506745636 ], [ 635605.701662818319164, 5190676.565590388141572 ], [ 635605.385886359028518, 5190674.184898463077843 ], [ 635599.712377957068384, 5190664.716695934534073 ], [ 635597.768171392614022, 5190657.698929795995355 ], [ 635603.901286052539945, 5190651.771100765094161 ], [ 635613.643906467594206, 5190648.285846824757755 ], [ 635620.398302179761231, 5190643.162305073812604 ], [ 635632.370779260760173, 5190639.238776524551213 ], [ 635642.457804729230702, 5190634.171957840211689 ], [ 635647.116730936802924, 5190630.917660707607865 ], [ 635652.319366756477393, 5190628.73725451156497 ], [ 635659.732098654611036, 5190626.528846053406596 ], [ 635663.240300673991442, 5190616.270287167280912 ], [ 635661.252875230275095, 5190611.791666536591947 ], [ 635635.352908214088529, 5190613.255745569244027 ], [ 635635.208385756588541, 5190603.093758423812687 ], [ 635643.116875418927521, 5190595.449977064505219 ], [ 635657.243578320019878, 5190595.531678484752774 ], [ 635666.618733936687931, 5190591.27203322108835 ], [ 635668.158883973141201, 5190589.260828583501279 ], [ 635667.804660871857777, 5190581.265854732133448 ], [ 635673.09093815064989, 5190569.132647395133972 ], [ 635680.017535974038765, 5190563.218321342952549 ], [ 635691.393957173218951, 5190557.960910372436047 ], [ 635694.112000141874887, 5190556.659228811040521 ], [ 635695.345713212969713, 5190555.355766619555652 ], [ 635703.526918767136522, 5190552.9827048080042 ], [ 635706.351713129552081, 5190545.569879857823253 ], [ 635704.145388549892232, 5190540.914683167822659 ], [ 635698.013607989181764, 5190528.110906730405986 ], [ 635695.385779799893498, 5190521.142280786298215 ], [ 635682.399861862650141, 5190503.333055401220918 ], [ 635677.862481399788521, 5190499.59111025556922 ], [ 635661.894974157214165, 5190485.978828031569719 ], [ 635659.130735903745517, 5190485.979707245714962 ], [ 635654.481007951078936, 5190485.557123275473714 ], [ 635651.341213429812342, 5190485.690274206921458 ], [ 635643.194441614323296, 5190488.300030935555696 ], [ 635637.155865873675793, 5190488.67348060850054 ], [ 635635.230791154783219, 5190486.373477406799793 ], [ 635631.374648493132554, 5190486.537006891332567 ], [ 635622.484799575642683, 5190485.170275138691068 ], [ 635607.463387958938256, 5190489.120562320575118 ], [ 635600.088379059685394, 5190484.074017103761435 ], [ 635596.236984893563204, 5190481.134917465038598 ], [ 635587.834363679401577, 5190479.843092570081353 ], [ 635570.573561556986533, 5190468.040471885353327 ], [ 635567.019353384501301, 5190459.064815569669008 ], [ 635565.666713118553162, 5190454.597000975161791 ], [ 635565.266252507455647, 5190450.145392671227455 ], [ 635566.138065824634396, 5190445.556696089915931 ], [ 635565.748409270541742, 5190440.470301334746182 ], [ 635565.482335778186098, 5190437.449663599021733 ], [ 635565.22706640814431, 5190433.794239416718483 ], [ 635569.087104931008071, 5190430.843828615732491 ], [ 635570.568238629261032, 5190429.638951710425317 ], [ 635558.829137877095491, 5190411.013678260147572 ], [ 635554.071677564526908, 5190408.364302896894515 ], [ 635547.081587435561232, 5190399.355746727436781 ], [ 635539.131214519962668, 5190390.807074570097029 ], [ 635538.23575627815444, 5190387.458239789120853 ], [ 635538.942143245134503, 5190384.390790063887835 ], [ 635535.20227701717522, 5190379.151996118016541 ], [ 635528.989463499630801, 5190371.109125546179712 ], [ 635520.269916408346035, 5190361.118679923005402 ], [ 635512.911113512469456, 5190355.11995861120522 ], [ 635505.533403642708436, 5190350.232113651931286 ], [ 635496.21081972878892, 5190347.692305649630725 ], [ 635487.50130452925805, 5190340.731787800788879 ], [ 635487.027785169892013, 5190340.69261438306421 ], [ 635484.145241791266017, 5190340.454146653413773 ], [ 635470.771815853309818, 5190339.347786737605929 ], [ 635441.440035128267482, 5190317.39488857332617 ], [ 635420.627380365156569, 5190314.960754213854671 ], [ 635406.685475869569927, 5190312.515540991909802 ], [ 635387.123880747822113, 5190315.304178800433874 ], [ 635365.22487867763266, 5190311.756611382588744 ], [ 635352.946665455354378, 5190304.284289992414415 ], [ 635346.051849475479685, 5190303.493164964951575 ], [ 635340.874506043852307, 5190296.790776948444545 ], [ 635342.566695867455564, 5190289.452142070047557 ], [ 635338.611611190601252, 5190283.800642104819417 ], [ 635329.42693065374624, 5190269.874289019033313 ], [ 635323.86464994866401, 5190254.699084132909775 ], [ 635315.316405375371687, 5190243.970763402990997 ], [ 635308.09513325849548, 5190233.000456894747913 ], [ 635293.732517891912721, 5190221.908608009107411 ], [ 635284.901772586046718, 5190212.233763902448118 ], [ 635276.31301355548203, 5190203.885892631486058 ], [ 635280.067098136758432, 5190197.840533736161888 ], [ 635278.219000926474109, 5190194.670703772455454 ], [ 635272.731637506512925, 5190196.681528140790761 ], [ 635268.567254258552566, 5190192.64209062140435 ], [ 635264.680869863717817, 5190187.813672265037894 ], [ 635256.884818186867051, 5190190.03072708286345 ], [ 635251.254100593039766, 5190193.418061621487141 ], [ 635240.697391202906147, 5190184.110700258985162 ], [ 635229.782807931303978, 5190195.830623332411051 ], [ 635219.688716464792378, 5190205.977085710503161 ], [ 635203.348051408538595, 5190210.064391981810331 ], [ 635184.002429539337754, 5190198.761044280603528 ], [ 635183.266455848817714, 5190199.008612754754722 ], [ 635173.518187326262705, 5190213.922117467969656 ], [ 635167.82876374386251, 5190221.762407246045768 ], [ 635159.312711984384805, 5190228.814164054580033 ], [ 635140.557493101805449, 5190245.506479735486209 ], [ 635127.255711697274819, 5190257.582624865695834 ], [ 635112.502014291007072, 5190261.696937749162316 ], [ 635103.498512481688522, 5190254.400292852893472 ], [ 635092.890982643701136, 5190242.405365985818207 ], [ 635068.666326954844408, 5190249.045188772492111 ], [ 635051.98294580692891, 5190249.951811142265797 ], [ 635044.990159849403426, 5190241.101965485140681 ], [ 635037.102606013184413, 5190238.18973059207201 ], [ 635032.113782275468111, 5190228.183424325659871 ], [ 635028.538085811538622, 5190221.068129719235003 ], [ 635013.041091833612882, 5190205.705915162339807 ], [ 635008.092452175682411, 5190198.00205809995532 ], [ 635011.008468178915791, 5190185.775611150078475 ], [ 635011.062795101199299, 5190182.583570910617709 ], [ 635009.505742299719714, 5190173.576250501908362 ], [ 635004.440348235191777, 5190163.863207345828414 ], [ 635005.513620227808133, 5190155.255159654654562 ], [ 635001.413484287797473, 5190141.554901733063161 ], [ 635003.867829197784886, 5190126.016454075463116 ], [ 634998.284303708584048, 5190123.008572115562856 ], [ 634997.735380679718219, 5190109.560554895550013 ], [ 634988.491031490266323, 5190103.83240713737905 ], [ 634986.73555659246631, 5190097.313405651599169 ], [ 634983.791229962836951, 5190096.20501297339797 ], [ 634956.549366843071766, 5190042.827262082137167 ], [ 634949.276779033825733, 5190034.872200133278966 ], [ 634945.00063079316169, 5190033.853351164609194 ], [ 634940.969944741344079, 5190028.985633893869817 ], [ 634937.485076753422618, 5190019.997068231925368 ], [ 634941.027576828608289, 5190006.167403975501657 ], [ 634936.024663949501701, 5189989.215886177495122 ], [ 634935.543485928094015, 5189978.624874771572649 ], [ 634943.667379593593068, 5189968.602746647782624 ], [ 634947.64096688979771, 5189964.590252998284996 ], [ 634947.850889944471419, 5189960.934911537915468 ], [ 634944.028245320427231, 5189952.448515950702131 ], [ 634949.892561842920259, 5189943.658749293535948 ], [ 634948.475532086100429, 5189938.577375257387757 ], [ 634947.698256195872091, 5189935.790115950629115 ], [ 634943.023096029181033, 5189936.975345635786653 ], [ 634939.906129192793742, 5189936.037119967862964 ], [ 634934.824439198710024, 5189923.714247145690024 ], [ 634937.256822000723332, 5189917.693135404027998 ], [ 634934.884213856654242, 5189908.041301989927888 ], [ 634926.629928409587592, 5189896.801382423378527 ], [ 634925.464823891990818, 5189892.62632970418781 ], [ 634917.326954755699262, 5189884.02102729305625 ], [ 634911.852736661210656, 5189874.377745488658547 ], [ 634911.33779555617366, 5189865.770439338870347 ], [ 634918.359534975374117, 5189861.259955711662769 ], [ 634912.594101433060132, 5189850.248300826177001 ], [ 634910.420446034753695, 5189841.943478800356388 ], [ 634903.394435534020886, 5189827.272526310756803 ], [ 634894.165281195892021, 5189825.461893192492425 ], [ 634892.589602592634037, 5189824.019492638297379 ], [ 634890.955607489449903, 5189820.011394665576518 ], [ 634886.571526875020936, 5189816.44445291813463 ], [ 634886.598146363394335, 5189815.412464114837348 ], [ 634884.9916402871022, 5189811.337811497971416 ], [ 634886.804819754441269, 5189807.40011137444526 ], [ 634882.295274281525053, 5189804.674388226121664 ], [ 634878.881712974864058, 5189802.289382871240377 ], [ 634872.56116107176058, 5189798.594439296983182 ], [ 634869.756697974167764, 5189799.317806366831064 ], [ 634865.98066423216369, 5189798.164964290335774 ], [ 634863.094746244722046, 5189795.17911758646369 ], [ 634854.040108728571795, 5189790.646471597254276 ], [ 634852.750788665842265, 5189791.024337847717106 ], [ 634846.872821928351186, 5189786.625033034943044 ], [ 634847.612372607691213, 5189779.35807687882334 ], [ 634845.159194778418168, 5189770.721640006639063 ], [ 634848.275416014133953, 5189762.506845289841294 ], [ 634850.912010936182924, 5189756.866578453220427 ], [ 634857.399871793924831, 5189754.96625583153218 ], [ 634870.167599685257301, 5189750.950414264574647 ], [ 634876.651859817444347, 5189749.261686580255628 ], [ 634881.14757231879048, 5189746.269178448244929 ], [ 634883.390922831720673, 5189747.495141685940325 ], [ 634885.048387157730758, 5189747.847965955734253 ], [ 634886.566491844831035, 5189747.284268481656909 ], [ 634893.246358937118202, 5189743.429391273297369 ], [ 634913.688373095123097, 5189747.084413296543062 ], [ 634937.402803198317997, 5189752.77940617967397 ], [ 634955.2280127677368, 5189754.736329117789865 ], [ 634959.777884988230653, 5189759.443745748139918 ], [ 634972.268203126383014, 5189763.955583332106471 ], [ 634975.097425203770399, 5189768.30837662704289 ], [ 634987.157242968562059, 5189763.547545203007758 ], [ 635002.057536558480933, 5189762.478272067382932 ], [ 635030.900032380362973, 5189758.3391406936571 ], [ 635102.486496662953869, 5189768.817403612658381 ], [ 635114.035605806391686, 5189770.336805043742061 ], [ 635127.865474568214267, 5189778.706837642937899 ], [ 635140.206189858028665, 5189784.166613817214966 ], [ 635166.048124316614121, 5189784.450513683259487 ], [ 635193.320590300136246, 5189794.836052375845611 ], [ 635205.816541933920234, 5189799.017276065424085 ], [ 635227.182904965127818, 5189806.656595902517438 ], [ 635239.155578761361539, 5189811.77358809299767 ], [ 635244.912474276963621, 5189814.234023475088179 ], [ 635251.417922059772536, 5189820.628292562440038 ], [ 635245.690514766494744, 5189826.814375693909824 ], [ 635240.112971562426537, 5189829.033568793907762 ], [ 635226.817951322766021, 5189840.712989616207778 ], [ 635215.634481492568739, 5189845.763158813118935 ], [ 635214.857314559165388, 5189850.762430961243808 ], [ 635220.359654876985587, 5189857.801055474206805 ], [ 635221.278361074393615, 5189862.115965230390429 ], [ 635225.217453943798319, 5189865.659771979786456 ], [ 635231.848860758240335, 5189864.570290815085173 ], [ 635235.903169727534987, 5189865.958718178793788 ], [ 635235.103145337081514, 5189861.865096280351281 ], [ 635238.508693442679942, 5189857.637008032761514 ], [ 635244.315644366084598, 5189861.545653633773327 ], [ 635246.300375372520648, 5189866.182962393388152 ], [ 635250.322941449936479, 5189870.896873173303902 ], [ 635258.162100587273017, 5189868.765970533713698 ], [ 635260.819428943796083, 5189871.192331776022911 ], [ 635264.90232501749415, 5189873.801696851849556 ], [ 635264.739645743393339, 5189875.807523556984961 ], [ 635268.987233152845874, 5189876.487160326912999 ], [ 635272.438232076819986, 5189861.823085702955723 ], [ 635266.224209728185087, 5189859.786192327737808 ], [ 635262.595450586639345, 5189860.110585001297295 ], [ 635259.588319474249147, 5189859.583180174231529 ], [ 635259.969874367234297, 5189854.226378646679223 ], [ 635257.535130119882524, 5189849.835183275863528 ], [ 635271.836091921897605, 5189845.117864496074617 ], [ 635283.402085654088296, 5189845.645415626466274 ], [ 635307.279709649155848, 5189841.752505199983716 ], [ 635319.585713243228383, 5189837.662661084905267 ], [ 635332.541699398541823, 5189834.245305562391877 ], [ 635342.807503750664182, 5189829.097473015077412 ], [ 635343.587125784368254, 5189826.496158839203417 ], [ 635341.704698840738274, 5189820.511279033496976 ], [ 635334.588653834536672, 5189811.130195309408009 ], [ 635330.033151345560327, 5189806.753391424193978 ], [ 635329.484448510222137, 5189800.129782913252711 ], [ 635330.543821386876516, 5189796.179249664768577 ], [ 635336.661630828049965, 5189792.102267865091562 ], [ 635332.623180671711452, 5189790.592507452704012 ], [ 635331.755113029386848, 5189783.302036780864 ], [ 635329.803550077136606, 5189781.962505713105202 ], [ 635330.858912188792601, 5189777.664654953405261 ], [ 635334.18828508455772, 5189776.163655148819089 ], [ 635338.15299761435017, 5189776.389871036633849 ], [ 635338.910680959932506, 5189780.497974987141788 ], [ 635341.046170449233614, 5189781.475875483825803 ], [ 635346.426080796401948, 5189776.276016947813332 ], [ 635347.123727536294609, 5189771.621521881781518 ], [ 635351.725379926385358, 5189765.712353346869349 ], [ 635351.555942102568224, 5189763.944010090082884 ], [ 635369.2274350480875, 5189756.813117331825197 ], [ 635374.751727340277284, 5189752.566379910334945 ], [ 635375.949027626076713, 5189747.506995839998126 ], [ 635374.278986941091716, 5189743.033784221857786 ], [ 635360.28897634439636, 5189739.494930384680629 ], [ 635353.862759665353224, 5189740.808646318502724 ], [ 635347.433607736602426, 5189742.122962295077741 ], [ 635340.931498811230995, 5189742.373298397287726 ], [ 635336.140502858208492, 5189745.400835603475571 ], [ 635331.270053564338014, 5189745.770428253337741 ], [ 635325.720547074684873, 5189742.048654831014574 ], [ 635321.815251356689259, 5189738.331115788780153 ], [ 635318.176027934299782, 5189735.672202034853399 ], [ 635315.849601575522684, 5189734.419770451262593 ], [ 635311.035338833229616, 5189728.146882734261453 ], [ 635311.93145008396823, 5189722.129918782971799 ], [ 635311.71398483554367, 5189716.252746065147221 ], [ 635310.61926891177427, 5189714.022717862389982 ], [ 635311.028532173600979, 5189709.891381556168199 ], [ 635308.433319655247033, 5189703.815001163631678 ], [ 635305.797595913056284, 5189700.119068599306047 ], [ 635301.394604502012953, 5189697.663000045344234 ], [ 635299.738067266065627, 5189692.39630689099431 ], [ 635296.755242308834568, 5189690.440634660422802 ], [ 635293.18354384880513, 5189685.776318789459765 ], [ 635284.929271274246275, 5189676.428782169707119 ], [ 635286.27716464153491, 5189671.848189270123839 ], [ 635289.99916192155797, 5189667.433727847412229 ], [ 635285.982024019234814, 5189661.207420943304896 ], [ 635278.090410071657971, 5189658.533240431919694 ], [ 635273.687418705550954, 5189656.077172504737973 ], [ 635261.360405011335388, 5189652.851282388903201 ], [ 635260.29814251861535, 5189649.975840324535966 ], [ 635257.933899315190502, 5189648.983150484971702 ], [ 635259.196015219786204, 5189640.115051601082087 ], [ 635259.422229690710083, 5189636.150339836254716 ], [ 635258.524065018165857, 5189632.960205561481416 ], [ 635254.758560426766053, 5189630.356244398280978 ], [ 635251.670768978307024, 5189630.819825733080506 ], [ 635250.237383354571648, 5189625.517028774134815 ], [ 635249.30951077840291, 5189624.07255603838712 ], [ 635243.795644033816643, 5189621.597583686932921 ], [ 635239.327059665927663, 5189620.690796946175396 ], [ 635235.804749775677919, 5189615.429380755871534 ], [ 635234.868775069015101, 5189614.460997556336224 ], [ 635232.824625621200539, 5189613.315012912265956 ], [ 635230.820986793958582, 5189609.788580962456763 ], [ 635228.806545122526586, 5189606.896935001015663 ], [ 635226.310612559784204, 5189604.314579922705889 ], [ 635225.716337166726589, 5189601.923329811543226 ], [ 635225.969558257726021, 5189596.371653499081731 ], [ 635227.161454715998843, 5189591.629663807339966 ], [ 635225.926991887157783, 5189589.545003881677985 ], [ 635221.300487403408624, 5189590.89495197404176 ], [ 635216.961668240372092, 5189593.995962735265493 ], [ 635215.372002677526325, 5189594.127652205526829 ], [ 635211.915789106860757, 5189592.005182535387576 ], [ 635207.531702946056612, 5189588.438240399584174 ], [ 635205.355864056036808, 5189585.702590487897396 ], [ 635202.69853432464879, 5189583.276231477037072 ], [ 635200.176007266156375, 5189581.236431565135717 ], [ 635199.457731875823811, 5189577.823836668394506 ], [ 635200.948116146610118, 5189574.198123962618411 ], [ 635197.521610201336443, 5189570.329993310384452 ], [ 635193.099714340991341, 5189568.984802167862654 ], [ 635186.652574000065215, 5189565.382751480676234 ], [ 635182.380895848269574, 5189563.262306264601648 ], [ 635174.201974701369181, 5189560.091110130771995 ], [ 635171.194843846955337, 5189559.563707682304084 ], [ 635166.157067173044197, 5189557.09683876298368 ], [ 635164.478923163725995, 5189553.099719665013254 ], [ 635160.223826123168692, 5189551.281140115112066 ], [ 635154.204163251910359, 5189550.543728318065405 ], [ 635148.028504693415016, 5189549.644919401966035 ], [ 635138.673515731235966, 5189549.009489771910012 ], [ 635132.287847990170121, 5189551.123212769627571 ], [ 635123.537937685730867, 5189552.244246777147055 ], [ 635117.902541452087462, 5189556.910616162233055 ], [ 635111.425694683915935, 5189555.054227216169238 ], [ 635109.386947060469538, 5189553.590850353240967 ], [ 635102.100414109765552, 5189552.67313670925796 ], [ 635092.097137060831301, 5189552.820386525243521 ], [ 635086.876358762849122, 5189551.779085386544466 ], [ 635079.42302773531992, 5189551.334760427474976 ], [ 635070.355725729605183, 5189552.450392918661237 ], [ 635059.096381492447108, 5189551.782555161975324 ], [ 635050.967755055287853, 5189553.707873771898448 ], [ 635041.690444269799627, 5189557.836037309840322 ], [ 635028.582814256194979, 5189563.168955432251096 ], [ 635021.053865078603849, 5189567.168129680678248 ], [ 635015.074070403235964, 5189573.416060320101678 ], [ 635007.238331578439102, 5189576.88092066347599 ], [ 635001.536263621645048, 5189576.043036768212914 ], [ 634991.928057493409142, 5189580.959279855713248 ], [ 634985.701088329427876, 5189583.075702277943492 ], [ 634977.214560020714998, 5189587.376064328476787 ], [ 634972.189644723548554, 5189593.481501794420183 ], [ 634969.870670095435344, 5189599.156761865131557 ], [ 634967.839380439254455, 5189606.583083499222994 ], [ 634966.132727431016974, 5189607.90141362324357 ], [ 634962.617958695976995, 5189614.907569218426943 ], [ 634957.743637420120649, 5189621.491795961745083 ], [ 634952.266939108259976, 5189626.160863166674972 ], [ 634948.560207408387214, 5189629.431370697915554 ], [ 634942.986929167760536, 5189630.447720376774669 ], [ 634937.026039685239084, 5189635.584774254821241 ], [ 634932.173324123607017, 5189640.899429376237094 ], [ 634926.562236034078524, 5189644.137527989223599 ], [ 634920.297457487089559, 5189648.475698199123144 ], [ 634918.656479398719966, 5189651.622618273831904 ], [ 634911.321337172063068, 5189653.561437797732651 ], [ 634906.358538340195082, 5189656.016857172362506 ], [ 634907.393792623071931, 5189660.479260289110243 ], [ 634903.861315234098583, 5189672.166075570508838 ], [ 634899.404313487932086, 5189672.883936931379139 ], [ 634892.144791926490143, 5189670.379258091561496 ], [ 634886.259523118846118, 5189671.072812901809812 ], [ 634884.744832587894052, 5189676.126789554022253 ], [ 634884.056032552034594, 5189679.289913630113006 ], [ 634888.348289405112155, 5189688.252529813908041 ], [ 634888.727151964441873, 5189693.97370067704469 ], [ 634886.082681473111734, 5189700.119646547362208 ], [ 634886.504755727364682, 5189703.301675786264241 ], [ 634883.92240219458472, 5189705.797605517320335 ], [ 634885.721429448458366, 5189712.019172091037035 ], [ 634882.415165818063542, 5189719.741278298199177 ], [ 634880.714770836173557, 5189726.379517449066043 ], [ 634885.22784027562011, 5189731.69481876026839 ], [ 634884.062950740102679, 5189734.849840478971601 ], [ 634882.142389981658198, 5189735.769609531387687 ], [ 634875.181356560206041, 5189734.381205583922565 ], [ 634871.824426447390579, 5189735.752756859175861 ], [ 634865.51168235624209, 5189733.581674253568053 ], [ 634863.201456730021164, 5189729.415058081969619 ], [ 634865.665625175694004, 5189724.535982749424875 ], [ 634861.445641820668243, 5189720.654350333847106 ], [ 634863.751761358231306, 5189706.406789324246347 ], [ 634864.424357125069946, 5189704.19584350567311 ], [ 634854.676361600868404, 5189707.998506734147668 ], [ 634845.694858167786151, 5189690.648397399112582 ], [ 634841.498426329460926, 5189687.517183363437653 ], [ 634829.690726909553632, 5189681.76025677472353 ], [ 634812.954958935501054, 5189662.426369461230934 ], [ 634806.011135890614241, 5189657.325230971910059 ], [ 634801.629755463916808, 5189653.599595439620316 ], [ 634797.604223706875928, 5189638.291829654015601 ], [ 634799.4903203046415, 5189630.069329044781625 ], [ 634803.307779684197158, 5189620.292273666709661 ], [ 634807.068524071481079, 5189613.84784082416445 ], [ 634814.498188808560371, 5189606.354649758897722 ], [ 634819.132024224381894, 5189576.589958948083222 ], [ 634817.081235760240816, 5189541.631756080314517 ], [ 634819.701311995391734, 5189512.0444509787485 ], [ 634816.887473478564061, 5189490.830927705392241 ], [ 634806.210834796424024, 5189465.25047043338418 ], [ 634793.749184752698056, 5189451.280738020315766 ], [ 634787.608380911522545, 5189439.00599502120167 ], [ 634799.113215854624286, 5189415.919579488225281 ], [ 634811.017066254746169, 5189408.647546259686351 ], [ 634822.310614330810495, 5189369.190155005082488 ], [ 634827.664039083989337, 5189357.772440821863711 ], [ 634837.293843353865668, 5189351.586623685434461 ], [ 634854.853614987339824, 5189334.762660573236644 ], [ 634865.220905049704015, 5189327.994108877144754 ], [ 634874.209463359205984, 5189324.509225857444108 ], [ 634884.24051011656411, 5189318.065664755180478 ], [ 634895.969653877080418, 5189309.005295131355524 ], [ 634911.61557105043903, 5189302.987996340729296 ], [ 634928.858313873875886, 5189300.305002531968057 ], [ 634938.861230581998825, 5189295.514527169056237 ], [ 634950.007907297927886, 5189281.814258855767548 ], [ 634957.39401549694594, 5189275.325685921125114 ], [ 634974.328647390124388, 5189271.314594521187246 ], [ 634982.571579861454666, 5189272.777719185687602 ], [ 634993.756312846555375, 5189276.275184608064592 ], [ 635004.99168187181931, 5189276.797092697583139 ], [ 635018.55262624938041, 5189276.697149152867496 ], [ 635021.443946025450714, 5189277.459687268361449 ], [ 635025.400722433580086, 5189276.56013794336468 ], [ 635035.269737872062251, 5189279.638358027674258 ], [ 635043.353890112484805, 5189282.190398774109781 ], [ 635054.391543911304325, 5189283.138605901040137 ], [ 635064.189075963455252, 5189282.643906326033175 ], [ 635071.446908982703462, 5189283.693411894142628 ], [ 635079.356975355069153, 5189285.283158007077873 ], [ 635085.097609171993099, 5189282.206000028178096 ], [ 635085.153871157439426, 5189278.899824338033795 ], [ 635091.143245728570037, 5189276.752896382473409 ], [ 635095.406657492509112, 5189274.973453258164227 ], [ 635100.205808872589841, 5189272.806270898319781 ], [ 635104.289713665726595, 5189273.801764930598438 ], [ 635103.056731256307103, 5189276.294204270467162 ], [ 635106.961128975148313, 5189280.064635593444109 ], [ 635108.74732359056361, 5189283.931306345388293 ], [ 635113.200963786919601, 5189286.520516386255622 ], [ 635120.640555322403088, 5189284.662837773561478 ], [ 635132.89902180316858, 5189287.252579308114946 ], [ 635143.131023704074323, 5189292.32125764619559 ], [ 635145.961691855685785, 5189296.999414959922433 ], [ 635153.70125432300847, 5189300.835111005231738 ], [ 635160.495364799164236, 5189298.040450681000948 ], [ 635164.54604443453718, 5189293.214824260212481 ], [ 635168.284969790838659, 5189291.161884941160679 ], [ 635184.514162797713652, 5189278.077240367420018 ], [ 635191.10004145745188, 5189271.971901908516884 ], [ 635197.246419889037497, 5189268.372506054118276 ], [ 635207.539186562411487, 5189269.870513899251819 ], [ 635224.092575599439442, 5189268.829352783039212 ], [ 635235.862565615097992, 5189269.02964520547539 ], [ 635248.843034032150172, 5189268.059968208894134 ], [ 635255.67765445576515, 5189262.884859153069556 ], [ 635264.970958273625001, 5189260.92643900308758 ], [ 635270.941752137150615, 5189259.339866768568754 ], [ 635286.821515750372782, 5189251.773726009763777 ], [ 635304.302357450360432, 5189258.420899553224444 ], [ 635312.716661726590246, 5189261.474366146139801 ], [ 635319.214773781830445, 5189260.526662574149668 ], [ 635322.247455387143418, 5189261.107411918230355 ], [ 635329.861525921965949, 5189264.54411717876792 ], [ 635338.168338817311451, 5189266.140615400858223 ], [ 635347.27763649309054, 5189267.221628086641431 ], [ 635352.303026993875392, 5189267.307146214880049 ], [ 635358.070139300310984, 5189270.447850924916565 ], [ 635370.918364561744966, 5189269.475923208519816 ], [ 635385.597795753041282, 5189269.725726274773479 ], [ 635401.774705047719181, 5189267.487589105963707 ], [ 635415.758613347192295, 5189277.514678348787129 ], [ 635421.224693076917902, 5189290.571668640710413 ], [ 635419.087952856789343, 5189299.530716746114194 ], [ 635416.733978476608172, 5189305.708073886111379 ], [ 635420.256859061075374, 5189316.350858680903912 ], [ 635425.676209334400482, 5189324.380207824520767 ], [ 635430.046584353316575, 5189331.862564613111317 ], [ 635433.145425413618796, 5189334.358472917228937 ], [ 635442.056319189607166, 5189333.522078627720475 ], [ 635453.196586806094274, 5189331.859660523943603 ], [ 635465.417336957994848, 5189328.892774781212211 ], [ 635472.251429664087482, 5189331.522496649064124 ], [ 635480.091738244751468, 5189337.211907232180238 ], [ 635487.057397701079026, 5189330.652784883975983 ], [ 635492.0222926014103, 5189330.406560701318085 ], [ 635499.906486341962591, 5189333.517151840031147 ], [ 635503.672687146812677, 5189325.974828567355871 ], [ 635506.96761389344465, 5189326.692326845601201 ], [ 635513.042513902881183, 5189319.520004970952868 ], [ 635517.83432576037012, 5189310.01085245795548 ], [ 635520.031829948769882, 5189297.481128575280309 ], [ 635521.169965404085815, 5189288.901941076852381 ], [ 635522.302474468830042, 5189280.653371456079185 ], [ 635532.759800164029002, 5189268.594920127652586 ], [ 635539.204700814792886, 5189259.113897486589849 ], [ 635539.245410755043849, 5189237.287486930377781 ], [ 635536.19240865833126, 5189222.353417790494859 ], [ 635542.693569768103771, 5189209.566214827820659 ], [ 635548.454728698241524, 5189201.396410517394543 ], [ 635549.906601733760908, 5189193.814702127128839 ], [ 635556.967727802810259, 5189186.989873798564076 ], [ 635556.995858448906802, 5189185.33678400143981 ], [ 635563.636348520522006, 5189183.79621674399823 ], [ 635573.089242749032564, 5189191.894205829128623 ], [ 635583.556495565804653, 5189198.686601795256138 ], [ 635586.323890118859708, 5189210.970102502033114 ], [ 635594.745547219295986, 5189221.365540151484311 ], [ 635637.274468536488712, 5189268.058472794480622 ], [ 635646.12801493878942, 5189272.508414588868618 ], [ 635643.695538354455493, 5189279.412009820342064 ], [ 635630.722668118076399, 5189283.821239991113544 ], [ 635618.311090848757885, 5189274.680757698602974 ], [ 635610.124407305382192, 5189269.911450561136007 ], [ 635606.880115383537486, 5189266.218390558846295 ], [ 635603.478289935737848, 5189271.782634556293488 ], [ 635605.993831297149882, 5189279.431858157739043 ], [ 635612.510545936413109, 5189285.164888394996524 ], [ 635622.647180163650773, 5189291.951661246828735 ], [ 635634.352511291857809, 5189303.725835906341672 ], [ 635631.617547378176823, 5189308.970714407972991 ], [ 635639.579181223292835, 5189326.964743666350842 ], [ 635641.46624038554728, 5189343.803571589291096 ], [ 635655.594736588886008, 5189329.831391464918852 ], [ 635679.117539613391273, 5189301.929259181953967 ], [ 635693.059530286351219, 5189275.917785269208252 ], [ 635702.209936376893893, 5189247.07490343041718 ], [ 635705.354512900114059, 5189211.540137439034879 ], [ 635707.44034104491584, 5189184.276798822917044 ], [ 635708.323859117808752, 5189172.728547441773117 ], [ 635707.468086600420065, 5189166.173772272653878 ], [ 635700.999872805434279, 5189116.630624788813293 ], [ 635691.547376145492308, 5189065.639534967020154 ], [ 635686.038733172928914, 5189035.923631083220243 ], [ 635683.690463768318295, 5189025.791860410012305 ], [ 635671.167125038336962, 5188962.277024831622839 ], [ 635666.283644118346274, 5188942.662672558799386 ], [ 635653.520481825806201, 5188886.04755678307265 ], [ 635653.275037249084562, 5188884.958808705210686 ], [ 635652.647249421104789, 5188882.174054668284953 ], [ 635644.35783831437584, 5188833.670448274351656 ], [ 635645.644625766202807, 5188806.823649006895721 ], [ 635656.98021788126789, 5188762.388701813295484 ], [ 635666.793815779848956, 5188742.756649851799011 ], [ 635685.821079839020967, 5188719.245270913466811 ], [ 635714.668162901885808, 5188688.464841486886144 ], [ 635736.370381279615685, 5188671.547956893220544 ], [ 635750.585911911213771, 5188662.379398967139423 ], [ 635752.804439552593976, 5188661.082791358232498 ], [ 635771.942881187424064, 5188649.897422543726861 ], [ 635811.996938248164952, 5188631.092907442711294 ], [ 635832.82508514507208, 5188626.810406788252294 ], [ 635836.651904467958957, 5188626.023569783195853 ], [ 635837.374508183216676, 5188625.87499434594065 ], [ 635853.373543822672218, 5188620.597494370304048 ], [ 635878.445359918521717, 5188609.407163758762181 ], [ 635916.111683964729309, 5188601.94796575140208 ], [ 635945.000953573151492, 5188596.226929760538042 ], [ 635974.247909544501454, 5188591.305041277781129 ], [ 635983.963704025722109, 5188589.854589432477951 ], [ 635987.46629156335257, 5188582.553887263871729 ], [ 635979.74861592578236, 5188565.748323503881693 ], [ 635978.285125577589497, 5188562.561511845327914 ], [ 635974.64045642723795, 5188559.026227752678096 ], [ 635952.126490222872235, 5188542.47897042427212 ], [ 635928.021290768519975, 5188513.098264162428677 ], [ 635928.042257497087121, 5188501.845930390059948 ], [ 635927.751583368401043, 5188501.39954648911953 ], [ 635909.993426091736183, 5188472.533154371194541 ], [ 635881.838673020713031, 5188428.456619277596474 ], [ 635873.959383205976337, 5188401.733150191605091 ], [ 635870.545068433275446, 5188348.000410404987633 ], [ 635862.834980301675387, 5188332.490795995108783 ], [ 635859.487070142989978, 5188319.337559575214982 ], [ 635860.149733799393289, 5188292.59955408424139 ], [ 635859.365934455418028, 5188279.808568085543811 ], [ 635875.216893527074717, 5188257.854290397837758 ], [ 635878.983333279378712, 5188246.409529474563897 ], [ 635878.439615127397701, 5188231.716578580439091 ], [ 635882.599972199415788, 5188225.465779250487685 ], [ 635884.01578493474517, 5188207.206336270086467 ], [ 635892.301643035607412, 5188186.710764929652214 ], [ 635907.931365370051935, 5188154.434441342018545 ], [ 635916.189041497069411, 5188116.347538058646023 ], [ 635916.272749868105166, 5188107.350407845340669 ], [ 635922.342198938014917, 5188077.224098562262952 ], [ 635928.557095708325505, 5188054.047574919648468 ], [ 635927.402142481412739, 5188028.629089429974556 ], [ 635895.216826624469832, 5187992.099804744124413 ], [ 635876.624831188935786, 5188002.500930010341108 ], [ 635877.364171210327186, 5188015.078321535140276 ], [ 635863.054462030297145, 5188016.422281829640269 ], [ 635839.769938095589168, 5188016.555259143933654 ], [ 635823.146267592906952, 5188029.500978915952146 ], [ 635823.952237602206878, 5188044.330674972385168 ], [ 635817.640369220403954, 5188042.106714848428965 ], [ 635813.705465787556022, 5188024.578071765601635 ], [ 635812.361505681183189, 5188010.268364976160228 ], [ 635823.812286796513945, 5187990.355783682316542 ], [ 635813.304506009095348, 5187985.943866115994751 ], [ 635816.775447901338339, 5187968.541226634755731 ], [ 635836.242065919796005, 5187944.002744312398136 ], [ 635855.353822725592181, 5187923.164536044001579 ], [ 635851.918147866381332, 5187915.168947582133114 ], [ 635852.04639971954748, 5187907.63085197750479 ], [ 635842.941586777102202, 5187906.285374226979911 ], [ 635838.409813022124581, 5187901.770368973724544 ], [ 635823.136358662275597, 5187905.681522727943957 ], [ 635796.202914018649608, 5187902.577571081928909 ], [ 635769.915461626951583, 5187892.605762232095003 ], [ 635747.985924194334075, 5187875.30010901670903 ], [ 635721.025484135025181, 5187873.783127006143332 ], [ 635699.248949349159375, 5187847.484664544463158 ], [ 635679.687369827413931, 5187815.403326618485153 ], [ 635651.688965773209929, 5187781.591025833971798 ], [ 635630.862407371052541, 5187761.658439296297729 ], [ 635626.828494461020455, 5187749.948684699833393 ], [ 635619.809645598987117, 5187727.076164843514562 ], [ 635611.633819433394819, 5187710.004523476585746 ], [ 635582.451436078874394, 5187683.580079587176442 ], [ 635580.650474064750597, 5187665.029471840709448 ], [ 635585.771364832529798, 5187643.95091718249023 ], [ 635585.992028393317014, 5187635.498718964867294 ], [ 635577.942762312013656, 5187622.746968704275787 ], [ 635574.056639809161425, 5187611.646992110647261 ], [ 635563.627828455064446, 5187608.121678083203733 ], [ 635550.583102786564268, 5187597.316909552551806 ], [ 635530.782476520631462, 5187574.738651527091861 ], [ 635515.244929328095168, 5187567.897533255629241 ], [ 635506.747250940650702, 5187563.095190504565835 ], [ 635489.864584311726503, 5187553.931601294316351 ], [ 635474.781119984923862, 5187546.437842153944075 ], [ 635459.855172195588239, 5187533.682221646420658 ], [ 635459.176275512669235, 5187533.102099551819265 ], [ 635452.906992656411603, 5187526.748254008591175 ], [ 635431.447630332433619, 5187539.730172000825405 ], [ 635406.011178621440195, 5187541.943132898770273 ], [ 635402.173263943404891, 5187549.81496422085911 ], [ 635414.590001250035129, 5187566.429602083750069 ], [ 635423.366815645596944, 5187579.278322942554951 ], [ 635418.45292345690541, 5187588.190132063813508 ], [ 635418.299928629538044, 5187597.182938291691244 ], [ 635411.754071715287864, 5187608.712690901942551 ], [ 635400.618312014616095, 5187610.110662574879825 ], [ 635384.928648836910725, 5187599.260899901390076 ], [ 635380.563737999182194, 5187575.904406317509711 ], [ 635372.925898403744213, 5187558.312789347954094 ], [ 635360.257172225858085, 5187556.509832197800279 ], [ 635341.195586007670499, 5187557.243821943178773 ], [ 635325.3349305735901, 5187556.444844068028033 ], [ 635319.068065491504967, 5187551.575952081941068 ], [ 635317.429091407451779, 5187523.503564655780792 ], [ 635314.561146556749009, 5187505.463959199376404 ], [ 635310.205230530817062, 5187481.578482252545655 ], [ 635309.005244921077974, 5187458.804979830048978 ], [ 635298.407476557535119, 5187459.682966414839029 ], [ 635293.459573103580624, 5187439.491410528309643 ], [ 635306.389282695250586, 5187425.953698379918933 ], [ 635305.943056556629017, 5187424.326943587511778 ], [ 635313.677973877405748, 5187417.787823560647666 ], [ 635303.700256393058226, 5187382.205521679483354 ], [ 635303.253316815011203, 5187360.624752392061055 ], [ 635291.715611498104408, 5187344.960915526375175 ], [ 635282.10868039005436, 5187335.435539205558598 ], [ 635268.018672831589356, 5187326.240936486050487 ], [ 635260.494816078804433, 5187313.9017134020105 ], [ 635240.735577006009407, 5187302.982502068392932 ], [ 635237.804043383919634, 5187307.817119483835995 ], [ 635227.281375805148855, 5187306.055208412930369 ], [ 635224.395781011786312, 5187300.72071464266628 ], [ 635209.155867794062942, 5187292.373635023832321 ], [ 635205.666190072661266, 5187287.551994838751853 ], [ 635187.644774284563027, 5187283.181931690312922 ] ], [ [ 633982.940025325980969, 5191563.843552547506988 ], [ 633979.008645456051454, 5191561.660069454461336 ], [ 633977.466710168751888, 5191558.988121853210032 ], [ 633977.771725493832491, 5191556.612184694036841 ], [ 633980.129652932635508, 5191557.975173168815672 ], [ 633983.769524833653122, 5191561.741113561205566 ], [ 633984.54499493248295, 5191562.812594081275165 ], [ 633982.940025325980969, 5191563.843552547506988 ] ], [ [ 634057.411034185322933, 5191561.572644143365324 ], [ 634059.95748938631732, 5191559.631717348471284 ], [ 634062.707654874888249, 5191561.265953152440488 ], [ 634065.950787460315041, 5191565.025140666402876 ], [ 634066.30250294576399, 5191567.676827831193805 ], [ 634067.499476727447473, 5191567.30034885276109 ], [ 634068.747652972582728, 5191571.687001409940422 ], [ 634066.210202574380673, 5191573.098941464908421 ], [ 634064.625493680825457, 5191572.939680044539273 ], [ 634061.971555235446431, 5191573.423642140813172 ], [ 634060.566368842963129, 5191570.489451826550066 ], [ 634054.685056554153562, 5191566.288499765098095 ], [ 634051.154918465414084, 5191563.847276580519974 ], [ 634048.703014790546149, 5191560.233843233436346 ], [ 634045.93258837366011, 5191559.789827498607337 ], [ 634047.669804894016124, 5191558.761120086535811 ], [ 634051.22470646048896, 5191559.747629828751087 ], [ 634053.609649021876976, 5191559.523658541962504 ], [ 634057.411034185322933, 5191561.572644143365324 ] ], [ [ 633969.406282615149394, 5191572.449804197065532 ], [ 633969.709266700898297, 5191573.301585661247373 ], [ 633966.701917268917896, 5191575.896090959198773 ], [ 633964.91236782760825, 5191575.336487672291696 ], [ 633962.310658558621071, 5191572.752327594906092 ], [ 633960.357680356828496, 5191575.576437301002443 ], [ 633959.265488526783884, 5191577.568576373159885 ], [ 633955.747162429848686, 5191579.096103552728891 ], [ 633953.52721985662356, 5191578.95248556509614 ], [ 633947.51658394432161, 5191577.686059064231813 ], [ 633941.122380517423153, 5191574.084887924604118 ], [ 633942.092566127656028, 5191573.043123710900545 ], [ 633950.843126157182269, 5191574.991159547120333 ], [ 633956.773178587085567, 5191574.774622690863907 ], [ 633957.573192215291783, 5191571.295918320305645 ], [ 633957.200430459342897, 5191568.326389703899622 ], [ 633955.306884720223024, 5191567.65918816998601 ], [ 633954.699115562485531, 5191566.061422638595104 ], [ 633956.399076489266008, 5191565.667049087584019 ], [ 633957.4570496204542, 5191565.68505890108645 ], [ 633960.417573417769745, 5191565.841283681802452 ], [ 633963.700892123393714, 5191565.685519470833242 ], [ 633966.647008116357028, 5191566.68812276609242 ], [ 633964.522056906251237, 5191567.181089692749083 ], [ 633962.61770524061285, 5191567.148672030307353 ], [ 633964.568421818083152, 5191570.674201989546418 ], [ 633969.406282615149394, 5191572.449804197065532 ] ], [ [ 635443.91118699638173, 5191098.022283575497568 ], [ 635430.0087444789242, 5191103.310609207488596 ], [ 635420.447785506490618, 5191099.232215367257595 ], [ 635414.318722266820259, 5191098.704574326053262 ], [ 635410.244383656419814, 5191101.810072330757976 ], [ 635409.819359063636512, 5191104.875848088413477 ], [ 635404.198870999040082, 5191105.311592215672135 ], [ 635399.230617820867337, 5191102.257568331435323 ], [ 635396.680667899083346, 5191102.849133684299886 ], [ 635394.264556651120074, 5191103.049277565442026 ], [ 635388.202445347444154, 5191103.551445845514536 ], [ 635386.52769091934897, 5191102.464655056595802 ], [ 635388.704874259419739, 5191098.90355088096112 ], [ 635393.159182634670287, 5191098.34440110437572 ], [ 635395.376082486007363, 5191098.740789457224309 ], [ 635399.700631140964106, 5191099.514031740836799 ], [ 635404.592537362128496, 5191098.115703855641186 ], [ 635408.469687408767641, 5191094.160222553648055 ], [ 635412.927597729489207, 5191093.389477293007076 ], [ 635408.749715654063039, 5191090.143511794507504 ], [ 635410.176937469048426, 5191085.272897874005139 ], [ 635412.122224288759753, 5191085.150918156839907 ], [ 635428.425392885925248, 5191078.202337313443422 ], [ 635436.921624851180241, 5191076.442047511227429 ], [ 635441.268908584024757, 5191083.323267644271255 ], [ 635444.55976388277486, 5191087.789868080057204 ], [ 635444.462517216103151, 5191093.50294423289597 ], [ 635443.91118699638173, 5191098.022283575497568 ] ], [ [ 635250.284977609175257, 5190865.544483019970357 ], [ 635249.369940866250545, 5190872.672318789176643 ], [ 635248.782426381949335, 5190876.10173858050257 ], [ 635248.651867849752307, 5190883.772068643942475 ], [ 635237.413680267171003, 5190875.643657770939171 ], [ 635234.365203695488162, 5190868.156576513312757 ], [ 635230.210434956243262, 5190863.615365588106215 ], [ 635227.795485572773032, 5190858.24836849886924 ], [ 635223.204153529368341, 5190855.558987697586417 ], [ 635224.092177918995731, 5190850.018117097206414 ], [ 635235.433911693515256, 5190852.063161958009005 ], [ 635247.004123907303438, 5190856.228662049397826 ], [ 635250.284977609175257, 5190865.544483019970357 ] ], [ [ 633007.22412655048538, 5190814.538044752553105 ], [ 633018.595528684789315, 5190813.494942345656455 ], [ 633022.599028408993036, 5190811.228056183084846 ], [ 633024.866686674533412, 5190808.568047236651182 ], [ 633028.296615089988336, 5190810.937663652934134 ], [ 633030.114446377148852, 5190808.02240321226418 ], [ 633033.773899463005364, 5190807.529095337726176 ], [ 633035.726210170658305, 5190808.240945947356522 ], [ 633040.460066892090254, 5190809.908936931751668 ], [ 633045.292837175889872, 5190806.931451595388353 ], [ 633050.369746296433732, 5190807.097236612811685 ], [ 633057.150118213146925, 5190808.605602997355163 ], [ 633064.124530516099185, 5190809.127196840941906 ], [ 633067.502120357239619, 5190807.785701266489923 ], [ 633073.711508443811908, 5190806.700829465873539 ], [ 633077.162294779787771, 5190809.140689407475293 ], [ 633077.629079663194716, 5190810.137158613651991 ], [ 633077.734948530094698, 5190810.363162218593061 ], [ 633078.923817131551914, 5190812.901099960319698 ], [ 633078.058758089784533, 5190817.093028161674738 ], [ 633076.64305893832352, 5190819.677991120144725 ], [ 633076.071227499516681, 5190824.556241850368679 ], [ 633076.997864116448909, 5190832.790389035828412 ], [ 633074.253685702802613, 5190840.061549956910312 ], [ 633073.461211553076282, 5190846.822083842009306 ], [ 633069.171132990042679, 5190844.959643280133605 ], [ 633069.076928701717407, 5190845.831118601374328 ], [ 633067.788455463247374, 5190846.920378508977592 ], [ 633065.785851924913004, 5190847.997483102604747 ], [ 633064.200246292632073, 5190847.891123506240547 ], [ 633061.579067362472415, 5190848.005249664187431 ], [ 633059.217541308840737, 5190846.853862661868334 ], [ 633056.055784226860851, 5190846.085708828642964 ], [ 633053.425151226576418, 5190846.755269644781947 ], [ 633051.636617531999946, 5190844.58181531354785 ], [ 633051.489054410019889, 5190841.432375270873308 ], [ 633051.389456897042692, 5190840.450327023863792 ], [ 633049.192028847173788, 5190838.984250047244132 ], [ 633046.296677587553859, 5190836.553844137117267 ], [ 633044.167792661930434, 5190835.723900229670107 ], [ 633041.566872670082375, 5190834.647809397429228 ], [ 633042.6421935162507, 5190831.419477307237685 ], [ 633043.407065456616692, 5190829.1231759628281 ], [ 633041.147847211454064, 5190826.624227034859359 ], [ 633036.21646467584651, 5190822.571749985218048 ], [ 633032.605909904348664, 5190822.909621315076947 ], [ 633022.473424208234064, 5190818.607401667162776 ], [ 633020.343188788043335, 5190817.856805709190667 ], [ 633015.185581668629311, 5190817.76901778485626 ], [ 633009.873330763890408, 5190817.440485307946801 ], [ 633007.957376121077687, 5190819.023299000225961 ], [ 633000.711283747456037, 5190817.81413808837533 ], [ 632997.785866390448064, 5190819.010663978755474 ], [ 632995.919936782913283, 5190821.17152301594615 ], [ 632992.833476195693947, 5190820.642763478681445 ], [ 632991.449194346903823, 5190822.783572071231902 ], [ 632989.919139502686448, 5190823.537811845541 ], [ 632984.840081236790866, 5190823.951399327255785 ], [ 632981.956548925954849, 5190825.489734139293432 ], [ 632979.421353775192983, 5190828.712690016254783 ], [ 632972.738698997534811, 5190826.126544219441712 ], [ 632969.132064951583743, 5190826.187500141561031 ], [ 632965.307260753354058, 5190822.523161702789366 ], [ 632964.701610711636022, 5190820.810801069252193 ], [ 632964.793818848440424, 5190820.466948928311467 ], [ 632964.054537465330213, 5190818.724241366609931 ], [ 632965.763479923014529, 5190816.850998585112393 ], [ 632968.070548034855165, 5190815.935250093229115 ], [ 632968.577698185923509, 5190814.118354418314993 ], [ 632970.779177632415667, 5190815.34638758469373 ], [ 632974.635688982903957, 5190817.162086677737534 ], [ 632975.261484344257042, 5190817.803804549388587 ], [ 632976.830756564508192, 5190817.170155624859035 ], [ 632977.626740717911161, 5190817.570234507322311 ], [ 632977.428521837922744, 5190811.729139729402959 ], [ 632978.318905135383829, 5190810.712474839761853 ], [ 632979.591712330118753, 5190811.111075663007796 ], [ 632980.324591037468053, 5190808.701992426998913 ], [ 632978.440120957558975, 5190808.254043859429657 ], [ 632977.911698021925986, 5190806.657633949071169 ], [ 632979.684361109044403, 5190805.100390881299973 ], [ 632981.830482244491577, 5190803.751899932511151 ], [ 632987.346318593830802, 5190802.611569439992309 ], [ 632989.748813603655435, 5190802.537633278407156 ], [ 632996.032050698879175, 5190808.75587216578424 ], [ 632997.096561336191371, 5190809.049005533568561 ], [ 632998.669420677470043, 5190813.519356068223715 ], [ 633007.22412655048538, 5190814.538044752553105 ] ], [ [ 632859.85222600994166, 5190917.138109994120896 ], [ 632857.575339049566537, 5190911.014263059012592 ], [ 632857.402667050948367, 5190906.037685171701014 ], [ 632860.861799890291877, 5190904.455973076634109 ], [ 632869.14098108978942, 5190899.957029302604496 ], [ 632867.877247955999337, 5190896.850226365029812 ], [ 632871.898660489008762, 5190893.743845452554524 ], [ 632876.659526871400885, 5190893.824881328269839 ], [ 632877.68240190227516, 5190895.48235903121531 ], [ 632879.111787487054244, 5190904.766611073166132 ], [ 632877.941267116460949, 5190911.360917385667562 ], [ 632883.625043683103286, 5190919.39473878312856 ], [ 632887.013925154227763, 5190922.362683272920549 ], [ 632884.789936151355505, 5190928.674489025957882 ], [ 632886.049370831111446, 5190932.39989519584924 ], [ 632884.6953937796643, 5190934.228833142668009 ], [ 632881.216472030966543, 5190936.550740054808557 ], [ 632871.206272266339511, 5190933.999230145476758 ], [ 632862.097598804277368, 5190925.113404929637909 ], [ 632859.85222600994166, 5190917.138109994120896 ] ], [ [ 632625.413899668492377, 5190504.285657056607306 ], [ 632643.488309243577532, 5190514.911481088958681 ], [ 632646.231716720503755, 5190516.942442533560097 ], [ 632645.828225461998954, 5190517.332428567111492 ], [ 632612.071678833686747, 5190518.742149698548019 ], [ 632583.082750647910871, 5190519.836163390427828 ], [ 632566.473751313984394, 5190516.378645218908787 ], [ 632575.693274967838079, 5190510.979615266434848 ], [ 632578.181748040718958, 5190504.672313754446805 ], [ 632600.910641858354211, 5190498.312655720859766 ], [ 632618.064938390743919, 5190493.048676619306207 ], [ 632625.413899668492377, 5190504.285657056607306 ] ], [ [ 635061.71191360137891, 5190279.736957206390798 ], [ 635081.519513749866746, 5190280.636018274351954 ], [ 635089.583913463167846, 5190279.165398254059255 ], [ 635104.62631244212389, 5190281.405695957131684 ], [ 635115.654033906757832, 5190286.35565713327378 ], [ 635122.344613167224452, 5190289.644377332180738 ], [ 635124.838198116282001, 5190306.354770615696907 ], [ 635124.730158767546527, 5190312.702628206461668 ], [ 635113.17064706236124, 5190315.680735502392054 ], [ 635099.405186225194484, 5190319.071946856565773 ], [ 635092.915251166559756, 5190331.197882357053459 ], [ 635089.361484343418851, 5190345.688784035854042 ], [ 635076.875415975693613, 5190360.358371547423303 ], [ 635061.789423965034075, 5190372.338001084513962 ], [ 635050.33035225328058, 5190365.528702167794108 ], [ 635055.492190433316864, 5190353.710877701640129 ], [ 635053.296036424348131, 5190346.728520126082003 ], [ 635052.506758493487723, 5190334.809408064000309 ], [ 635040.728323003975675, 5190327.333248292095959 ], [ 635038.308465125621296, 5190314.063531348481774 ], [ 635037.171687602531165, 5190303.130645294673741 ], [ 635040.731079444056377, 5190288.309127599932253 ], [ 635051.462770012905821, 5190279.5625194683671 ], [ 635061.71191360137891, 5190279.736957206390798 ] ], [ [ 631962.616088349255733, 5190012.993212473578751 ], [ 631962.084717920399271, 5190012.774786878377199 ], [ 631961.323919102316722, 5190012.462052243761718 ], [ 631960.093447279417887, 5190009.874561250209808 ], [ 631962.049351203488186, 5190007.795280605554581 ], [ 631967.084787831408903, 5190006.211484832689166 ], [ 631970.620637324173003, 5190006.824213020503521 ], [ 631977.896363752894104, 5190009.387824216857553 ], [ 631983.019167991122231, 5190009.000108698382974 ], [ 631988.562927141436376, 5190006.901089206337929 ], [ 631987.795205688104033, 5190003.52545144315809 ], [ 631987.450087300618179, 5190000.245982310734689 ], [ 631982.604249836876988, 5189997.385540670715272 ], [ 631977.323412637459114, 5189996.766528937965631 ], [ 631979.742102398304269, 5189994.558859490789473 ], [ 631981.860399367986247, 5189991.200958466157317 ], [ 631982.876038759248331, 5189989.188539537601173 ], [ 631987.408413850469515, 5189987.149127054028213 ], [ 631991.227793091558851, 5189988.140119075775146 ], [ 631994.070229178643785, 5189984.3522495534271 ], [ 631988.484932016464882, 5189978.304399946704507 ], [ 631980.637948725605384, 5189973.011764835566282 ], [ 631979.192301347618923, 5189972.193761971779168 ], [ 631979.101531498599797, 5189970.44434236176312 ], [ 631982.879923054599203, 5189965.641999956220388 ], [ 631979.709202708792873, 5189963.988608148880303 ], [ 631977.110614087083377, 5189962.633557992987335 ], [ 631979.177579282433726, 5189957.774216366000473 ], [ 631980.670546841691248, 5189955.550791908055544 ], [ 631981.843237475957721, 5189954.15631555672735 ], [ 631987.117384760524146, 5189949.840000599622726 ], [ 631993.133944474393502, 5189948.6323401061818 ], [ 631998.375667090876959, 5189947.663273855112493 ], [ 632002.1593076774152, 5189946.86781913600862 ], [ 632004.166629895567894, 5189945.51299624145031 ], [ 632008.165519616566598, 5189943.729072463698685 ], [ 632007.939289087546058, 5189941.476389016956091 ], [ 632006.827576724463142, 5189940.729905237443745 ], [ 632001.93672510876786, 5189940.514384257607162 ], [ 631995.69978141062893, 5189941.664939546026289 ], [ 631991.795123692601919, 5189942.557384888641536 ], [ 631989.078367472975515, 5189942.546463942155242 ], [ 631983.462845126632601, 5189940.473111296072602 ], [ 631984.30079429782927, 5189936.56363520026207 ], [ 631983.684577754233032, 5189933.907461874186993 ], [ 631980.266481013968587, 5189932.306413955055177 ], [ 631970.354275990277529, 5189925.240403702482581 ], [ 631968.123527774703689, 5189919.655472845770419 ], [ 631976.528669357765466, 5189918.749802252277732 ], [ 631990.043607874074951, 5189917.42299972102046 ], [ 631994.128597717732191, 5189918.740227518603206 ], [ 632002.74613701144699, 5189919.612775765359402 ], [ 632009.669308609096333, 5189923.222905622795224 ], [ 632019.51572471158579, 5189924.571152850054204 ], [ 632026.963869567611255, 5189917.050210984423757 ], [ 632033.699456952512264, 5189917.341662589460611 ], [ 632038.787528909510002, 5189921.876103228889406 ], [ 632035.204543592757545, 5189925.167892132885754 ], [ 632031.065203300560825, 5189924.792501142248511 ], [ 632030.219961777096614, 5189927.820655426941812 ], [ 632026.230074589606375, 5189929.07559541426599 ], [ 632021.547447961755097, 5189932.170726165175438 ], [ 632025.262257385766134, 5189934.302148475311697 ], [ 632031.414133625105023, 5189935.381184918805957 ], [ 632026.296145791420713, 5189935.505296672694385 ], [ 632025.03868331387639, 5189935.550038277171552 ], [ 632018.927233262220398, 5189937.09958241507411 ], [ 632018.183000135468319, 5189938.079048779793084 ], [ 632018.030498052365147, 5189939.267012181691825 ], [ 632018.939340079319663, 5189940.274611976929009 ], [ 632025.946128136478364, 5189940.526143774390221 ], [ 632031.769454189809039, 5189940.360681458376348 ], [ 632036.745413577649742, 5189940.502310411073267 ], [ 632040.435621088370681, 5189941.267481660470366 ], [ 632045.015509440097958, 5189942.965450768359005 ], [ 632052.34447184309829, 5189941.425620924681425 ], [ 632063.239867605734617, 5189946.373283885419369 ], [ 632062.813703537452966, 5189949.564036204479635 ], [ 632062.481858304701746, 5189952.048609524965286 ], [ 632064.380022868397646, 5189957.107718646526337 ], [ 632065.509468718897551, 5189960.698617443442345 ], [ 632068.5956400152063, 5189965.55791228916496 ], [ 632068.498817317304201, 5189971.596807925961912 ], [ 632063.002457520808093, 5189975.868648594245315 ], [ 632060.516066091367975, 5189977.775054941885173 ], [ 632058.445324062369764, 5189979.362767837010324 ], [ 632060.758227577665821, 5189984.581022855825722 ], [ 632060.911485588876531, 5189988.888353173620999 ], [ 632059.576475659385324, 5189990.626186640933156 ], [ 632059.502104131854139, 5189993.259027257561684 ], [ 632052.005332203931175, 5190004.419232871383429 ], [ 632050.607413775869645, 5190004.6279650721699 ], [ 632046.619105009711348, 5190005.714700390584767 ], [ 632037.266320581082255, 5190003.474922608584166 ], [ 632030.642766238888726, 5190004.023617872968316 ], [ 632023.774976246058941, 5190003.377597629092634 ], [ 632021.083268217742443, 5190006.154094181954861 ], [ 632010.260695653501898, 5190006.270476643927395 ], [ 632001.008898785803467, 5190004.01978897023946 ], [ 631995.296766590909101, 5190005.79612632561475 ], [ 631988.830660936189815, 5190010.079354794695973 ], [ 631985.916654782253318, 5190013.103522479534149 ], [ 631983.261961676180363, 5190013.537623832933605 ], [ 631980.872663564514369, 5190014.576279643923044 ], [ 631979.49816912796814, 5190014.457955477759242 ], [ 631977.391139583662152, 5190013.384794391691685 ], [ 631977.02895330474712, 5190012.902406853623688 ], [ 631974.364668178372085, 5190014.016035011969507 ], [ 631973.519594379118644, 5190013.943286333233118 ], [ 631972.559334798716009, 5190016.494114988483489 ], [ 631971.944186940323561, 5190016.308174529112875 ], [ 631971.48250583128538, 5190015.453697650693357 ], [ 631970.900623445748352, 5190015.443794570863247 ], [ 631970.61632529576309, 5190016.603057915344834 ], [ 631971.559493669425137, 5190017.148246926255524 ], [ 631971.158711657277308, 5190018.08350405562669 ], [ 631967.754622159292921, 5190015.592760670930147 ], [ 631968.982951391488314, 5190013.70733589399606 ], [ 631967.097514927270822, 5190012.564059494994581 ], [ 631966.572757545858622, 5190013.729912530630827 ], [ 631962.616088349255733, 5190012.993212473578751 ] ], [ [ 631903.922336372546852, 5189915.72520565520972 ], [ 631879.667307714466006, 5189918.487236902117729 ], [ 631854.774100713781081, 5189912.110792897641659 ], [ 631853.006474931491539, 5189899.381421259604394 ], [ 631872.615430671023205, 5189889.7938212454319 ], [ 631869.610326702939346, 5189879.821358427405357 ], [ 631868.175486731226556, 5189878.986454335041344 ], [ 631864.929440051782876, 5189874.847178134135902 ], [ 631860.714437315938994, 5189874.645022033713758 ], [ 631846.425606297794729, 5189866.330643340945244 ], [ 631840.789739642175846, 5189863.059906329959631 ], [ 631837.87807800876908, 5189863.142638015560806 ], [ 631837.777341125532985, 5189861.288944062776864 ], [ 631841.646233503590338, 5189859.370523576624691 ], [ 631842.9017158417264, 5189855.555646796710789 ], [ 631846.634916498791426, 5189854.03176970500499 ], [ 631849.964767015073448, 5189852.501028125174344 ], [ 631852.759937288239598, 5189851.490324021317065 ], [ 631847.394119127420709, 5189848.091898756101727 ], [ 631839.363126136595383, 5189845.838674302212894 ], [ 631835.427256527356803, 5189843.919711731374264 ], [ 631834.524041274446063, 5189842.58149774838239 ], [ 631833.551735256100073, 5189844.697481956332922 ], [ 631832.363093204330653, 5189845.190406451001763 ], [ 631833.366470977314748, 5189848.823110206983984 ], [ 631833.205541074741632, 5189850.099261055700481 ], [ 631834.787897553760558, 5189850.795716010034084 ], [ 631836.755925995879807, 5189851.350241994485259 ], [ 631837.372142864507623, 5189854.00641421880573 ], [ 631835.886730861384422, 5189855.934162625111639 ], [ 631833.108763346448541, 5189855.785836856812239 ], [ 631836.278420231887139, 5189857.765809870325029 ], [ 631833.55897452624049, 5189860.423447646200657 ], [ 631834.934146713698283, 5189861.308301534503698 ], [ 631832.271740207448602, 5189863.307291435077786 ], [ 631829.13409064093139, 5189863.919816855341196 ], [ 631827.123393604415469, 5189865.473008494824171 ], [ 631823.552752973861061, 5189865.412240971811116 ], [ 631821.000853911275044, 5189866.939704205840826 ], [ 631789.029639303917065, 5189865.615261412225664 ], [ 631780.923577551962808, 5189861.178082180209458 ], [ 631778.016546221915632, 5189856.822492071427405 ], [ 631773.480799822951667, 5189853.791462740860879 ], [ 631771.367913738125935, 5189853.676817994564772 ], [ 631771.298143733874895, 5189857.77644176594913 ], [ 631772.687580229714513, 5189861.636330813169479 ], [ 631775.282984625315294, 5189864.590754207223654 ], [ 631778.618456267984584, 5189866.458594102412462 ], [ 631781.134121978189796, 5189870.296980731189251 ], [ 631783.120962745742872, 5189870.412368195131421 ], [ 631787.02757324965205, 5189874.05052790697664 ], [ 631789.201482653967105, 5189878.452904810197651 ], [ 631787.3861147450516, 5189879.836231589317322 ], [ 631779.789862184668891, 5189879.614581536501646 ], [ 631778.843093026895076, 5189879.280986603349447 ], [ 631771.343780222698115, 5189878.413558518514037 ], [ 631767.047927448875271, 5189875.124949807301164 ], [ 631752.967695489758626, 5189870.163768078200519 ], [ 631743.644045996363275, 5189858.364080397412181 ], [ 631735.177819210104644, 5189856.137354513630271 ], [ 631699.409951817709953, 5189851.460060580633581 ], [ 631695.698894168599509, 5189845.753893153741956 ], [ 631692.688337216968648, 5189841.433929931372404 ], [ 631694.333700302173384, 5189833.184591473080218 ], [ 631690.683716761413962, 5189825.563093084841967 ], [ 631689.242242951528169, 5189825.375203517265618 ], [ 631689.036520510911942, 5189825.524093817919493 ], [ 631683.259051891160198, 5189825.446106109768152 ], [ 631678.480194348841906, 5189826.423050443641841 ], [ 631673.834141199360602, 5189825.814844501204789 ], [ 631669.759850630187429, 5189828.920326689258218 ], [ 631675.097867020172998, 5189832.397647588513792 ], [ 631674.392866808688268, 5189836.512916499748826 ], [ 631670.227183524519205, 5189838.770224331878126 ], [ 631668.522005680250004, 5189837.327113149687648 ], [ 631663.177794600953348, 5189839.360007781535387 ], [ 631658.896881634951569, 5189836.956711146980524 ], [ 631658.130089699756354, 5189836.018584376201034 ], [ 631662.771865747636184, 5189829.118883265182376 ], [ 631653.293402106268331, 5189830.101169466972351 ], [ 631641.910168170696124, 5189829.51543603092432 ], [ 631641.264817127375863, 5189829.789205018430948 ], [ 631637.242106894613244, 5189829.05479905474931 ], [ 631626.997880215756595, 5189833.98127646651119 ], [ 631612.140846462105401, 5189836.458834938704967 ], [ 631610.338961463770829, 5189832.939736070111394 ], [ 631614.777194859809242, 5189830.789025312289596 ], [ 631610.54719975811895, 5189829.542294317856431 ], [ 631612.966434518690221, 5189826.929316464811563 ], [ 631614.100068926811218, 5189820.829731327481568 ], [ 631619.536151281441562, 5189819.833467373624444 ], [ 631625.889926183619536, 5189812.970853491686285 ], [ 631611.063826595316641, 5189809.528961927630007 ], [ 631603.270060328533873, 5189810.485995639115572 ], [ 631602.036541684996337, 5189807.433270164765418 ], [ 631596.374879506183788, 5189806.11891056317836 ], [ 631595.391556310583837, 5189800.827454717829823 ], [ 631596.12356350349728, 5189795.125236105173826 ], [ 631599.552269867388532, 5189792.643731338903308 ], [ 631601.492453127168119, 5189795.244862737134099 ], [ 631603.070135720539838, 5189797.360003031790257 ], [ 631606.900422972161323, 5189796.155260624364018 ], [ 631607.238051277352497, 5189788.753092660568655 ], [ 631609.831187051371671, 5189785.62240359839052 ], [ 631606.2566824327223, 5189785.121615905314684 ], [ 631598.386569801601581, 5189782.937274037860334 ], [ 631598.72930362727493, 5189775.661826598457992 ], [ 631603.497706893715076, 5189774.095075841061771 ], [ 631594.559868832002394, 5189770.422024777159095 ], [ 631587.740732810110785, 5189767.212708381004632 ], [ 631574.129265839001164, 5189770.288166960701346 ], [ 631564.584796404233202, 5189765.822333842515945 ], [ 631562.832101906882599, 5189773.403011133894324 ], [ 631552.633686503628269, 5189770.253056570887566 ], [ 631548.650038915220648, 5189768.069042272865772 ], [ 631543.887276602326892, 5189769.313918902538717 ], [ 631538.504249117802829, 5189768.481517035514116 ], [ 631537.470425211940892, 5189767.349318757653236 ], [ 631540.210993393324316, 5189761.773882318288088 ], [ 631536.453952543321066, 5189757.429711407981813 ], [ 631535.027161348611116, 5189759.474598272703588 ], [ 631535.316376971197315, 5189763.030071068555117 ], [ 631531.906241765827872, 5189763.947521400637925 ], [ 631526.8795038938988, 5189767.83049884531647 ], [ 631502.207191253895871, 5189760.134987441822886 ], [ 631493.148733730660751, 5189756.071830746717751 ], [ 631483.243799496558495, 5189755.109559955075383 ], [ 631476.445247215800919, 5189758.168678806163371 ], [ 631464.926356096053496, 5189758.76635061763227 ], [ 631461.99390139291063, 5189767.844049829989672 ], [ 631452.82167633343488, 5189770.465919762849808 ], [ 631436.239724597544409, 5189765.421492842026055 ], [ 631414.527194028487429, 5189758.702342764474452 ], [ 631397.528250818606466, 5189754.841377242468297 ], [ 631387.422384338220581, 5189742.366970115341246 ], [ 631398.021133202128112, 5189725.879545806907117 ], [ 631424.865861607016996, 5189710.85915607586503 ], [ 631458.782730348524638, 5189723.341933988966048 ], [ 631473.320229794015177, 5189731.92323786765337 ], [ 631507.674350418150425, 5189742.032345762476325 ], [ 631531.532617789693177, 5189739.263554458506405 ], [ 631559.351510599488392, 5189736.959018532186747 ], [ 631577.601440007449128, 5189737.269601984880865 ], [ 631590.849072820274159, 5189728.367446883581579 ], [ 631579.969980819383636, 5189714.689317991957068 ], [ 631567.04643464111723, 5189704.548069223761559 ], [ 631559.823556052637286, 5189697.257441424764693 ], [ 631557.462358873453923, 5189691.423211807385087 ], [ 631558.177133119199425, 5189682.069657464511693 ], [ 631556.021212119027041, 5189679.383852142840624 ], [ 631551.370600833790377, 5189680.318548711948097 ], [ 631547.269036770798266, 5189679.42353599704802 ], [ 631542.216547848307528, 5189682.158363142050803 ], [ 631537.175375003716908, 5189684.887065038084984 ], [ 631534.950943936477415, 5189685.007950195111334 ], [ 631534.394798979046755, 5189683.730406275950372 ], [ 631533.904422798543237, 5189682.603942591696978 ], [ 631537.155945781734772, 5189679.171421661041677 ], [ 631537.816455684718676, 5189678.474144079722464 ], [ 631540.799000052036718, 5189677.170424362644553 ], [ 631542.034080698620528, 5189674.021742378361523 ], [ 631539.252560292487033, 5189674.762991992756724 ], [ 631544.589422108023427, 5189668.980399177409708 ], [ 631548.181988917523995, 5189663.088751027360559 ], [ 631557.037010242929682, 5189658.183664738200605 ], [ 631558.73843271122314, 5189656.387531373649836 ], [ 631563.330036508501507, 5189654.214536204002798 ], [ 631567.656969072762877, 5189648.749851210974157 ], [ 631570.116631237789989, 5189647.429197453893721 ], [ 631572.533516152761877, 5189645.327324810437858 ], [ 631575.08614025847055, 5189644.577060650102794 ], [ 631577.625260935048573, 5189644.620271671563387 ], [ 631581.410356823704205, 5189643.649789902381599 ], [ 631583.508786402293481, 5189644.664860415272415 ], [ 631593.544928594026715, 5189639.915214921347797 ], [ 631600.286161862080917, 5189641.021413123235106 ], [ 631609.359514888492413, 5189636.112090907990932 ], [ 631611.283787981723435, 5189639.637140638194978 ], [ 631611.824831463163719, 5189640.568211551755667 ], [ 631616.504520743503235, 5189640.678433648310602 ], [ 631618.2944049697835, 5189642.772527274675667 ], [ 631618.920153515646234, 5189644.07914571929723 ], [ 631619.674048097920604, 5189645.653344474732876 ], [ 631618.911307906266302, 5189648.497702366672456 ], [ 631611.048575220163912, 5189653.137935616075993 ], [ 631610.067481435602531, 5189653.716933286748827 ], [ 631607.951573678525165, 5189653.549641724675894 ], [ 631605.312850086251274, 5189654.695293166674674 ], [ 631602.745371951605193, 5189656.318380082026124 ], [ 631602.078183412202634, 5189658.211917891167104 ], [ 631603.96631987625733, 5189659.196496524848044 ], [ 631607.639617026783526, 5189658.378826445899904 ], [ 631608.186592627665959, 5189658.395242161117494 ], [ 631610.342471137992106, 5189657.241373614408076 ], [ 631612.254119737190194, 5189656.218221707269549 ], [ 631615.321441364008933, 5189654.230656629428267 ], [ 631623.213306145858951, 5189652.221957685425878 ], [ 631631.820649209315889, 5189650.146064235828817 ], [ 631638.148196637979709, 5189651.444304871372879 ], [ 631641.697230114601552, 5189652.77463096100837 ], [ 631648.030320171033964, 5189652.219632158987224 ], [ 631649.326647301437333, 5189652.106028842739761 ], [ 631651.049384947167709, 5189651.58138807490468 ], [ 631656.16818919358775, 5189651.274748261086643 ], [ 631661.814017471275292, 5189650.65649501606822 ], [ 631668.205031631747261, 5189648.225401505827904 ], [ 631672.64849385980051, 5189648.301020862534642 ], [ 631678.321329272002913, 5189646.095816765911877 ], [ 631680.128701254492626, 5189642.7256023818627 ], [ 631687.988749120617285, 5189640.331911200657487 ], [ 631710.040071514667943, 5189646.848521610721946 ], [ 631711.512843004777096, 5189651.609866925515234 ], [ 631710.354948727530427, 5189655.395040948875248 ], [ 631707.426224253838882, 5189656.908337699249387 ], [ 631702.984288004226983, 5189655.274512098170817 ], [ 631694.02174346963875, 5189659.566735590808094 ], [ 631684.650415915879421, 5189663.005383272655308 ], [ 631680.594131146324798, 5189665.052900000475347 ], [ 631679.89813497767318, 5189668.63918567635119 ], [ 631671.825175784761086, 5189670.406691156327724 ], [ 631666.474123940686695, 5189673.913756160996854 ], [ 631675.80584088829346, 5189672.802636696025729 ], [ 631679.60732099134475, 5189673.290640401653945 ], [ 631677.311780101503246, 5189675.872115830890834 ], [ 631672.531113057630137, 5189678.673238851130009 ], [ 631660.864666516077705, 5189680.167934712953866 ], [ 631652.558508590329438, 5189683.20139948092401 ], [ 631649.330593050457537, 5189686.32128671836108 ], [ 631650.764934797072783, 5189689.097207820042968 ], [ 631653.494043717626482, 5189690.413580629043281 ], [ 631658.400303011061624, 5189688.168874638155103 ], [ 631662.485395198687911, 5189684.428610817529261 ], [ 631666.319283626507968, 5189683.012273726984859 ], [ 631668.815193588379771, 5189685.594606208615005 ], [ 631659.21025311970152, 5189689.805344640277326 ], [ 631654.626119665103033, 5189694.886414341628551 ], [ 631656.809032703284174, 5189698.759805253706872 ], [ 631662.500107404426672, 5189698.592088952660561 ], [ 631678.470891946693882, 5189692.911094637587667 ], [ 631687.784369948203675, 5189689.762488464824855 ], [ 631695.613885500933975, 5189688.308322422206402 ], [ 631703.860394229413942, 5189685.670694922097027 ], [ 631711.622931207064539, 5189680.37914676964283 ], [ 631717.087774821789935, 5189677.958748519420624 ], [ 631725.486785110668279, 5189674.133158025331795 ], [ 631730.298209271160886, 5189670.071009646169841 ], [ 631731.623186602839269, 5189670.612410372123122 ], [ 631743.348121439223178, 5189675.403351496905088 ], [ 631740.199302371358499, 5189680.204043999314308 ], [ 631737.002894372912124, 5189681.472489098086953 ], [ 631731.502411696128547, 5189683.719839349389076 ], [ 631728.610635535325855, 5189684.901341806165874 ], [ 631722.901555191725492, 5189686.127025626599789 ], [ 631723.378775303019211, 5189689.177684003487229 ], [ 631726.655665564117953, 5189690.953145635314286 ], [ 631727.000639722100459, 5189694.001553454436362 ], [ 631729.46830033196602, 5189696.689233008772135 ], [ 631735.611839579651132, 5189701.02688021864742 ], [ 631742.042376672849059, 5189704.046569565311074 ], [ 631746.509480336448178, 5189705.842286771163344 ], [ 631749.755793892312795, 5189704.781435055658221 ], [ 631757.168453871039674, 5189705.780795459635556 ], [ 631758.913590266136453, 5189707.640793872997165 ], [ 631760.985241679474711, 5189706.295367378741503 ], [ 631765.066671486478299, 5189703.644697562791407 ], [ 631768.211316091474146, 5189705.417908908799291 ], [ 631766.970823324285448, 5189707.102331876754761 ], [ 631764.555153293302283, 5189710.382488061673939 ], [ 631765.308118117856793, 5189712.77641833666712 ], [ 631771.931667689234018, 5189712.227718600071967 ], [ 631776.134279780206271, 5189714.018934839405119 ], [ 631778.75894308288116, 5189715.25416019000113 ], [ 631786.093235728563741, 5189711.807302916422486 ], [ 631788.335391740081832, 5189709.982661639340222 ], [ 631789.598879929981194, 5189710.153002680279315 ], [ 631792.120823260163888, 5189707.412217997014523 ], [ 631795.98971446219366, 5189705.493796234950423 ], [ 631799.051626472151838, 5189704.355346492491663 ], [ 631800.468495033681393, 5189701.42524338234216 ], [ 631805.991432159557007, 5189700.769491120241582 ], [ 631810.750035578501411, 5189700.982758469879627 ], [ 631816.337327161221765, 5189699.14043137896806 ], [ 631817.567214474547654, 5189699.161361903883517 ], [ 631820.31561866926495, 5189700.898617363534868 ], [ 631821.496379714808427, 5189701.474305682815611 ], [ 631825.564711485989392, 5189700.273612784221768 ], [ 631827.579458945780061, 5189698.482377626933157 ], [ 631830.770916416426189, 5189697.504873471334577 ], [ 631836.108809429919347, 5189696.325786206871271 ], [ 631840.412483343505301, 5189695.28783942759037 ], [ 631844.632758659892716, 5189694.486584988422692 ], [ 631848.768285026308149, 5189694.001370468176901 ], [ 631850.577074986300431, 5189694.984599522314966 ], [ 631853.176639998331666, 5189696.140027293004096 ], [ 631855.279864223557524, 5189698.477566562592983 ], [ 631858.013817987637594, 5189701.06395143084228 ], [ 631861.353168007917702, 5189700.723928543739021 ], [ 631865.675423719920218, 5189703.257973043248057 ], [ 631867.243470282526687, 5189704.395846263505518 ], [ 631869.433117415755987, 5189701.655140726827085 ], [ 631870.763121261261404, 5189702.788962881080806 ], [ 631872.007025739061646, 5189704.318172571249306 ], [ 631875.343675165786408, 5189704.136844858527184 ], [ 631881.000309474067762, 5189702.883811396546662 ], [ 631886.216994510265067, 5189704.163148696534336 ], [ 631890.578246105229482, 5189703.543577345088124 ], [ 631892.565362147288397, 5189705.014645316638052 ], [ 631890.312010581372306, 5189706.058361660689116 ], [ 631888.883754087379202, 5189706.03405521530658 ], [ 631889.378421040484682, 5189709.614148871973157 ], [ 631891.305615532794036, 5189709.650091267190874 ], [ 631891.988789132796228, 5189710.134796198457479 ], [ 631892.40815955074504, 5189713.475496783852577 ], [ 631891.344232331961393, 5189715.362284056842327 ], [ 631888.398919243714772, 5189715.867753809317946 ], [ 631890.374182967701927, 5189721.060455945320427 ], [ 631888.8436227531638, 5189722.383707956410944 ], [ 631886.204897110466845, 5189723.529359745793045 ], [ 631888.24092702078633, 5189725.151420758105814 ], [ 631884.068940436816774, 5189727.779019658453763 ], [ 631883.333206401206553, 5189729.036427672021091 ], [ 631884.756061422638595, 5189729.378124519251287 ], [ 631888.907792592071928, 5189727.940739349462092 ], [ 631893.129418849013746, 5189727.06013757083565 ], [ 631895.107706992886961, 5189727.411286955699325 ], [ 631895.481488751946017, 5189728.766947665251791 ], [ 631896.161857940023765, 5189730.7627904843539 ], [ 631897.39287079917267, 5189730.717598125338554 ], [ 631897.233742338023148, 5189730.094815568998456 ], [ 631897.418752752593718, 5189729.196769460104406 ], [ 631898.077732019824907, 5189729.340268452651799 ], [ 631898.483193330815993, 5189729.611737268976867 ], [ 631899.397941159782931, 5189729.495020470581949 ], [ 631899.779435278032906, 5189728.649287418462336 ], [ 631900.573237788397819, 5189728.059895039536059 ], [ 631901.813815728761256, 5189727.452657287940383 ], [ 631902.872346183750778, 5189727.437600627541542 ], [ 631904.255302424309775, 5189727.791846902109683 ], [ 631905.577537128701806, 5189727.827577547170222 ], [ 631907.233033539378084, 5189728.490715822204947 ], [ 631908.73250993702095, 5189730.410070771351457 ], [ 631909.653648204519413, 5189730.833657036535442 ], [ 631917.211924470961094, 5189729.77172773052007 ], [ 631920.723420898080803, 5189728.190611256286502 ], [ 631923.34572115028277, 5189729.824992136098444 ], [ 631925.757770653232001, 5189727.747150301933289 ], [ 631929.046785217127763, 5189727.477588273584843 ], [ 631928.487673616153188, 5189730.571578586474061 ], [ 631931.762314764084294, 5189732.479287474416196 ], [ 631937.551880282117054, 5189734.297511924058199 ], [ 631941.864233927801251, 5189737.413439606316388 ], [ 631944.056150541407987, 5189740.757849591784179 ], [ 631949.285223701503128, 5189744.418515605852008 ], [ 631952.519353956799023, 5189748.706652502529323 ], [ 631951.427626846591011, 5189750.672337439842522 ], [ 631949.284683637670241, 5189752.223279506899416 ], [ 631948.85193586256355, 5189754.332463467493653 ], [ 631948.416937461588532, 5189756.573893416672945 ], [ 631947.108465096564032, 5189756.392648741602898 ], [ 631944.436653322540224, 5189765.102429375052452 ], [ 631943.95945134642534, 5189768.269131064414978 ], [ 631941.055172208813019, 5189771.125149123370647 ], [ 631942.24366670101881, 5189772.80570103880018 ], [ 631942.470887565519661, 5189776.599429255351424 ], [ 631941.471143105067313, 5189777.886209095828235 ], [ 631936.346619022078812, 5189780.309726951643825 ], [ 631933.970476229442284, 5189783.126629232428968 ], [ 631936.901745181181468, 5189791.219399473629892 ], [ 631940.840601801406592, 5189798.488209870643914 ], [ 631942.276710294303484, 5189804.962611666880548 ], [ 631938.275804845616221, 5189809.974238800816238 ], [ 631931.253605677513406, 5189812.182934740558267 ], [ 631930.882200131658465, 5189815.351436766795814 ], [ 631933.708104792516679, 5189817.198595807887614 ], [ 631937.751789357396774, 5189815.891656851395965 ], [ 631942.231264666421339, 5189813.851342370733619 ], [ 631951.034004456712864, 5189812.731222906149924 ], [ 631957.555595039390028, 5189815.064586917869747 ], [ 631961.111487787682563, 5189816.947547665797174 ], [ 631962.138633744325489, 5189819.375680939294398 ], [ 631965.61012243560981, 5189820.598862435668707 ], [ 631970.245375928701833, 5189821.841849537566304 ], [ 631973.071280834614299, 5189823.68900880869478 ], [ 631975.739607425639406, 5189822.358663170598447 ], [ 631978.049131932435557, 5189823.45624234341085 ], [ 631978.000518181477673, 5189826.312755872495472 ], [ 631983.756324365967885, 5189830.114671874791384 ], [ 631988.689162823371589, 5189832.526825487613678 ], [ 631994.21135166392196, 5189833.368301285430789 ], [ 631999.641616130247712, 5189835.67638916708529 ], [ 631999.245003148680553, 5189840.326046958565712 ], [ 631998.654801643453538, 5189843.914135690778494 ], [ 632001.044915820937604, 5189846.494670805521309 ], [ 632006.000732994638383, 5189847.158339699730277 ], [ 632007.462328365072608, 5189848.038068667054176 ], [ 632011.846559636294842, 5189852.287354613654315 ], [ 632012.608470546547323, 5189856.343821753747761 ], [ 632007.91723985678982, 5189859.31092195212841 ], [ 632007.22408424387686, 5189861.32511165458709 ], [ 632003.188038184540346, 5189862.810932599939406 ], [ 632000.558083335752599, 5189865.670986304990947 ], [ 631999.756424955907278, 5189866.193624511361122 ], [ 631998.789889012463391, 5189868.622733648866415 ], [ 631996.991601900197566, 5189869.05069663003087 ], [ 631995.058968829573132, 5189871.22928810864687 ], [ 631994.266245755483396, 5189874.035545909777284 ], [ 631992.356555974343792, 5189873.540050431154668 ], [ 631991.927151218289509, 5189874.759679453447461 ], [ 631990.249796306830831, 5189875.129006743431091 ], [ 631989.388138830428943, 5189875.318730231374502 ], [ 631987.448974640108645, 5189874.307558879256248 ], [ 631985.63685753243044, 5189874.969905931502581 ], [ 631983.217102574883029, 5189874.235537986271083 ], [ 631982.216132437577471, 5189873.25167431961745 ], [ 631979.547824300010689, 5189872.197646145708859 ], [ 631979.458308627130464, 5189870.83858051802963 ], [ 631977.777132539427839, 5189871.307663360610604 ], [ 631973.347825306467712, 5189869.622823449783027 ], [ 631969.209146538283676, 5189870.293180682696402 ], [ 631962.714129953412339, 5189872.616675131954253 ], [ 631960.553180992137641, 5189875.225584511645138 ], [ 631960.335593808209524, 5189876.674066280946136 ], [ 631960.133002719376236, 5189878.150735467672348 ], [ 631961.772573720780201, 5189878.972344592213631 ], [ 631962.68591708119493, 5189879.715452128089964 ], [ 631963.220527696656063, 5189879.39383976534009 ], [ 631962.72571863012854, 5189876.905952326953411 ], [ 631963.658902782364748, 5189876.954040886834264 ], [ 631964.510624460759573, 5189877.431531109847128 ], [ 631964.8164822536055, 5189878.891863652504981 ], [ 631966.597301884554327, 5189879.186739477328956 ], [ 631967.319028225261718, 5189879.529733052477241 ], [ 631968.015253010205925, 5189880.957990909926593 ], [ 631968.959272765554488, 5189881.21724456269294 ], [ 631969.344166724826209, 5189881.322946975007653 ], [ 631971.392771593877114, 5189881.120332287624478 ], [ 631972.911349910660647, 5189881.278460821136832 ], [ 631974.35930392681621, 5189881.699956013821065 ], [ 631974.725625809980556, 5189882.800842904485762 ], [ 631974.2675002097385, 5189883.353937004692852 ], [ 631972.469598807161674, 5189883.916628742590547 ], [ 631970.65133876609616, 5189885.521989060565829 ], [ 631969.031760225188918, 5189886.260066174902022 ], [ 631966.197736803907901, 5189886.93707144446671 ], [ 631962.30175407207571, 5189886.790724971331656 ], [ 631959.568558639381081, 5189887.305123804137111 ], [ 631946.520161312189884, 5189891.088966839946806 ], [ 631944.041761926724575, 5189890.215700570493937 ], [ 631941.970793618820608, 5189890.026812155731022 ], [ 631939.371347979293205, 5189888.622663364745677 ], [ 631933.343340964522213, 5189889.239921384491026 ], [ 631907.178892747499049, 5189887.604077445343137 ], [ 631904.911716241622344, 5189885.453701021149755 ], [ 631905.686992479255423, 5189884.239611628465354 ], [ 631904.752826701384038, 5189883.16543912421912 ], [ 631902.492309284512885, 5189883.158936743624508 ], [ 631901.272336112335324, 5189882.471241167746484 ], [ 631901.516339099500328, 5189880.570500227622688 ], [ 631900.492581249447539, 5189878.542356237769127 ], [ 631898.900227993377484, 5189878.832738721743226 ], [ 631898.769223889918067, 5189880.312093064188957 ], [ 631898.177221657475457, 5189884.005977608263493 ], [ 631895.286498679080978, 5189885.967502172105014 ], [ 631891.673203523969278, 5189886.858455282635987 ], [ 631889.978654574253596, 5189886.935443662106991 ], [ 631887.314988937694579, 5189888.853430530056357 ], [ 631888.854676766670309, 5189891.657603722065687 ], [ 631961.153881550650112, 5189910.746424031443894 ], [ 631954.745305932243355, 5189914.20903380587697 ], [ 631944.053636743803509, 5189912.836515989154577 ], [ 631935.305145629215986, 5189913.878185918554664 ], [ 631936.017597549129277, 5189918.65254526771605 ], [ 631930.07328024902381, 5189918.154527306556702 ], [ 631918.621895846212283, 5189914.784815824590623 ], [ 631903.922336372546852, 5189915.72520565520972 ] ], [ [ 631091.638449520105496, 5189503.386309074237943 ], [ 631086.544010538607836, 5189504.252058018930256 ], [ 631085.153565697954036, 5189502.006024537608027 ], [ 631077.826596441911533, 5189503.468744057230651 ], [ 631072.154091455391608, 5189500.991098821163177 ], [ 631059.485510446713306, 5189499.188100263476372 ], [ 631063.009204426431097, 5189497.343176024034619 ], [ 631069.47518351697363, 5189499.834324279800057 ], [ 631075.354994612280279, 5189499.458162968978286 ], [ 631081.590004262747243, 5189496.86567509546876 ], [ 631088.070128812920302, 5189489.1976526863873 ], [ 631090.606545797665603, 5189489.399557502008975 ], [ 631091.749817228643224, 5189487.514123694039881 ], [ 631095.122918455163017, 5189485.190414035692811 ], [ 631106.818306412780657, 5189487.592666258104146 ], [ 631112.667831311235204, 5189489.616249309852719 ], [ 631114.60457710979972, 5189487.744318516924977 ], [ 631121.245455697760917, 5189489.285998415201902 ], [ 631124.290364962769672, 5189487.591666794382036 ], [ 631118.863341616350226, 5189484.300880151800811 ], [ 631115.029269467340782, 5189481.976012103259563 ], [ 631118.322716151131317, 5189474.473364133387804 ], [ 631121.370628841337748, 5189471.918812215328217 ], [ 631126.449203027645126, 5189463.341059852391481 ], [ 631129.807541059097275, 5189460.382108192890882 ], [ 631141.652997525408864, 5189453.497702909633517 ], [ 631145.268642298760824, 5189450.913552136160433 ], [ 631145.645814143121243, 5189443.447697118856013 ], [ 631145.870672599878162, 5189441.447851761244237 ], [ 631154.055290954071097, 5189445.555655027739704 ], [ 631165.723735880106688, 5189440.833258113823831 ], [ 631169.576477484428324, 5189441.882334157824516 ], [ 631185.070107233361341, 5189451.855446326546371 ], [ 631190.545660582487471, 5189456.578568527474999 ], [ 631191.772061415831558, 5189469.838479016907513 ], [ 631191.626434011734091, 5189472.390815501101315 ], [ 631191.499958584317937, 5189474.607484911568463 ], [ 631197.304154119454324, 5189478.67478003166616 ], [ 631196.504264486953616, 5189480.831536228768528 ], [ 631198.067936187842861, 5189482.776336027309299 ], [ 631207.395118250977248, 5189488.91947628557682 ], [ 631212.333616862772033, 5189490.99485161434859 ], [ 631212.908982696128078, 5189494.49694181419909 ], [ 631211.219409862300381, 5189500.500341563485563 ], [ 631206.412652235012501, 5189503.117135876789689 ], [ 631202.697854495607316, 5189506.863698789849877 ], [ 631196.266339144902304, 5189511.675215100869536 ], [ 631191.12868867337238, 5189515.080082358792424 ], [ 631186.06125474232249, 5189514.358882516622543 ], [ 631181.596192814875394, 5189515.552823830395937 ], [ 631172.945649962406605, 5189520.167835961095989 ], [ 631169.521878425381146, 5189516.141050009056926 ], [ 631161.681014038505964, 5189519.81739592179656 ], [ 631159.074380069272593, 5189523.741557595320046 ], [ 631160.938209039159119, 5189526.154388367198408 ], [ 631153.715920392423868, 5189530.793705796822906 ], [ 631150.654806874576025, 5189533.440206427127123 ], [ 631143.306231170077808, 5189536.172484551556408 ], [ 631128.808498983155005, 5189536.137419040314853 ], [ 631121.690806769998744, 5189519.083937436342239 ], [ 631121.334676899248734, 5189515.41868454311043 ], [ 631117.523973169270903, 5189512.081344840116799 ], [ 631113.110224024159834, 5189510.260083717294037 ], [ 631105.665068844333291, 5189509.339679759927094 ], [ 631104.433318824623711, 5189507.096346775069833 ], [ 631101.114230005303398, 5189506.246159276925027 ], [ 631098.854693218367174, 5189508.430078358389437 ], [ 631091.638449520105496, 5189503.386309074237943 ] ], [ [ 636275.930754001252353, 5191981.055175214074552 ], [ 636272.62710074079223, 5191983.98079396225512 ], [ 636275.242819787818007, 5191991.94909103680402 ], [ 636271.47626930824481, 5192003.393827420659363 ], [ 636261.519106726394966, 5192017.776536737568676 ], [ 636257.820173905813135, 5192026.955319105647504 ], [ 636255.18316359911114, 5192031.08142258785665 ], [ 636253.975577658973634, 5192052.306182983331382 ], [ 636250.375640746904537, 5192051.768224056810141 ], [ 636247.235364250023849, 5192047.270407588221133 ], [ 636241.872090785764158, 5192045.27418796159327 ], [ 636237.412368327379227, 5192046.150722062215209 ], [ 636232.517080545076169, 5192044.638698142953217 ], [ 636225.106958104413934, 5192041.655175612308085 ], [ 636219.899680087575689, 5192039.820354715920985 ], [ 636217.521928839501925, 5192039.621132659725845 ], [ 636211.217549841734581, 5192039.235541888512671 ], [ 636206.06608974491246, 5192022.519993524067104 ], [ 636200.405387072940357, 5192005.358769310638309 ], [ 636206.069596123183146, 5191975.690913427621126 ], [ 636215.061334359226748, 5191960.366560824215412 ], [ 636231.530386404367164, 5191948.741214970126748 ], [ 636236.755575712304562, 5191944.861596736125648 ], [ 636231.525381883955561, 5191925.723415571264923 ], [ 636235.345962349325418, 5191911.104742261581123 ], [ 636237.532295198412612, 5191899.236247615888715 ], [ 636236.598722661146894, 5191884.139783120714128 ], [ 636243.210004993248731, 5191868.774903087876737 ], [ 636257.318864425993524, 5191855.918801962397993 ], [ 636271.540797603316605, 5191859.732626427896321 ], [ 636280.410960717475973, 5191851.549628485925496 ], [ 636285.255524579435587, 5191851.016190866008401 ], [ 636296.792210264131427, 5191845.081925210542977 ], [ 636316.279858379624784, 5191842.635675888508558 ], [ 636328.752728359075263, 5191855.944298618473113 ], [ 636332.483760147821158, 5191869.897817989811301 ], [ 636325.737395243137144, 5191893.197546516545117 ], [ 636321.344466329901479, 5191918.124767722561955 ], [ 636316.36742847552523, 5191930.739470592699945 ], [ 636321.268421989749186, 5191945.903479282744229 ], [ 636319.296468169195578, 5191968.490770931355655 ], [ 636300.568532977602445, 5191972.934233547188342 ], [ 636288.276277937344275, 5191972.328113163821399 ], [ 636281.855796219198965, 5191972.745898892171681 ], [ 636275.930754001252353, 5191981.055175214074552 ] ] ], [ [ [ 631820.884488963754848, 5190837.772775485180318 ], [ 631821.794640958192758, 5190836.338865913450718 ], [ 631837.794675117358565, 5190831.712346757762134 ], [ 631838.396807575947605, 5190796.336556888185441 ], [ 631848.059195466805249, 5190772.689853426069021 ], [ 631875.030331806279719, 5190761.904764370061457 ], [ 631890.268153246724978, 5190740.998641986399889 ], [ 631881.58915373054333, 5190726.299648199230433 ], [ 631883.14233383408282, 5190712.766946751624346 ], [ 631871.845153959933668, 5190715.881766635924578 ], [ 631860.356645067455247, 5190730.23749222792685 ], [ 631853.515024536056444, 5190724.16825043130666 ], [ 631841.321665445691906, 5190721.64573510363698 ], [ 631825.048381794244051, 5190725.667988976463675 ], [ 631813.711812107125297, 5190731.097111941315234 ], [ 631801.32201816351153, 5190731.610092262737453 ], [ 631782.252212728722952, 5190728.029209865257144 ], [ 631767.256559644127265, 5190692.58448826149106 ], [ 631770.909124567755498, 5190681.092697589658201 ], [ 631770.662919150548987, 5190676.127848217263818 ], [ 631786.718771348590963, 5190668.881303558126092 ], [ 631793.179047114215791, 5190663.84264172334224 ], [ 631805.014492471469566, 5190659.184873077087104 ], [ 631810.638697549700737, 5190650.56471867673099 ], [ 631804.066509674303234, 5190642.108590428717434 ], [ 631797.647407208802179, 5190633.44036706071347 ], [ 631800.303552673314698, 5190615.368211695924401 ], [ 631796.237667712848634, 5190582.227947540581226 ], [ 631794.569813991314732, 5190573.353051245212555 ], [ 631774.678042328450829, 5190556.809665939770639 ], [ 631767.203326918417588, 5190549.076099998317659 ], [ 631750.056374498642981, 5190546.138568006455898 ], [ 631736.927444841712713, 5190540.293029414489865 ], [ 631734.765075041214004, 5190531.327040154486895 ], [ 631711.766496866708621, 5190532.227137649431825 ], [ 631705.772263916791417, 5190524.880783570930362 ], [ 631695.293880575802177, 5190518.749648865312338 ], [ 631679.107429896946996, 5190516.524986686185002 ], [ 631672.295050361426547, 5190512.587147790938616 ], [ 631662.603798423311673, 5190496.366361479274929 ], [ 631648.734861537115648, 5190495.138177448883653 ], [ 631642.138280557119288, 5190502.307958386838436 ], [ 631646.06604821793735, 5190515.927513936534524 ], [ 631650.333803016808815, 5190527.492341683246195 ], [ 631650.175565188750625, 5190565.934742285870016 ], [ 631647.221691557671875, 5190591.123658346943557 ], [ 631648.386589380912483, 5190606.330484089441597 ], [ 631639.878858901327476, 5190627.102903214283288 ], [ 631639.317851928528398, 5190660.063365681096911 ], [ 631639.212243966059759, 5190690.182319088838995 ], [ 631639.321342328097671, 5190707.686774547211826 ], [ 631641.548149527632631, 5190720.342829012311995 ], [ 631647.196537122828886, 5190723.288229349069297 ], [ 631659.72792263654992, 5190728.385969950817525 ], [ 631663.507940135896206, 5190721.530676537193358 ], [ 631668.971043528988957, 5190711.447732786647975 ], [ 631670.020368724130094, 5190697.626328098587692 ], [ 631670.200446342583746, 5190687.046425791457295 ], [ 631671.594355627312325, 5190676.894220928661525 ], [ 631675.45748480677139, 5190665.155894910916686 ], [ 631680.822266506846063, 5190650.304436934180558 ], [ 631695.834221778437495, 5190642.444581207819283 ], [ 631705.0950532957213, 5190645.71552103292197 ], [ 631714.308752397075295, 5190654.420126084238291 ], [ 631714.339947714819573, 5190700.415866420604289 ], [ 631719.068886453635059, 5190733.466374254785478 ], [ 631719.95546834403649, 5190777.0344511969015 ], [ 631720.483609460294247, 5190817.747166529297829 ], [ 631730.048814927460626, 5190829.714057079516351 ], [ 631746.242476275539957, 5190834.874137959443033 ], [ 631758.599055336089805, 5190821.435166634619236 ], [ 631768.214996243128553, 5190742.228299695067108 ], [ 631778.565347669296898, 5190736.451680830679834 ], [ 631776.97137616830878, 5190771.81058341730386 ], [ 631777.816813143668696, 5190785.34597738366574 ], [ 631779.326746126753278, 5190792.291312308982015 ], [ 631777.795172469457611, 5190798.574321839027107 ], [ 631782.684269364341162, 5190810.258102814666927 ], [ 631788.948089197045192, 5190825.920266307890415 ], [ 631801.942505553364754, 5190834.082538530230522 ], [ 631803.180028890143149, 5190837.674944929778576 ], [ 631809.845716558629647, 5190840.637663659639657 ], [ 631813.304532053414732, 5190840.696536499075592 ], [ 631820.884488963754848, 5190837.772775485180318 ] ] ] ] } }
]
}
