{
"type": "FeatureCollection",
"crs": { "type": "name", "properties": { "name": "urn:ogc:def:crs:EPSG::25832" } },
"features": [
{ "type": "Feature", "properties": { "Gletschern": "Gepatsch Ferner", "id": 7022.0, "Year": 2017, "Area": 15517100.0 }, "geometry": { "type": "MultiPolygon", "coordinates": [ [ [ [ 635948.561500280746259, 5190584.089740907773376 ], [ 635939.049362279009074, 5190578.619680048897862 ], [ 635938.6476788072614, 5190583.426165531389415 ], [ 635947.693736171699129, 5190588.440396409481764 ], [ 635955.513777742744423, 5190595.320064089260995 ], [ 635967.267474858323112, 5190604.250969358719885 ], [ 635962.964435899280943, 5190610.688335386104882 ], [ 635973.431038649054244, 5190620.141040773130953 ], [ 635968.508074803627096, 5190621.210193975828588 ], [ 635988.988057486712933, 5190627.902911425568163 ], [ 635989.967880021198653, 5190622.892759809270501 ], [ 635994.803064226056449, 5190618.609631774015725 ], [ 636001.95792522514239, 5190617.937697989866138 ], [ 636009.200572510017082, 5190612.108118577860296 ], [ 636009.678347809356637, 5190607.35396771505475 ], [ 636001.73516653268598, 5190598.172649218700826 ], [ 635981.671734682749957, 5190597.35271414462477 ], [ 635948.561500280746259, 5190584.089740907773376 ] ] ], [ [ [ 635860.618776531424373, 5190648.555453630164266 ], [ 635838.404037323431112, 5190637.322865109890699 ], [ 635828.469122849055566, 5190632.521914764307439 ], [ 635831.347607339266688, 5190626.618057440035045 ], [ 635839.6977305165492, 5190627.937336322851479 ], [ 635844.871216188883409, 5190632.594172931276262 ], [ 635840.722521852119826, 5190612.093924921005964 ], [ 635831.933028186438605, 5190596.695039678364992 ], [ 635823.896413910668343, 5190594.336989940144122 ], [ 635813.675263805314898, 5190590.967174174264073 ], [ 635801.219421885674819, 5190587.409330180846155 ], [ 635785.892722090007737, 5190591.606247180141509 ], [ 635778.902260334929451, 5190594.238133327104151 ], [ 635792.860070728813298, 5190603.727257395163178 ], [ 635799.990557878161781, 5190613.13717532902956 ], [ 635804.195232529542409, 5190615.200645511038601 ], [ 635818.26188086066395, 5190625.998473609797657 ], [ 635816.217396806110628, 5190629.535385669209063 ], [ 635815.449939041165635, 5190640.638149553909898 ], [ 635819.604169715195894, 5190643.830551113002002 ], [ 635824.71352631226182, 5190649.67149739805609 ], [ 635833.814171235775575, 5190644.915449557825923 ], [ 635837.680297142011113, 5190650.934104614891112 ], [ 635834.714025560766459, 5190661.995605202391744 ], [ 635827.942473958712071, 5190665.436039678752422 ], [ 635835.765321004204452, 5190682.574646403081715 ], [ 635851.601229309220798, 5190684.828469282016158 ], [ 635861.334568906459026, 5190683.482113879173994 ], [ 635864.650313256774098, 5190675.20455833338201 ], [ 635860.387445629341528, 5190669.179149799048901 ], [ 635877.077614178648219, 5190667.875801426358521 ], [ 635882.269022373482585, 5190665.97987902443856 ], [ 635883.526776207494549, 5190662.032719076611102 ], [ 635871.360882123815827, 5190649.870237206108868 ], [ 635860.618776531424373, 5190648.555453630164266 ] ] ], [ [ [ 631165.136017331387848, 5189739.895692622289062 ], [ 631166.564773567137308, 5189740.630461484193802 ], [ 631184.152169059962034, 5189749.206275852397084 ], [ 631217.45813762024045, 5189764.033239095471799 ], [ 631242.960390340769663, 5189772.713255759328604 ], [ 631268.253077892120928, 5189778.025307120755315 ], [ 631276.829877855605446, 5189779.481892927549779 ], [ 631311.503426130744629, 5189783.21249623131007 ], [ 631332.910067365271971, 5189786.325941042043269 ], [ 631367.616521753137931, 5189802.095492504537106 ], [ 631381.552781764068641, 5189811.262338219210505 ], [ 631404.149105597520247, 5189824.32614453881979 ], [ 631423.232359669171274, 5189838.170115222223103 ], [ 631439.971625218866393, 5189852.844144402071834 ], [ 631450.554305255645886, 5189863.631421141326427 ], [ 631456.602126286481507, 5189869.79618928488344 ], [ 631468.750823420006782, 5189886.575966720469296 ], [ 631476.254517922294326, 5189906.60349693056196 ], [ 631478.318531316937879, 5189927.512393603101373 ], [ 631488.08068567328155, 5189937.927930039353669 ], [ 631497.811178897856735, 5189943.153233770281076 ], [ 631513.546564787975512, 5189956.472263908013701 ], [ 631519.143913916079327, 5189968.065848044119775 ], [ 631532.93395537417382, 5189973.656224662438035 ], [ 631549.722861420828849, 5189989.585034688934684 ], [ 631574.293661968316883, 5190004.495914671570063 ], [ 631599.179764209315181, 5190027.884408198297024 ], [ 631618.947086035390384, 5190040.038272943347692 ], [ 631652.110095971962437, 5190072.491506205871701 ], [ 631655.955933970049955, 5190079.700305675156415 ], [ 631655.248596729477867, 5190097.943486106581986 ], [ 631676.160906987148337, 5190105.045891987159848 ], [ 631676.738506459631026, 5190112.434657488949597 ], [ 631691.172384278383106, 5190128.843267729505897 ], [ 631706.106097745010629, 5190134.449217004701495 ], [ 631728.135083001572639, 5190145.83149382378906 ], [ 631739.726482957601547, 5190149.998540695756674 ], [ 631750.134199398220517, 5190159.850109929218888 ], [ 631757.129984632832929, 5190158.781243151053786 ], [ 631784.913465854246169, 5190153.076460497453809 ], [ 631799.456647483748384, 5190151.841062631458044 ], [ 631809.935903407633305, 5190157.78307815734297 ], [ 631818.60209698160179, 5190154.980742832645774 ], [ 631824.113554621930234, 5190159.400293266400695 ], [ 631830.84973052109126, 5190156.723100978881121 ], [ 631834.963992438046262, 5190149.192431977950037 ], [ 631835.659727495745756, 5190147.932140139862895 ], [ 631844.607373486971483, 5190131.723892848007381 ], [ 631863.456619570031762, 5190120.13911069650203 ], [ 631896.520908915554173, 5190112.764785306528211 ], [ 631902.228898425353691, 5190127.148632943630219 ], [ 631898.872685340000317, 5190137.806538722477853 ], [ 631902.732028961880133, 5190144.221867453306913 ], [ 631902.59023215493653, 5190152.55336354020983 ], [ 631909.410309113096446, 5190159.312381774187088 ], [ 631925.909990933490917, 5190158.109338443726301 ], [ 631937.119487451389432, 5190168.259583893232048 ], [ 631952.113198086852208, 5190190.289045548997819 ], [ 631968.955929003073834, 5190215.035177490673959 ], [ 631957.309881189605221, 5190238.648140111006796 ], [ 631931.94681245367974, 5190252.106320971623063 ], [ 631910.843725358135998, 5190248.440047296695411 ], [ 631901.755315308691934, 5190238.364045326597989 ], [ 631900.628614123677835, 5190221.175516893155873 ], [ 631896.387520451797172, 5190212.856329512782395 ], [ 631893.15136450517457, 5190217.476582085713744 ], [ 631880.906507930252701, 5190214.093357793986797 ], [ 631870.994812961900607, 5190213.527812570333481 ], [ 631861.130384275922552, 5190210.185102325864136 ], [ 631856.101085345377214, 5190202.559303199872375 ], [ 631857.564853160292841, 5190190.642835660837591 ], [ 631850.144864874193445, 5190191.842474457807839 ], [ 631849.621545030502602, 5190186.575505691580474 ], [ 631819.341156120179221, 5190170.582300587557256 ], [ 631797.903809095267206, 5190171.011154754087329 ], [ 631794.559556854423136, 5190165.535351727157831 ], [ 631788.385344343609177, 5190164.939863217063248 ], [ 631761.033558264258318, 5190172.364892571233213 ], [ 631761.091520589310676, 5190176.71462585683912 ], [ 631751.563553661224432, 5190187.790810604579747 ], [ 631752.597263988456689, 5190193.562068679369986 ], [ 631751.270548883359879, 5190201.834005539305508 ], [ 631741.329139652429149, 5190211.351243263110518 ], [ 631734.974490529391915, 5190213.349967342801392 ], [ 631735.637409908580594, 5190221.342784706503153 ], [ 631732.600341809913516, 5190227.878711158409715 ], [ 631724.628831942449324, 5190236.102552053518593 ], [ 631711.375879611936398, 5190236.908932074904442 ], [ 631708.1493781930767, 5190230.075413909740746 ], [ 631691.857801927020773, 5190237.626681128516793 ], [ 631680.466725836624391, 5190240.901607028208673 ], [ 631688.118725615437143, 5190279.189906418323517 ], [ 631684.586948701413348, 5190300.162985135801136 ], [ 631677.579064976656809, 5190315.520964376628399 ], [ 631668.184002287103795, 5190331.235166318714619 ], [ 631663.731799881905317, 5190340.819320547394454 ], [ 631674.665568741620518, 5190370.117980816401541 ], [ 631681.011714601889253, 5190393.64029573649168 ], [ 631689.832820210256614, 5190411.64879865013063 ], [ 631705.048996123019606, 5190426.988178472965956 ], [ 631717.979280831757933, 5190436.732716280966997 ], [ 631730.896060674451292, 5190447.270730190910399 ], [ 631743.314814872923307, 5190463.753058407455683 ], [ 631746.784166552592069, 5190469.764897462911904 ], [ 631750.145477317273617, 5190482.124540631659329 ], [ 631754.710506155854091, 5190493.710966206155717 ], [ 631760.936764140147716, 5190500.960286993533373 ], [ 631767.196784995961934, 5190506.225919171236455 ], [ 631773.443300706683658, 5190512.285027058795094 ], [ 631787.7191085369559, 5190512.924857998266816 ], [ 631797.146279492299072, 5190518.641249262727797 ], [ 631803.722007273463532, 5190528.674488425254822 ], [ 631805.933618933777325, 5190538.633449163287878 ], [ 631801.770414855564013, 5190550.071319233626127 ], [ 631805.629750919295475, 5190556.486650347709656 ], [ 631808.682106006541289, 5190563.681951920501888 ], [ 631815.359122529975139, 5190567.764124915935099 ], [ 631824.799798641470261, 5190572.687042224220932 ], [ 631830.64282374328468, 5190579.136137196794152 ], [ 631833.210656139184721, 5190591.482278528623283 ], [ 631816.621946513769217, 5190586.83455057721585 ], [ 631798.642113176407292, 5190570.654416294768453 ], [ 631791.004473131150007, 5190553.062900672666728 ], [ 631774.798997337114997, 5190549.215402983129025 ], [ 631762.484671804471873, 5190539.614011662080884 ], [ 631755.870378744555637, 5190542.146735234186053 ], [ 631743.652539600385353, 5190537.176551220938563 ], [ 631738.273778852308169, 5190526.766833492554724 ], [ 631730.722256526816636, 5190527.432009542360902 ], [ 631718.820124515215866, 5190527.229431514628232 ], [ 631709.755930264363997, 5190523.50348231755197 ], [ 631701.935970045742579, 5190516.623889456503093 ], [ 631693.658498897333629, 5190513.308183521032333 ], [ 631686.154245531419292, 5190511.196195955388248 ], [ 631676.727077075978741, 5190505.479806459508836 ], [ 631670.158103350782767, 5190495.049833199009299 ], [ 631661.625698763644323, 5190483.395884500816464 ], [ 631652.917727737571113, 5190482.057115312665701 ], [ 631645.59413075610064, 5190492.647485789842904 ], [ 631641.847925058449619, 5190502.901891420595348 ], [ 631640.380856210133061, 5190519.147876974195242 ], [ 631640.406200772267766, 5190540.975199805572629 ], [ 631644.236168974312022, 5190585.673083293251693 ], [ 631646.931335923611186, 5190591.717591325752437 ], [ 631649.219554378418252, 5190621.588493000715971 ], [ 631648.791258060839027, 5190646.751930905506015 ], [ 631649.326661358587444, 5190670.067280646413565 ], [ 631654.696534286835231, 5190683.210116303525865 ], [ 631669.719182864646427, 5190676.940093693323433 ], [ 631674.23961867694743, 5190675.518298288807273 ], [ 631677.284325028420426, 5190659.269677011296153 ], [ 631695.655807997682132, 5190652.439024175517261 ], [ 631711.525316398590803, 5190652.709133163094521 ], [ 631709.76954729098361, 5190662.600564929656684 ], [ 631701.454041298478842, 5190674.683506052941084 ], [ 631701.184372355462983, 5190690.527091227471828 ], [ 631688.672114686109126, 5190713.620362740941346 ], [ 631702.980632108170539, 5190725.160126290284097 ], [ 631700.63679387816228, 5190746.285706088878214 ], [ 631685.617046823725104, 5190773.809740436263382 ], [ 631643.175663301022723, 5190757.593859893269837 ], [ 631636.810465372633189, 5190748.163064086809754 ], [ 631630.746665748301893, 5190721.024635423906147 ], [ 631619.673901177826338, 5190714.310450294055045 ], [ 631628.775612324243411, 5190672.514224302954972 ], [ 631627.403410483733751, 5190643.591160393320024 ], [ 631619.22184751892928, 5190631.332715008407831 ], [ 631608.29310568398796, 5190627.66570552252233 ], [ 631596.002347629168071, 5190629.490762436762452 ], [ 631594.93592590931803, 5190636.041165381669998 ], [ 631568.366340183536522, 5190658.209528125822544 ], [ 631544.572763027856126, 5190669.364435916766524 ], [ 631550.718860355438665, 5190684.847143366932869 ], [ 631545.23113673820626, 5190705.000548980198801 ], [ 631531.547138332738541, 5190711.451244110241532 ], [ 631513.889091955963522, 5190710.63372094463557 ], [ 631509.523407645057887, 5190715.800105292350054 ], [ 631508.285907331621274, 5190734.456943073309958 ], [ 631521.689451183425263, 5190750.593147040344775 ], [ 631510.729540053755045, 5190763.902805806137621 ], [ 631527.723331727553159, 5190787.061711013317108 ], [ 631527.506249441765249, 5190815.677333570085466 ], [ 631535.747672659228556, 5190843.998954962007701 ], [ 631547.670554946991615, 5190873.32056746352464 ], [ 631555.166364097851329, 5190899.243566925637424 ], [ 631567.230907305143774, 5190934.756711394526064 ], [ 631584.49658564478159, 5190969.576765611767769 ], [ 631615.290725827682763, 5191012.802854042500257 ], [ 631638.830042558489367, 5191027.608683882281184 ], [ 631657.086727406363934, 5191027.522588624618948 ], [ 631675.444709470495582, 5191021.485428391955793 ], [ 631692.57871379214339, 5191017.411696772091091 ], [ 631728.782687424216419, 5190996.781951622106135 ], [ 631758.090635435655713, 5190984.713814543560147 ], [ 631786.050794141134247, 5191012.96942778211087 ], [ 631818.988470885902643, 5191020.805711274035275 ], [ 631842.097745376406237, 5191023.183330827392638 ], [ 631865.063407729147002, 5191049.317906993441284 ], [ 631880.644234524806961, 5191043.233472865074873 ], [ 631904.683170849573798, 5191053.167122350074351 ], [ 631927.477869496564381, 5191066.254416928626597 ], [ 631949.67493437777739, 5191067.822806575335562 ], [ 631990.106408044346608, 5191070.622972788289189 ], [ 631981.414583505364135, 5191049.620286369696259 ], [ 631978.234144921414554, 5191032.503133911639452 ], [ 631986.164837960503064, 5191013.343238919042051 ], [ 631970.007737977313809, 5191008.163599076680839 ], [ 631951.147213456220925, 5190989.322762966156006 ], [ 631933.150382014689967, 5190953.981228898279369 ], [ 631914.538101384416223, 5190950.8885826356709 ], [ 631901.777124235522933, 5190945.114694701507688 ], [ 631892.687994469422847, 5190939.807283545844257 ], [ 631889.560064304503612, 5190944.924742681905627 ], [ 631879.587803444708697, 5190940.509247086942196 ], [ 631870.013894346891902, 5190918.03657861892134 ], [ 631870.502528778626584, 5190912.299228643067181 ], [ 631875.02470485935919, 5190886.953674266114831 ], [ 631891.874676622450352, 5190876.676092689856887 ], [ 631907.817693554330617, 5190887.782835140824318 ], [ 631920.968395932228304, 5190895.040269549936056 ], [ 631935.087956937379204, 5190885.266180444508791 ], [ 631935.492875404423103, 5190880.497008555568755 ], [ 631928.421964782173745, 5190870.899822599254549 ], [ 631925.800116937723942, 5190861.727579908445477 ], [ 631930.721456942032091, 5190854.254571305587888 ], [ 631924.90235513728112, 5190842.568266812711954 ], [ 631905.845036942511797, 5190821.702637558802962 ], [ 631907.600810862611979, 5190811.811201667413116 ], [ 631898.166888652835041, 5190806.491539818234742 ], [ 631890.514069600962102, 5190813.107779070734978 ], [ 631876.251764408196323, 5190811.674461520276964 ], [ 631863.307978038792498, 5190802.723383463919163 ], [ 631857.969739815685898, 5190789.933231974951923 ], [ 631854.231958374613896, 5190776.376616541296244 ], [ 631865.018161982181482, 5190772.194827082566917 ], [ 631883.27485714876093, 5190772.108720168471336 ], [ 631891.09481648192741, 5190778.988321142271161 ], [ 631899.593452958622947, 5190792.625972260721028 ], [ 631916.4168324500788, 5190806.802172381430864 ], [ 631923.130229413276538, 5190816.321618570014834 ], [ 631944.102101003401913, 5190823.190205605700612 ], [ 631970.877822128590196, 5190815.302437947131693 ], [ 631973.811491823173128, 5190797.041428097523749 ], [ 631941.068607150809839, 5190804.046947645954788 ], [ 631916.659935944480821, 5190792.519607678987086 ], [ 631908.921010651509278, 5190780.879151191562414 ], [ 631905.888917266507633, 5190772.493632476776838 ], [ 631904.80674905423075, 5190766.125567574054003 ], [ 631903.744839249760844, 5190758.567289017140865 ], [ 631901.163505928008817, 5190747.014620253816247 ], [ 631905.301028453744948, 5190734.444659463129938 ], [ 631893.651708388933912, 5190716.933486567810178 ], [ 631886.038075052201748, 5190706.042576459236443 ], [ 631873.290539982262999, 5190705.862785720266402 ], [ 631866.122247130842879, 5190707.328187104314566 ], [ 631855.329291376634501, 5190711.906716180033982 ], [ 631845.329811557661742, 5190716.498750590719283 ], [ 631833.030938423122279, 5190716.289414073340595 ], [ 631817.948148112860508, 5190716.429545852355659 ], [ 631827.875022680032998, 5190692.787343489937484 ], [ 631826.416373854037374, 5190685.222313813865185 ], [ 631817.029721125727519, 5190677.125491335988045 ], [ 631821.912124478840269, 5190670.065243647433817 ], [ 631820.090501097496599, 5190660.509772349148989 ], [ 631811.833286907756701, 5190656.003849029541016 ], [ 631814.732000719290227, 5190648.909837554208934 ], [ 631806.11856499989517, 5190642.016735006123781 ], [ 631809.878281225683168, 5190630.968850880861282 ], [ 631823.240737282554619, 5190615.322177390567958 ], [ 631831.707285516662523, 5190607.529227326624095 ], [ 631845.081576565979049, 5190614.503361856564879 ], [ 631858.737809898448177, 5190628.22879308834672 ], [ 631874.936535604996607, 5190632.473032671026886 ], [ 631900.206211922341026, 5190640.04648816678673 ], [ 631919.121330130379647, 5190647.908638952299953 ], [ 631932.105638180393726, 5190654.479285707697272 ], [ 631942.005232527619228, 5190666.625820392742753 ], [ 631947.406371038756333, 5190670.653258668258786 ], [ 631952.21408650954254, 5190679.739662108011544 ], [ 631969.464859546395019, 5190674.560955508612096 ], [ 631960.972970300004818, 5190660.526566530577838 ], [ 631957.638674211571924, 5190646.579963562078774 ], [ 631964.054008877370507, 5190642.720627558417618 ], [ 631989.727181336958893, 5190649.90410016477108 ], [ 632005.871890231966972, 5190657.322246039286256 ], [ 632022.247047043172643, 5190667.522285547107458 ], [ 632038.540317406645045, 5190666.212196030654013 ], [ 632057.73905691714026, 5190657.411352652125061 ], [ 632078.57201857259497, 5190645.860352840274572 ], [ 632148.80427481175866, 5190638.165093715302646 ], [ 632213.728644672548398, 5190631.994504407048225 ], [ 632256.092408070689999, 5190630.069872475229204 ], [ 632297.709570924867876, 5190640.676915820688009 ], [ 632353.217841446748935, 5190639.81995714828372 ], [ 632402.697014620061964, 5190623.99428276438266 ], [ 632430.058459982974455, 5190625.253696739673615 ], [ 632463.565140957245603, 5190638.52330796699971 ], [ 632481.754336138488725, 5190642.404579686000943 ], [ 632491.161263319198042, 5190649.311199429444969 ], [ 632487.838795071118511, 5190657.985424040816724 ], [ 632491.267633700510487, 5190666.377706866711378 ], [ 632499.094359450507909, 5190672.86057779751718 ], [ 632499.698758963495493, 5190683.982761024497449 ], [ 632481.306980144465342, 5190692.00364136043936 ], [ 632468.900042920722626, 5190698.142120500095189 ], [ 632449.822832991019823, 5190699.80167896579951 ], [ 632444.133438925608061, 5190707.641908606514335 ], [ 632460.66822424530983, 5190716.608499333262444 ], [ 632465.956039219629019, 5190718.982001797296107 ], [ 632482.659489368554205, 5190716.885142244398594 ], [ 632498.890100591117516, 5190708.177056025713682 ], [ 632521.066940257325768, 5190710.935643741860986 ], [ 632532.881309568649158, 5190716.295828530564904 ], [ 632539.585347806685604, 5190718.791057402268052 ], [ 632552.328250853228383, 5190716.229977497830987 ], [ 632563.511211252887733, 5190712.054932011291385 ], [ 632574.996371284127235, 5190713.440978968515992 ], [ 632576.858513621264137, 5190720.616037154570222 ], [ 632571.142106052022427, 5190730.043223222717643 ], [ 632556.565174707095139, 5190738.646158860996366 ], [ 632545.890969616360962, 5190744.693859859369695 ], [ 632540.611817519064061, 5190751.747366517782211 ], [ 632528.615121763432398, 5190757.099120516330004 ], [ 632519.21326877840329, 5190773.210083837620914 ], [ 632511.453388858120888, 5190777.212266695685685 ], [ 632504.371202720678411, 5190791.847681298851967 ], [ 632490.50792027101852, 5190797.929566763341427 ], [ 632508.404434661380947, 5190811.362149246037006 ], [ 632518.685871404479258, 5190813.521417166106403 ], [ 632526.104033379349858, 5190797.37669039145112 ], [ 632548.255543671548367, 5190778.307910951785743 ], [ 632558.563993096584454, 5190778.880224061198533 ], [ 632582.95412585278973, 5190768.183469120413065 ], [ 632600.559186516446061, 5190759.752345982007682 ], [ 632605.254200300434604, 5190740.386436332017183 ], [ 632614.924489054945298, 5190731.820255039259791 ], [ 632619.940281671588309, 5190740.239552490413189 ], [ 632631.157008344656788, 5190734.080813888460398 ], [ 632639.630328868050128, 5190725.891112071461976 ], [ 632656.455419459380209, 5190716.653002982027829 ], [ 632670.893325737444684, 5190707.771114976145327 ], [ 632682.204592429101467, 5190696.058033312670887 ], [ 632681.606945778126828, 5190684.539106330834329 ], [ 632684.613710746867582, 5190671.097260916605592 ], [ 632706.273946686880663, 5190657.576055920682847 ], [ 632724.503669222001918, 5190659.076898640953004 ], [ 632747.741468275315128, 5190664.233518780209124 ], [ 632762.209773633396253, 5190669.109738691709936 ], [ 632789.218964902800508, 5190675.522259253077209 ], [ 632808.31589097820688, 5190680.477262482047081 ], [ 632814.725620976067148, 5190692.491972794756293 ], [ 632809.086875635432079, 5190712.900106712244451 ], [ 632780.440089891897514, 5190724.979549758136272 ], [ 632750.57213577395305, 5190731.085400588810444 ], [ 632725.287783302250318, 5190739.914958290755749 ], [ 632701.370913493447006, 5190746.122099778614938 ], [ 632712.811629649251699, 5190773.435162710025907 ], [ 632726.829740101122297, 5190804.76063360273838 ], [ 632721.179735440877266, 5190825.829992613755167 ], [ 632707.60621055169031, 5190846.103061088360846 ], [ 632727.398126496933401, 5190849.085632768459618 ], [ 632757.938566783326678, 5190842.329814753495157 ], [ 632799.061081509804353, 5190836.945821898058057 ], [ 632821.754418391850777, 5190823.573344411328435 ], [ 632834.171501056174748, 5190832.383194552734494 ], [ 632835.212591505493037, 5190848.936488406732678 ], [ 632812.69656803435646, 5190857.385447403416038 ], [ 632804.888925362611189, 5190867.602755482308567 ], [ 632798.041384449694306, 5190896.853377861902118 ], [ 632798.497212020098232, 5190916.703822868876159 ], [ 632809.705504243262112, 5190934.356166988611221 ], [ 632816.980173129122704, 5190949.957287646830082 ], [ 632831.786126013845205, 5190966.083455810323358 ], [ 632862.444065782940015, 5190989.952382396906614 ], [ 632922.208117354661226, 5191053.804848160594702 ], [ 632954.504334979457781, 5191099.33135620970279 ], [ 632975.537101830355823, 5191145.988992950879037 ], [ 632993.924937797244638, 5191192.601612651720643 ], [ 633011.282949965214357, 5191221.999702862463892 ], [ 633025.830046674469486, 5191222.247324517928064 ], [ 633031.429060395923443, 5191177.473442626185715 ], [ 633018.283631069702096, 5191121.582535897381604 ], [ 633016.032641429221258, 5191098.39440661855042 ], [ 633028.238705040654168, 5191080.743747297674417 ], [ 633046.640141889685765, 5191085.145713739097118 ], [ 633053.713912681909278, 5191089.23466132581234 ], [ 633064.211463731946424, 5191078.698290115222335 ], [ 633068.009755076374859, 5191076.003806349821389 ], [ 633074.268884282791987, 5191057.71601986233145 ], [ 633085.498569212388247, 5191058.56859106104821 ], [ 633095.203195934882388, 5191071.300823915749788 ], [ 633086.99272100883536, 5191092.579102512449026 ], [ 633097.278694619890302, 5191104.811339533887804 ], [ 633130.996925652492791, 5191105.642688593827188 ], [ 633160.797381755313836, 5191103.504251434467733 ], [ 633180.018128892057575, 5191101.185728586278856 ], [ 633186.878065468976274, 5191086.751179371029139 ], [ 633195.676676376489922, 5191074.995323328301311 ], [ 633208.505838959827088, 5191029.84118811134249 ], [ 633213.503068666439503, 5191016.036354073323309 ], [ 633218.34497646742966, 5191011.356521154753864 ], [ 633225.170580319128931, 5191006.710453670471907 ], [ 633222.575739638297819, 5190995.951223546639085 ], [ 633227.935942143318243, 5190984.136837704107165 ], [ 633256.269196548033506, 5190965.833533803932369 ], [ 633253.905645791208372, 5190949.257712074555457 ], [ 633272.487674612901174, 5190945.605462050065398 ], [ 633303.554329347563908, 5190946.795683093369007 ], [ 633304.024224898312241, 5190958.047884454019368 ], [ 633341.524928958038799, 5190978.926913371309638 ], [ 633377.361903360346332, 5191001.627320664003491 ], [ 633398.854601753992029, 5191014.825928663834929 ], [ 633400.764014323474839, 5191019.223827393725514 ], [ 633403.453399367746897, 5191024.428711178712547 ], [ 633410.164203346241266, 5191026.52721131592989 ], [ 633418.092238161945716, 5191027.059013362042606 ], [ 633421.11758436250966, 5191035.841305112466216 ], [ 633409.134364690398797, 5191040.399583457037807 ], [ 633411.003258116310462, 5191047.177918722853065 ], [ 633436.273023304995149, 5191054.751429915428162 ], [ 633448.28155917848926, 5191072.020573027431965 ], [ 633463.464010209660046, 5191089.343742736615241 ], [ 633478.476629343815148, 5191093.329715030267835 ], [ 633490.473358082585037, 5191087.977958573959768 ], [ 633500.905404318822548, 5191087.731072225607932 ], [ 633487.027944502653554, 5191125.857446746900678 ], [ 633468.912663065246306, 5191118.96245507709682 ], [ 633459.706617097603157, 5191123.568004069849849 ], [ 633457.554089039564133, 5191133.452723643742502 ], [ 633463.685816236771643, 5191146.256437391974032 ], [ 633476.595880137756467, 5191157.191259800456464 ], [ 633486.359041508054361, 5191166.485098897479475 ], [ 633484.260538492468186, 5191173.195903258398175 ], [ 633487.215255713439547, 5191177.795720886439085 ], [ 633519.159869269817136, 5191181.03801928088069 ], [ 633539.477989366161637, 5191191.966659414581954 ], [ 633525.859395895386115, 5191214.884686659090221 ], [ 633521.678145500365645, 5191227.380570635199547 ], [ 633514.021898540784605, 5191249.738663526251912 ], [ 633515.701694592367858, 5191267.625707073137164 ], [ 633508.729189296718687, 5191288.672589587979019 ], [ 633484.823519926751032, 5191294.218477725982666 ], [ 633472.910080587258562, 5191294.677108151838183 ], [ 633469.972503255936317, 5191311.824127775616944 ], [ 633463.796297512482852, 5191324.947474227286875 ], [ 633448.681623798562214, 5191332.939434534870088 ], [ 633441.536655218573287, 5191350.364097178913653 ], [ 633433.478053562575951, 5191357.502583766356111 ], [ 633419.479616746306419, 5191363.878535736352205 ], [ 633411.939298995188437, 5191379.425927624106407 ], [ 633411.052950395038351, 5191392.639317722991109 ], [ 633435.238383553223684, 5191403.469010818749666 ], [ 633449.972250606748275, 5191392.350517490878701 ], [ 633465.052860284806229, 5191396.432535372674465 ], [ 633466.883341104723513, 5191391.904757859185338 ], [ 633448.13037680927664, 5191383.985222325660288 ], [ 633454.660551656736061, 5191373.381313782185316 ], [ 633476.580258828937076, 5191372.02378683257848 ], [ 633479.1362315522274, 5191361.749051836319268 ], [ 633462.665700831683353, 5191352.509608855471015 ], [ 633491.767813880578615, 5191319.103780577890575 ], [ 633510.193431018618867, 5191309.099282556213439 ], [ 633513.708970815408975, 5191298.984119181521237 ], [ 633518.276780543848872, 5191300.506049391813576 ], [ 633522.357909793616273, 5191280.479184688068926 ], [ 633536.069914550054818, 5191267.616396238096058 ], [ 633543.400320174638182, 5191256.629250672645867 ], [ 633548.323275059578009, 5191247.188542655669153 ], [ 633560.804540973156691, 5191236.685929371975362 ], [ 633570.057863927446306, 5191229.303205071017146 ], [ 633585.392837014514953, 5191214.575219918042421 ], [ 633621.299153902451508, 5191242.304813159629703 ], [ 633612.511784280883148, 5191253.399445318616927 ], [ 633594.733339770464227, 5191271.789812289178371 ], [ 633614.751512477290817, 5191277.248842641711235 ], [ 633633.19849326799158, 5191281.531396646983922 ], [ 633668.065963727422059, 5191323.438628097064793 ], [ 633675.549989535938948, 5191326.740860437974334 ], [ 633712.737118180608377, 5191357.163280522450805 ], [ 633724.312890908913687, 5191376.541636128909886 ], [ 633719.463101380155422, 5191381.460595807991922 ], [ 633740.125616504461505, 5191403.24247483164072 ], [ 633746.351888653123751, 5191410.491845808923244 ], [ 633763.803906469489448, 5191426.820706500671804 ], [ 633827.518578837392852, 5191510.715717187151313 ], [ 633844.023265328374691, 5191532.44793644733727 ], [ 633853.39529542485252, 5191545.022235278971493 ], [ 633871.986311431392096, 5191571.927979431115091 ], [ 633893.4625648050569, 5191592.533164438791573 ], [ 633895.312109145801514, 5191598.534574604593217 ], [ 633912.634498558007181, 5191620.505935556255281 ], [ 633914.10983918607235, 5191638.522949650883675 ], [ 633925.903975695604458, 5191645.073400272987783 ], [ 633939.04193631594535, 5191665.933502538129687 ], [ 633936.896146027487703, 5191675.421491057612002 ], [ 633944.463537524454296, 5191697.139217331074178 ], [ 633989.039107877528295, 5191717.051756556145847 ], [ 633999.843967518652789, 5191704.007193574681878 ], [ 634021.161021749489009, 5191695.110131092369556 ], [ 634024.669802379095927, 5191683.264213473536074 ], [ 634043.420718263136223, 5191669.693490777164698 ], [ 634077.323721082764678, 5191659.687828299589455 ], [ 634090.543271188857034, 5191662.321600620634854 ], [ 634099.983987238025293, 5191667.244571932591498 ], [ 634113.479903397150338, 5191667.077460488304496 ], [ 634122.604925264138728, 5191667.232797501608729 ], [ 634129.295476498315111, 5191670.521532477810979 ], [ 634133.16832439112477, 5191676.14343155734241 ], [ 634136.274707229807973, 5191680.164862789213657 ], [ 634143.711462190374732, 5191686.244286375120282 ], [ 634149.649056223104708, 5191687.139073623344302 ], [ 634155.848314292030409, 5191695.975416869856417 ], [ 634171.846241698251106, 5191688.707507017999887 ], [ 634180.024181207409129, 5191674.559938357211649 ], [ 634176.588595689856447, 5191666.564351645298302 ], [ 634162.749967528157867, 5191663.550788413733244 ], [ 634155.306458095088601, 5191657.868105064146221 ], [ 634154.594023123150691, 5191653.093716217204928 ], [ 634141.49484568554908, 5191653.267581910826266 ], [ 634125.672518184175715, 5191650.22025057207793 ], [ 634113.831099562114105, 5191646.446976977400482 ], [ 634102.372913805302233, 5191643.473937478847802 ], [ 634091.633917125873268, 5191644.878546170890331 ], [ 634109.791138859698549, 5191627.329162521287799 ], [ 634134.638912456692196, 5191613.068511354736984 ], [ 634160.744444610551, 5191594.860718410462141 ], [ 634189.807780442177318, 5191589.402637286111712 ], [ 634207.311623544897884, 5191586.922619301825762 ], [ 634235.029406842193566, 5191590.569300242699683 ], [ 634238.627773138461635, 5191592.534330256283283 ], [ 634245.129570630728267, 5191589.39192779827863 ], [ 634258.221997736603953, 5191589.614800198934972 ], [ 634268.530489927041344, 5191590.187136860564351 ], [ 634287.715849350788631, 5191582.179769894108176 ], [ 634311.251845146878622, 5191575.040173336863518 ], [ 634323.27562003210187, 5191568.101459237746894 ], [ 634329.718016282771714, 5191562.655154302716255 ], [ 634352.036778549430892, 5191557.082256049849093 ], [ 634371.954838944249786, 5191552.659056117758155 ], [ 634378.753454090096056, 5191549.599945940077305 ], [ 634382.801901570288464, 5191544.906598619185388 ], [ 634386.958407590398565, 5191533.865405754186213 ], [ 634391.477885473985225, 5191524.81466802675277 ], [ 634394.369879926787689, 5191518.117357636801898 ], [ 634394.518459937302396, 5191509.389069964177907 ], [ 634394.680547004798427, 5191499.867301580496132 ], [ 634405.480333915096708, 5191494.892024732194841 ], [ 634417.033080129302107, 5191492.310697079636157 ], [ 634402.237207084544934, 5191484.915434683673084 ], [ 634390.524097122251987, 5191473.604096749797463 ], [ 634383.53810340736527, 5191464.357504205778241 ], [ 634387.338388322736137, 5191450.929114835336804 ], [ 634399.355409800424241, 5191444.387136038392782 ], [ 634414.841791466460563, 5191443.857044484466314 ], [ 634433.051327953115106, 5191446.548150970600545 ], [ 634440.596149162156507, 5191446.279728431254625 ], [ 634445.357034059241414, 5191446.360771290026605 ], [ 634452.343029264826328, 5191455.60736496001482 ], [ 634464.608214476844296, 5191457.800428067333996 ], [ 634470.95606139395386, 5191457.908485400490463 ], [ 634492.45433488918934, 5191453.909034008160233 ], [ 634513.878320138086565, 5191454.273727347142994 ], [ 634522.068044981569983, 5191462.747102562338114 ], [ 634526.405175992986187, 5191464.408353965729475 ], [ 634533.445200972724706, 5191470.481025923043489 ], [ 634535.273570624412969, 5191479.63982517272234 ], [ 634535.199280932778493, 5191484.003970555029809 ], [ 634537.875160231022164, 5191490.002353205345571 ], [ 634533.436724937986583, 5191494.292208784259856 ], [ 634508.400895776459947, 5191498.787582634016871 ], [ 634480.911649468354881, 5191502.525760966353118 ], [ 634467.697649663547054, 5191509.444218844175339 ], [ 634494.601709882728755, 5191514.267610955052078 ], [ 634525.560974064748734, 5191514.000913951545954 ], [ 634555.834817799623124, 5191507.372861495241523 ], [ 634577.245299107744358, 5191508.531038833782077 ], [ 634588.320266188238747, 5191510.703843353316188 ], [ 634614.591216152883135, 5191529.406403249129653 ], [ 634623.903626524610445, 5191541.867448889650404 ], [ 634626.216260571964085, 5191547.259974991902709 ], [ 634642.592622218537144, 5191553.694400833919644 ], [ 634659.510641115251929, 5191562.316362009383738 ], [ 634682.803525571711361, 5191569.459420580416918 ], [ 634703.130122678703628, 5191587.663942347280681 ], [ 634729.683003646903671, 5191613.117857963778079 ], [ 634738.524382031639107, 5191629.936302947811782 ], [ 634746.887973849195987, 5191651.50888323225081 ], [ 634764.899637940572575, 5191665.824504366144538 ], [ 634784.527306663687341, 5191678.461156887933612 ], [ 634788.970766135840677, 5191697.189017199911177 ], [ 634820.390859765233472, 5191739.790598586201668 ], [ 634839.258816670742817, 5191750.430044794455171 ], [ 634859.337258292827755, 5191759.899531280621886 ], [ 634867.103227240266278, 5191769.953129408881068 ], [ 634876.496682861936279, 5191777.653298649005592 ], [ 634886.636342807440087, 5191788.144161899574101 ], [ 634886.460740762529895, 5191798.459423495456576 ], [ 634891.900295690167695, 5191805.298572724685073 ], [ 634904.857664967654273, 5191813.456269623711705 ], [ 634917.035060660913587, 5191820.806977422907948 ], [ 634926.374484770814888, 5191831.681075775995851 ], [ 634929.406578484456986, 5191840.066665804944932 ], [ 634934.765085501596332, 5191851.66670685634017 ], [ 634945.556392788304947, 5191870.502640135586262 ], [ 634959.158655938110314, 5191887.40214807447046 ], [ 634974.602788590709679, 5191912.666986570693552 ], [ 634977.123321073828265, 5191927.790419761091471 ], [ 634974.828929267008789, 5191946.006731547415257 ], [ 634969.671909998636693, 5191951.773163985460997 ], [ 634973.978188124136068, 5191956.350187460891902 ], [ 634977.803761430550367, 5191964.749287616461515 ], [ 634978.912935021566227, 5191969.530440922826529 ], [ 634984.338980044354685, 5191977.163075897842646 ], [ 634992.501686859875917, 5191987.223435485735536 ], [ 635003.286235153558664, 5192006.456116052344441 ], [ 635006.176488601719029, 5192023.173268822953105 ], [ 635001.65023829927668, 5192032.620755662210286 ], [ 635000.593343686545268, 5192048.080143922939897 ], [ 635002.669850883889012, 5192065.974011303856969 ], [ 634998.070283946115524, 5192068.82140942197293 ], [ 634988.837980974232778, 5192086.089970115572214 ], [ 634987.531149726128206, 5192092.702488853596151 ], [ 634987.199594223638996, 5192097.827329323627055 ], [ 634998.053361219121143, 5192104.033273166045547 ], [ 634995.127581355976872, 5192112.714294005185366 ], [ 634985.912851187866181, 5192117.716456528753042 ], [ 634985.376829816494137, 5192126.001709386706352 ], [ 634968.691553705139086, 5192137.342020055279136 ], [ 634984.931048015831038, 5192152.186610143631697 ], [ 634985.749784664134495, 5192174.027623637579381 ], [ 634993.165609423886053, 5192181.336966222152114 ], [ 634991.477330958587117, 5192187.261062860488892 ], [ 634991.545811595395207, 5192206.549426176585257 ], [ 634989.749463233863935, 5192218.82137745898217 ], [ 634976.851122955209576, 5192230.507465615868568 ], [ 634966.044557187473401, 5192235.879470482468605 ], [ 634942.688177394797094, 5192232.465732287615538 ], [ 634931.997112134005874, 5192231.053467846475542 ], [ 634911.797099790186621, 5192228.725291280075908 ], [ 634896.263417503098026, 5192232.032538836821914 ], [ 634871.975386717123911, 5192223.022914473898709 ], [ 634865.076242516399361, 5192222.37390604801476 ], [ 634851.17005138436798, 5192223.327726169489324 ], [ 634843.631976340548135, 5192223.199393511749804 ], [ 634829.430360393598676, 5192218.195347745902836 ], [ 634821.585485964664258, 5192218.143887955695391 ], [ 634812.910518567543477, 5192227.473816983401775 ], [ 634818.227317771175876, 5192246.856033202260733 ], [ 634821.904287013225257, 5192263.98342945612967 ], [ 634827.323569889878854, 5192272.012806151993573 ], [ 634823.563779676449485, 5192283.060757776722312 ], [ 634814.686885821050964, 5192291.640457247383893 ], [ 634803.463319615460932, 5192298.195926098152995 ], [ 634798.231391265057027, 5192302.472266641445458 ], [ 634796.509339676937088, 5192310.380063530057669 ], [ 634807.408692838391289, 5192322.868150691501796 ], [ 634807.172286920947954, 5192336.754076595418155 ], [ 634806.969652894767933, 5192348.656298780813813 ], [ 634801.266683942172676, 5192357.290032292716205 ], [ 634787.59918046137318, 5192367.534334913827479 ], [ 634786.267113862326369, 5192375.845626526512206 ], [ 634796.857532585039735, 5192383.16933115478605 ], [ 634785.196697582723573, 5192392.098486927337945 ], [ 634768.928551749675535, 5192415.236007625237107 ], [ 634749.211321064736694, 5192431.171403147280216 ], [ 634728.351150690345094, 5192444.309348774142563 ], [ 634712.871510337106884, 5192444.442661326378584 ], [ 634693.79365287348628, 5192453.126480709761381 ], [ 634672.825411238707602, 5192472.612273052334785 ], [ 634645.642630768939853, 5192507.469626633450389 ], [ 634623.813361431006342, 5192530.909310028888285 ], [ 634598.097742575919256, 5192549.52055780030787 ], [ 634550.741987348999828, 5192580.462745540775359 ], [ 634530.150223401607946, 5192601.145500351674855 ], [ 634517.272151091950946, 5192611.641341445036232 ], [ 634501.179626961238682, 5192624.463586547411978 ], [ 634482.384222368826158, 5192632.874402828514576 ], [ 634459.157126507139765, 5192645.178319883532822 ], [ 634445.068569880910218, 5192656.844114523380995 ], [ 634423.414927340927534, 5192669.968528886325657 ], [ 634400.262136504985392, 5192677.908298375084996 ], [ 634377.156630435260013, 5192683.070884807035327 ], [ 634351.012299222173169, 5192680.244626652449369 ], [ 634331.437012502807193, 5192669.196250975131989 ], [ 634309.844168848358095, 5192678.749998827464879 ], [ 634285.776317561394535, 5192693.81757986638695 ], [ 634262.280832514050417, 5192698.576668935827911 ], [ 634233.339063279447146, 5192696.893347474746406 ], [ 634210.199792556231841, 5192704.039631408639252 ], [ 634197.0465745087713, 5192707.38738374132663 ], [ 634179.610273324302398, 5192705.899951536208391 ], [ 634167.755353605374694, 5192702.920126439072192 ], [ 634152.221696404390968, 5192706.227349583990872 ], [ 634133.568157693371177, 5192706.306613421067595 ], [ 634123.605303789256141, 5192707.380060118623078 ], [ 634110.938891900586896, 5192718.461951814591885 ], [ 634083.523300371365622, 5192720.376309023238719 ], [ 634073.282362943748012, 5192715.836543503217399 ], [ 634048.858614965574816, 5192710.075249016284943 ], [ 634003.222260733833537, 5192709.959678607992828 ], [ 633950.020057832472958, 5192707.080911960452795 ], [ 633939.732616640394554, 5192709.540141679346561 ], [ 633927.72909815737512, 5192715.288595221936703 ], [ 633930.821360997739248, 5192727.908314363099635 ], [ 633948.348171707475558, 5192747.388042607344687 ], [ 633932.489834535401314, 5192746.45661551784724 ], [ 633906.769292043172754, 5192742.050152003765106 ], [ 633869.88659608119633, 5192732.823670949786901 ], [ 633857.21058830129914, 5192739.222097715362906 ], [ 633877.494908302440308, 5192752.134525096043944 ], [ 633907.092782457941212, 5192761.898402016609907 ], [ 633930.705786074046046, 5192773.544656598009169 ], [ 633918.007259445963427, 5192781.265549201518297 ], [ 633889.954016586998478, 5192797.323533316142857 ], [ 633887.083920916891657, 5192810.503161260858178 ], [ 633897.506035076919943, 5192819.940554874017835 ], [ 633903.949492613435723, 5192829.971632742322981 ], [ 633898.904306348995306, 5192854.35844799131155 ], [ 633891.405577360419556, 5192867.459267853759229 ], [ 633897.837775307474658, 5192878.151579368859529 ], [ 633919.65846689697355, 5192878.523103201761842 ], [ 633943.519150563748553, 5192875.622236383147538 ], [ 633966.046110992669128, 5192873.360085795633495 ], [ 633982.005773769691586, 5192868.340419344604015 ], [ 634008.533910607802682, 5192864.162118150852621 ], [ 634027.037183580803685, 5192865.138583218678832 ], [ 634024.873351145884953, 5192875.684540452435613 ], [ 634007.489895288599655, 5192886.63278956245631 ], [ 633988.761456807027571, 5192898.880987441167235 ], [ 634001.929829530417919, 5192902.412320223636925 ], [ 634054.257324942504056, 5192898.011862895451486 ], [ 634079.152066314010881, 5192897.631699237972498 ], [ 634100.192797691794112, 5192897.196234293282032 ], [ 634116.459139511338435, 5192897.47318937536329 ], [ 634127.123836047016084, 5192900.432754815556109 ], [ 634132.664686953299679, 5192901.320805014111102 ], [ 634160.039752614218742, 5192901.786900498904288 ], [ 634189.364745714236051, 5192904.270471674390137 ], [ 634206.915881692664698, 5192899.013330305926502 ], [ 634229.428745289100334, 5192905.349467992782593 ], [ 634246.488572716712952, 5192905.639933545142412 ], [ 634264.321616223780438, 5192907.134129723533988 ], [ 634268.516882933443412, 5192917.126939728856087 ], [ 634288.394423708901741, 5192915.084249726496637 ], [ 634302.219536504941061, 5192918.891337601467967 ], [ 634314.006908235489391, 5192925.838572485372424 ], [ 634327.421771472319961, 5192930.432386443950236 ], [ 634352.019668397027999, 5192930.851198930293322 ], [ 634369.079501022584736, 5192931.14166569057852 ], [ 634384.484822667902336, 5192935.372515391558409 ], [ 634395.566531516727991, 5192937.14861795026809 ], [ 634407.448476394754834, 5192938.541490385308862 ], [ 634414.154645720031112, 5192938.904277551919222 ], [ 634422.316059191478416, 5192948.716015393845737 ], [ 634435.479070555069484, 5192939.363536669872701 ], [ 634439.477457278058864, 5192940.649883943609893 ], [ 634443.464889554074034, 5192941.932707003317773 ], [ 634455.367100996896625, 5192942.135358617641032 ], [ 634461.735212403931655, 5192941.053218327462673 ], [ 634474.87493097432889, 5192938.498952314257622 ], [ 634480.934117883909494, 5192932.252431627362967 ], [ 634496.08455932920333, 5192928.144978743977845 ], [ 634511.12692066305317, 5192930.3853724822402 ], [ 634524.205845403717831, 5192931.401769825257361 ], [ 634547.903999577043578, 5192914.740477298386395 ], [ 634569.947642312850803, 5192902.019567681476474 ], [ 634581.937672730302438, 5192897.064591635018587 ], [ 634588.272010974702425, 5192897.966152855195105 ], [ 634602.293029607273638, 5192890.267767840996385 ], [ 634628.385140055441298, 5192872.853518488816917 ], [ 634648.55991755775176, 5192853.354239426553249 ], [ 634670.959774767863564, 5192843.020521768368781 ], [ 634697.723779876367189, 5192832.761107419617474 ], [ 634708.933841892750934, 5192826.999136581085622 ], [ 634713.043102089897729, 5192818.735132688656449 ], [ 634719.746532710152678, 5192811.943977474234998 ], [ 634732.913278666790575, 5192807.80274298787117 ], [ 634755.676105542806908, 5192799.459478930570185 ], [ 634779.19255578960292, 5192794.324619729071856 ], [ 634806.656864644493908, 5192775.037026633508503 ], [ 634823.010791770648211, 5192760.523490312509239 ], [ 634866.998571294941939, 5192717.618285682983696 ], [ 634929.276959169772454, 5192672.643347287550569 ], [ 634998.213924899115227, 5192609.526388547383249 ], [ 635051.689717767643742, 5192568.766966131515801 ], [ 635075.87244013370946, 5192546.954751942306757 ], [ 635084.109226135420613, 5192539.453739797696471 ], [ 635098.332899968605489, 5192500.428768269717693 ], [ 635121.983788145123981, 5192486.544613760896027 ], [ 635134.999023563461378, 5192461.233364437706769 ], [ 635157.430616402998567, 5192455.796474536880851 ], [ 635160.680292629054748, 5192451.991324694827199 ], [ 635169.672632520436309, 5192429.281489551998675 ], [ 635177.742545884102583, 5192421.481758686713874 ], [ 635193.693245412316173, 5192416.991047414019704 ], [ 635203.78739197133109, 5192406.844641757197678 ], [ 635220.767983206314966, 5192388.481498491950333 ], [ 635235.280318695819005, 5192375.235461768694222 ], [ 635252.525376635720022, 5192370.421941096894443 ], [ 635265.862883949885145, 5192357.237937608733773 ], [ 635285.06181540293619, 5192348.437105362303555 ], [ 635315.609935247339308, 5192316.555352767929435 ], [ 635326.576330102630891, 5192296.957289654761553 ], [ 635349.79671141738072, 5192285.050067222677171 ], [ 635359.674717201385647, 5192287.599375524558127 ], [ 635375.605159252998419, 5192284.298880816437304 ], [ 635382.484850018750876, 5192276.478879775851965 ], [ 635389.204203428933397, 5192254.766177925281227 ], [ 635394.187994164647534, 5192241.754766977392137 ], [ 635387.564970338367857, 5192234.498598799109459 ], [ 635387.754092634073459, 5192223.38984190672636 ], [ 635397.854993585147895, 5192212.846685124561191 ], [ 635397.176334836520255, 5192206.088573855347931 ], [ 635398.165693359682336, 5192194.59658402018249 ], [ 635411.420261645456776, 5192185.297684852965176 ], [ 635427.675020444439724, 5192178.462579222396016 ], [ 635427.375182420830242, 5192172.140307325869799 ], [ 635436.547555425437167, 5192161.6369842402637 ], [ 635448.432125745108351, 5192157.516524075530469 ], [ 635455.87628491607029, 5192149.497655271552503 ], [ 635472.322266878327355, 5192130.258703401312232 ], [ 635487.373183818883263, 5192108.687833454459906 ], [ 635499.070583531516604, 5192072.202448401600122 ], [ 635492.77351140556857, 5192022.488194365054369 ], [ 635506.077110894373618, 5191986.997598113492131 ], [ 635507.020935627166182, 5191954.868295505642891 ], [ 635512.040237361448817, 5191916.458670235238969 ], [ 635535.63383587053977, 5191859.316138410940766 ], [ 635538.09704214555677, 5191856.472531318664551 ], [ 635539.969060047646053, 5191814.465789280831814 ], [ 635545.689016349962912, 5191758.209546153433621 ], [ 635543.448854482267052, 5191679.990688937716186 ], [ 635529.365486255264841, 5191621.413047367706895 ], [ 635513.406461907317862, 5191556.453778021037579 ], [ 635514.155321659636684, 5191552.413653794676065 ], [ 635500.514498144038953, 5191515.074810117483139 ], [ 635497.786846903385594, 5191512.508988031186163 ], [ 635493.665822454029694, 5191498.152005984447896 ], [ 635498.757648041588254, 5191478.792718983255327 ], [ 635510.747688951785676, 5191473.837688870728016 ], [ 635507.332348977797665, 5191464.651852847076952 ], [ 635496.096990906866267, 5191448.586340392008424 ], [ 635499.863518131664023, 5191437.141620830632746 ], [ 635512.297575091477484, 5191429.416152821853757 ], [ 635520.39449030556716, 5191420.02942918613553 ], [ 635521.377073034876958, 5191408.934175220318139 ], [ 635526.710304657346569, 5191398.706693165935576 ], [ 635539.151115259621292, 5191390.584481955505908 ], [ 635538.438674723496661, 5191385.810077049769461 ], [ 635526.301773283747025, 5191376.078922077082098 ], [ 635520.841941869934089, 5191370.429992165416479 ], [ 635510.950419112341478, 5191368.674188331700861 ], [ 635510.823818042408675, 5191352.797776464372873 ], [ 635507.643990219803527, 5191341.433240198530257 ], [ 635511.820762922638096, 5191329.201789841987193 ], [ 635523.603158037411049, 5191313.131240371614695 ], [ 635539.533598794369027, 5191309.830705518834293 ], [ 635564.729204936069436, 5191321.768430908210576 ], [ 635583.315275662112981, 5191325.656517928466201 ], [ 635595.553482312709093, 5191329.436549617908895 ], [ 635604.281796575989574, 5191329.585126204416156 ], [ 635611.813132838811725, 5191330.110183911398053 ], [ 635625.584278744645417, 5191337.091162541881204 ], [ 635631.898376666125841, 5191339.182926265522838 ], [ 635639.026218346320093, 5191340.097972290590405 ], [ 635653.6313692209078, 5191344.71200913656503 ], [ 635666.266319458372891, 5191348.498795583844185 ], [ 635681.241198834497482, 5191354.70655307546258 ], [ 635692.652157334377989, 5191360.45678776036948 ], [ 635713.947890085633844, 5191368.359569082036614 ], [ 635727.773067044792697, 5191372.166617434471846 ], [ 635737.698362773982808, 5191371.938713915646076 ], [ 635753.029464953811839, 5191380.533677129074931 ], [ 635765.865306902909651, 5191395.832728823646903 ], [ 635767.693683745805174, 5191404.99155596550554 ], [ 635784.228518705465831, 5191412.813298340886831 ], [ 635797.56915943743661, 5191421.771237985230982 ], [ 635808.058318603201769, 5191435.04606238938868 ], [ 635811.446647388860583, 5191445.81887209508568 ], [ 635802.905708610662259, 5191457.97604061011225 ], [ 635812.894794418243691, 5191477.314261380583048 ], [ 635815.01185305591207, 5191492.827711726538837 ], [ 635811.621802011504769, 5191505.469418668188155 ], [ 635809.448990564793348, 5191516.544419411569834 ], [ 635814.444545267615467, 5191526.154019296169281 ], [ 635829.768893347471021, 5191535.14573183003813 ], [ 635830.634941119584255, 5191554.209597957320511 ], [ 635831.273089273949154, 5191563.348166132345796 ], [ 635833.067693929304369, 5191574.490704388357699 ], [ 635836.456019163364545, 5191585.263515929691494 ], [ 635840.617566461558454, 5191597.240060492418706 ], [ 635843.938353501493111, 5191611.980290256440639 ], [ 635847.434738198877312, 5191616.405233815312386 ], [ 635857.601441973820329, 5191625.309151402674615 ], [ 635864.486150619923137, 5191640.506907981820405 ], [ 635868.284723762539215, 5191650.492991110309958 ], [ 635867.295379618182778, 5191661.9849958634004 ], [ 635856.959831109736115, 5191662.999622017145157 ], [ 635849.663140793796629, 5191672.003114432096481 ], [ 635847.643927942495793, 5191697.367573411203921 ], [ 635838.961149568669498, 5191717.856314918957651 ], [ 635836.256512594176456, 5191736.859396814368665 ], [ 635834.370347757474519, 5191754.408041720278561 ], [ 635829.970679108751938, 5191779.73197568487376 ], [ 635831.684230380575173, 5191795.635416054166853 ], [ 635833.895832220441662, 5191805.594483978115022 ], [ 635831.903626919491217, 5191829.37197417858988 ], [ 635826.669945972622372, 5191857.062849691137671 ], [ 635828.773481903946958, 5191873.369786029681563 ], [ 635845.040175115456805, 5191916.913420849479735 ], [ 635852.742714661173522, 5191921.735322745516896 ], [ 635863.611040912335739, 5191936.252656732685864 ], [ 635870.004222806659527, 5191944.271114655770361 ], [ 635872.669292954145931, 5191955.595944321714342 ], [ 635874.114374392083846, 5191960.697302157059312 ], [ 635878.777225397527218, 5191962.337607564404607 ], [ 635895.324238165514544, 5191975.212700706906617 ], [ 635899.486737213446759, 5191983.80615540780127 ], [ 635912.768180471495725, 5191987.267104212194681 ], [ 635914.65025354991667, 5191978.740553670562804 ], [ 635917.526680316077545, 5191979.588483771309257 ], [ 635926.248489108402282, 5191987.56359001994133 ], [ 635933.94982263923157, 5191996.509276835247874 ], [ 635932.703435432747938, 5192011.572338091209531 ], [ 635930.016116893617436, 5192016.121369562111795 ], [ 635933.573982041794807, 5192033.388117521069944 ], [ 635941.714723813929595, 5192048.24100440274924 ], [ 635946.705032779369503, 5192037.342484283261001 ], [ 635938.646499283146113, 5192026.118823806755245 ], [ 635940.733870369149372, 5192017.456774540245533 ], [ 635948.927996139507741, 5192007.734742532484233 ], [ 635963.658291079569608, 5192005.561627637594938 ], [ 635964.6396694034338, 5191996.784753831103444 ], [ 635966.152845429605804, 5191996.241541323252022 ], [ 635981.70804918918293, 5192002.00109207443893 ], [ 635999.046598561340943, 5192010.084893926978111 ], [ 636006.759869682369754, 5192023.439576338976622 ], [ 636007.400520155788399, 5192040.374677970074117 ], [ 636007.602588736219332, 5192063.63001224398613 ], [ 636025.733301605796441, 5192079.983910984359682 ], [ 636027.24157406273298, 5192084.4129808396101 ], [ 636040.630384150426835, 5192082.310169575735927 ], [ 636047.46955710533075, 5192076.870603962801397 ], [ 636049.951322451699525, 5192070.959999695420265 ], [ 636054.047072564717382, 5192063.48944431450218 ], [ 636060.926770769525319, 5192055.66942626517266 ], [ 636064.544728234526701, 5192052.953020218759775 ], [ 636077.556163973989896, 5192057.936813173815608 ], [ 636079.740743707166985, 5192069.48285666666925 ], [ 636091.300296141766012, 5192066.504793063737452 ], [ 636096.685828884597868, 5192076.517902773804963 ], [ 636103.271718926960602, 5192085.956162441521883 ], [ 636104.551368671935052, 5192104.034941826015711 ], [ 636095.284462311305106, 5192112.211176302284002 ], [ 636094.739126293919981, 5192120.932746493257582 ], [ 636101.348655251320451, 5192128.982409740798175 ], [ 636102.753257573698647, 5192139.721461647190154 ], [ 636099.363183640525676, 5192152.363172079436481 ], [ 636094.796391888987273, 5192164.191135288216174 ], [ 636079.618880233028904, 5192169.885601224377751 ], [ 636070.146000309498049, 5192168.703727887012064 ], [ 636056.462626025429927, 5192178.023803018033504 ], [ 636044.215895046363585, 5192198.055013484321535 ], [ 636030.382195584243163, 5192218.059205241501331 ], [ 636008.708218114217743, 5192232.373920729383826 ], [ 635999.367013035225682, 5192244.914311427623034 ], [ 635986.355582194402814, 5192239.930513395927846 ], [ 635967.224960411898792, 5192228.887707046233118 ], [ 635966.565224109799601, 5192222.758072509430349 ], [ 635951.417043744586408, 5192217.508569370955229 ], [ 635940.529399251332507, 5192227.64148991368711 ], [ 635936.352594596450217, 5192239.872943829745054 ], [ 635938.187707260251045, 5192248.635036766529083 ], [ 635946.699887548340484, 5192261.479373436421156 ], [ 635954.156930366298184, 5192266.368609819561243 ], [ 635956.422556542907842, 5192273.153748291544616 ], [ 635958.990362440701574, 5192285.500027623027563 ], [ 635955.889597790432163, 5192296.016516919247806 ], [ 635950.686379077611491, 5192302.09363916516304 ], [ 635946.713587641017511, 5192309.375652583315969 ], [ 635940.933601766824722, 5192314.26601130887866 ], [ 635941.829681907664053, 5192321.541920493356884 ], [ 635936.353640461340547, 5192328.725344402715564 ], [ 635934.953655860968865, 5192336.305146927013993 ], [ 635923.431198076228611, 5192346.290492105297744 ], [ 635926.269851343822666, 5192360.634137322194874 ], [ 635924.312184075126424, 5192373.424195749685168 ], [ 635916.945331311202608, 5192391.408910029567778 ], [ 635915.643728256225586, 5192401.550264624878764 ], [ 635918.367500031949021, 5192433.788489184342325 ], [ 635916.75318266171962, 5192453.02442751545459 ], [ 635928.775573454564437, 5192451.824246136471629 ], [ 635944.58267617947422, 5192479.079631567932665 ], [ 635942.443610272603109, 5192488.170921242795885 ], [ 635935.329233946744353, 5192483.493591461330652 ], [ 635935.344257579417899, 5192483.808757346123457 ], [ 635925.443258194252849, 5192486.127071529626846 ], [ 635928.589590929215774, 5192497.023121044971049 ], [ 635934.708411797066219, 5192495.724362712353468 ], [ 635935.467782823368907, 5192499.518110784702003 ], [ 635928.73747006279882, 5192506.192201116122305 ], [ 635930.569838438183069, 5192508.397293993271887 ], [ 635941.849557800102048, 5192507.677378330379725 ], [ 635965.539200938888825, 5192518.380211303010583 ], [ 635982.713615360669792, 5192523.779936279170215 ], [ 636007.363867590087466, 5192544.439318908378482 ], [ 636010.559150054818019, 5192556.846592110581696 ], [ 636017.707093045464717, 5192566.283805303275585 ], [ 636013.832452952163294, 5192584.07639973051846 ], [ 636008.179313138825819, 5192573.874570256099105 ], [ 635998.750495151616633, 5192576.591903183609247 ], [ 635989.062090051942505, 5192581.928691513836384 ], [ 635980.563691042596474, 5192583.502920152619481 ], [ 635979.850809069583192, 5192589.31250580213964 ], [ 635983.784073606133461, 5192588.287523662671447 ], [ 635985.036596857360564, 5192602.995149500668049 ], [ 635986.406840194948018, 5192611.763862536288798 ], [ 636006.707785034785047, 5192629.593645132146776 ], [ 636001.845560162444599, 5192635.463716543279588 ], [ 636005.973303684382699, 5192649.423986420035362 ], [ 636015.272201560204849, 5192662.678585279732943 ], [ 636017.51171083713416, 5192670.090020743198693 ], [ 636035.727157686138526, 5192673.345126213505864 ], [ 636049.62663614936173, 5192672.788061093539 ], [ 636062.006695351214148, 5192668.236556885764003 ], [ 636072.369270827621222, 5192665.634988268837333 ], [ 636095.777049267664552, 5192666.03352243732661 ], [ 636107.848180320579559, 5192656.317616417072713 ], [ 636127.403134474065155, 5192662.837969231419265 ], [ 636139.848609391599894, 5192655.657549173571169 ], [ 636144.370482804835774, 5192662.054238919168711 ], [ 636151.403016559779644, 5192660.770039014518261 ], [ 636149.755963109666482, 5192652.085405218414962 ], [ 636152.08727692568209, 5192641.077618629671633 ], [ 636157.832332248683088, 5192640.177479028701782 ], [ 636160.194299310562201, 5192636.002891818992794 ], [ 636158.633749757893384, 5192623.000934410840273 ], [ 636162.391570834442973, 5192616.599218484014273 ], [ 636171.757579688215628, 5192605.06123164575547 ], [ 636174.504869344062172, 5192594.523504587821662 ], [ 636172.047984094591811, 5192575.419987777248025 ], [ 636181.914285192033276, 5192555.348254328593612 ], [ 636190.303013045806438, 5192558.703175750561059 ], [ 636199.379029702278785, 5192544.992351556196809 ], [ 636189.190737284254283, 5192547.534997006878257 ], [ 636192.923529050778598, 5192538.073978716507554 ], [ 636196.266333188978024, 5192528.209463455714285 ], [ 636198.876444900990464, 5192514.760759651660919 ], [ 636197.458343008067459, 5192504.815188129432499 ], [ 636204.062893805792555, 5192489.847062106244266 ], [ 636207.083255678531714, 5192475.611628162674606 ], [ 636218.065478349570185, 5192459.924317795783281 ], [ 636234.441759533598088, 5192430.438841054216027 ], [ 636249.156770360306837, 5192405.290507500991225 ], [ 636261.383254376589321, 5192386.449519748799503 ], [ 636269.635561359464191, 5192367.937727782875299 ], [ 636280.502954830182716, 5192358.995029387064278 ], [ 636281.537827475229278, 5192368.140363551676273 ], [ 636278.564848102163523, 5192373.977053334005177 ], [ 636295.074344508466311, 5192365.592821944504976 ], [ 636308.328946550842375, 5192356.293907782994211 ], [ 636321.01971727993805, 5192333.492247848771513 ], [ 636325.385654157027602, 5192310.152000339701772 ], [ 636333.294497940922156, 5192288.099140616133809 ], [ 636324.290553793078288, 5192275.9677001433447 ], [ 636310.461168074049056, 5192277.673106945119798 ], [ 636302.695184128242545, 5192267.619462626986206 ], [ 636292.736101863207296, 5192269.831055247224867 ], [ 636285.944203118560836, 5192272.493425409309566 ], [ 636272.105506792431697, 5192269.479824978858232 ], [ 636269.96145830466412, 5192255.553321725688875 ], [ 636267.803900544531643, 5192242.420302993617952 ], [ 636270.307699236203916, 5192211.904926213435829 ], [ 636274.202588410349563, 5192192.922090116888285 ], [ 636276.812689393409528, 5192179.473381446674466 ], [ 636277.869592717383057, 5192164.013944291509688 ], [ 636281.320457341615111, 5192147.801548482850194 ], [ 636287.138266075286083, 5192132.42316257301718 ], [ 636302.49139641225338, 5192116.413394409231842 ], [ 636316.108963866136037, 5192109.104937267489731 ], [ 636327.614489275729284, 5192109.300811102613807 ], [ 636335.729939993470907, 5192122.138403094373643 ], [ 636334.289804450818338, 5192136.797603791579604 ], [ 636333.313953743199818, 5192147.496136124245822 ], [ 636336.695513369631954, 5192158.665708184242249 ], [ 636332.040912348311394, 5192175.651327633298934 ], [ 636330.675072692218237, 5192185.946363208815455 ], [ 636323.277046602917835, 5192200.900990311987698 ], [ 636321.507709702360444, 5192211.586013446561992 ], [ 636321.61930934980046, 5192214.165585244074464 ], [ 636336.781434721080586, 5192214.227185750380158 ], [ 636346.278576451935805, 5192213.058996235951781 ], [ 636350.761975550907664, 5192208.909197054803371 ], [ 636354.06424676743336, 5192201.42512877471745 ], [ 636365.348644204204902, 5192191.298951462842524 ], [ 636378.454648916609585, 5192190.728360501118004 ], [ 636389.475627132691443, 5192196.075132413767278 ], [ 636393.643916146131232, 5192207.654957489110529 ], [ 636390.623562346794643, 5192221.890400134027004 ], [ 636376.771353254793212, 5192219.670285234227777 ], [ 636370.058308202424087, 5192218.161154111847281 ], [ 636369.642438972485252, 5192237.319643241353333 ], [ 636373.064943123375997, 5192241.039739391766489 ], [ 636378.672295483993366, 5192253.455628225579858 ], [ 636378.979484269861132, 5192267.540201611816883 ], [ 636376.18265581317246, 5192278.345080333761871 ], [ 636378.019779356196523, 5192282.914145333692431 ], [ 636387.56356091692578, 5192287.658412435092032 ], [ 636398.692987126414664, 5192285.371003767475486 ], [ 636409.358274113503285, 5192270.171293755061924 ], [ 636416.857572778826579, 5192261.675368535332382 ], [ 636424.188172038411722, 5192265.203011599369347 ], [ 636429.897441816981882, 5192258.299535812810063 ], [ 636421.272549823392183, 5192258.551681037060916 ], [ 636414.183036133879796, 5192257.309036390855908 ], [ 636409.777619265019894, 5192246.244547009468079 ], [ 636405.59226767567452, 5192236.702733689919114 ], [ 636401.879724106867798, 5192228.051928836852312 ], [ 636414.083440801710822, 5192215.348293395712972 ], [ 636427.817074946127832, 5192230.192423542961478 ], [ 636434.189828208531253, 5192229.425957993604243 ], [ 636435.184410336660221, 5192235.262619870714843 ], [ 636433.74398282438051, 5192241.928786074742675 ], [ 636433.26425929996185, 5192249.373272489756346 ], [ 636441.023453611182049, 5192260.852842997759581 ], [ 636450.598814239958301, 5192239.190874361433089 ], [ 636451.529923775000498, 5192232.486038300208747 ], [ 636439.895393956685439, 5192227.145203641615808 ], [ 636436.62984860711731, 5192221.018891124986112 ], [ 636435.402561062481254, 5192212.757380076684058 ], [ 636441.860441754688509, 5192208.576522219926119 ], [ 636450.488609494641423, 5192210.951309659518301 ], [ 636454.432952741160989, 5192212.848585690371692 ], [ 636457.527001400245354, 5192200.211089150980115 ], [ 636453.76022183324676, 5192197.5146340476349 ], [ 636450.04818342870567, 5192192.710658455267549 ], [ 636446.67673037503846, 5192183.348693269304931 ], [ 636456.55093343439512, 5192190.064492772333324 ], [ 636462.277540693292394, 5192197.707635341212153 ], [ 636464.684365755994804, 5192198.927691912278533 ], [ 636473.815839779330418, 5192171.69728537555784 ], [ 636465.97482814732939, 5192161.264274161309004 ], [ 636467.270113032311201, 5192152.84471741411835 ], [ 636472.48692309204489, 5192146.791815609671175 ], [ 636470.784516820451245, 5192138.597211977466941 ], [ 636477.587543173227459, 5192130.941389888525009 ], [ 636482.650773317203857, 5192125.392849531024694 ], [ 636490.953970686066896, 5192122.304355932399631 ], [ 636499.927375849569216, 5192130.596745382063091 ], [ 636499.881924336310476, 5192121.930373020470142 ], [ 636497.179228576947935, 5192102.419263193383813 ], [ 636508.203541526105255, 5192103.486903807148337 ], [ 636515.464989947271533, 5192112.07513321377337 ], [ 636518.674791159224696, 5192120.712380769662559 ], [ 636516.708911286550574, 5192128.99252815078944 ], [ 636514.809860097826459, 5192141.276627894490957 ], [ 636520.092121039750054, 5192144.712400455027819 ], [ 636525.809797432273626, 5192154.877274866215885 ], [ 636528.760571849881671, 5192154.882512243464589 ], [ 636540.37832896807231, 5192166.553767779842019 ], [ 636544.527452294831164, 5192161.777628398500383 ], [ 636537.92155530594755, 5192158.265323725529015 ], [ 636532.91978035424836, 5192146.224724072962999 ], [ 636539.504329970804974, 5192143.41395734064281 ], [ 636547.757388644036837, 5192150.965118447318673 ], [ 636553.385995496530086, 5192146.920133558101952 ], [ 636551.846147882635705, 5192138.457308261655271 ], [ 636548.278514546458609, 5192122.621733938343823 ], [ 636552.798030374920927, 5192113.570954194292426 ], [ 636567.901260012760758, 5192104.954091804102063 ], [ 636569.092818326316774, 5192101.014664140529931 ], [ 636571.033610379672609, 5192094.912987885996699 ], [ 636577.356355379102752, 5192069.699748084880412 ], [ 636573.427379451226443, 5192033.924934825859964 ], [ 636566.690132790943608, 5192029.872042058035731 ], [ 636556.670223974622786, 5192002.675528477877378 ], [ 636559.731096199364401, 5191986.059623326174915 ], [ 636562.334438015241176, 5191973.007646174170077 ], [ 636559.000150219770148, 5191959.060871965251863 ], [ 636558.493068526498973, 5191941.833056415431201 ], [ 636549.620722068473697, 5191941.659512494690716 ], [ 636536.638570414739661, 5191939.471596436575055 ], [ 636530.430496146902442, 5191925.865535199642181 ], [ 636522.585512991296127, 5191910.202701804228127 ], [ 636519.590044772485271, 5191896.082358600571752 ], [ 636522.552923890645616, 5191874.641792544163764 ], [ 636529.10294849704951, 5191851.949353364296257 ], [ 636533.283892109757289, 5191830.736512804403901 ], [ 636530.595786360092461, 5191809.239863681606948 ], [ 636537.270087340846658, 5191758.229728213511407 ], [ 636530.804044679854997, 5191753.491867902688682 ], [ 636534.839200609130785, 5191745.071952724829316 ], [ 636533.047743987059221, 5191732.592031822539866 ], [ 636538.684434863040224, 5191719.554594674147666 ], [ 636541.876021932577714, 5191709.349400511011481 ], [ 636555.269897887250409, 5191681.633688754402101 ], [ 636574.7063870835118, 5191684.920435902662575 ], [ 636583.239966522203758, 5191685.450687579810619 ], [ 636596.682263128226623, 5191679.757792419753969 ], [ 636611.720201740739867, 5191679.015833107754588 ], [ 636633.303002751781605, 5191686.957894219085574 ], [ 636645.960259429994039, 5191691.314171845093369 ], [ 636659.816954308189452, 5191688.240210401825607 ], [ 636667.236871205852367, 5191685.436774133704603 ], [ 636679.00127945584245, 5191663.500264266505837 ], [ 636685.989041902357712, 5191649.332345278002322 ], [ 636687.812395952292718, 5191635.473368900828063 ], [ 636685.546754873474129, 5191628.688221557065845 ], [ 636685.823660416295752, 5191612.421774232760072 ], [ 636690.224937408464029, 5191603.282678036950529 ], [ 636684.463021797826514, 5191552.473116399720311 ], [ 636694.274471351178363, 5191545.141378811560571 ], [ 636699.033549805637449, 5191543.185485618188977 ], [ 636713.703049573581666, 5191542.52924482151866 ], [ 636718.55422411672771, 5191531.424708681181073 ], [ 636729.585461527225561, 5191523.782480167225003 ], [ 636744.296676431782544, 5191512.099453001283109 ], [ 636746.571940000052564, 5191503.031600858084857 ], [ 636735.116183777921833, 5191491.028733412735164 ], [ 636729.119491073186509, 5191470.290056238882244 ], [ 636734.06708931166213, 5191444.346616399474442 ], [ 636733.620164870517328, 5191439.729011704213917 ], [ 636738.378885898622684, 5191433.984275345690548 ], [ 636736.771127696381882, 5191417.122327407822013 ], [ 636741.655205217888579, 5191421.083648562431335 ], [ 636738.73177530860994, 5191404.052259335294366 ], [ 636729.92016361199785, 5191399.940828089602292 ], [ 636726.270154505036771, 5191381.226387175731361 ], [ 636723.379862196277827, 5191364.50916697550565 ], [ 636724.369200056302361, 5191353.01713686902076 ], [ 636723.401838297024369, 5191339.904368467628956 ], [ 636737.921926244860515, 5191319.911241087131202 ], [ 636730.073889428284019, 5191320.968776678666472 ], [ 636721.87060966109857, 5191313.288842677138746 ], [ 636717.251520851044916, 5191304.876205024309456 ], [ 636716.257143652648665, 5191293.350407582707703 ], [ 636721.092343806172721, 5191289.067279967479408 ], [ 636711.060679735033773, 5191272.228498538956046 ], [ 636705.580570445163175, 5191267.769781154580414 ], [ 636696.27485685585998, 5191254.91193413361907 ], [ 636706.429793000221252, 5191241.194777309894562 ], [ 636710.620082173845731, 5191228.169804020784795 ], [ 636706.350460563204251, 5191222.541119499132037 ], [ 636706.142812944948673, 5191211.425571992062032 ], [ 636712.364088077913038, 5191195.657166695222259 ], [ 636714.617936014430597, 5191179.821227326989174 ], [ 636710.264676593476906, 5191170.751686997711658 ], [ 636715.591164820478298, 5191160.92091410048306 ], [ 636730.041030005784705, 5191174.660038499161601 ], [ 636741.727203110116534, 5191187.558404954150319 ], [ 636747.4611018714495, 5191198.20067679695785 ], [ 636750.005160349188372, 5191203.636035351082683 ], [ 636754.318920445046388, 5191206.485423499718308 ], [ 636769.230315630789846, 5191207.763813712634146 ], [ 636767.271374393021688, 5191205.080989490263164 ], [ 636760.221747818635777, 5191195.426225964911282 ], [ 636758.944729987415485, 5191193.503875365480781 ], [ 636753.597496976610273, 5191185.454518356360495 ], [ 636749.730568370199762, 5191178.857794038951397 ], [ 636745.864845343865454, 5191172.71306970063597 ], [ 636728.569361803703941, 5191149.695306387729943 ], [ 636719.839406061568297, 5191140.715131889097393 ], [ 636712.06138210115023, 5191132.714173862710595 ], [ 636704.319639364606701, 5191125.147635577246547 ], [ 636699.503060952527449, 5191119.795890027657151 ], [ 636683.097900095861405, 5191101.567967440001667 ], [ 636682.262031427933834, 5191100.639239843934774 ], [ 636681.040998036856763, 5191099.282558533363044 ], [ 636675.718582918168977, 5191091.51401392929256 ], [ 636670.153517959057353, 5191083.119751445017755 ], [ 636666.699816761654802, 5191077.910239329561591 ], [ 636665.231145693687722, 5191075.694917526096106 ], [ 636664.238530315458775, 5191075.587621045298874 ], [ 636659.86536539287772, 5191075.1149050174281 ], [ 636658.366001588059589, 5191074.14192676730454 ], [ 636655.93371705559548, 5191072.563550710678101 ], [ 636653.764826480066404, 5191071.156098218634725 ], [ 636647.308846385218203, 5191066.966635994613171 ], [ 636645.861151053803042, 5191065.254175734706223 ], [ 636638.197685643914156, 5191056.189160921610892 ], [ 636632.158995563164353, 5191049.046072280965745 ], [ 636630.502680447418243, 5191068.243694082833827 ], [ 636650.214775816886686, 5191084.802003283053637 ], [ 636655.169831662205979, 5191096.792073675431311 ], [ 636654.987493124208413, 5191107.504123836755753 ], [ 636664.710213026846759, 5191119.178491603583097 ], [ 636680.330045787617564, 5191134.128100545145571 ], [ 636686.098845764645375, 5191144.941451204009354 ], [ 636688.774744359427132, 5191150.93986393045634 ], [ 636696.171034617698751, 5191159.399772587232292 ], [ 636692.90254669485148, 5191164.900142781436443 ], [ 636685.337423148099333, 5191166.358799788169563 ], [ 636679.003047693986446, 5191165.457261045463383 ], [ 636675.157181504298933, 5191158.24836050812155 ], [ 636674.102020251331851, 5191150.293248174712062 ], [ 636674.203320117085241, 5191144.342108917422593 ], [ 636670.31018038187176, 5191139.910406957380474 ], [ 636662.409094584407285, 5191137.791627589613199 ], [ 636652.02625357080251, 5191141.583467359654605 ], [ 636646.559650247101672, 5191136.331267234869301 ], [ 636642.215741614694707, 5191135.066753039136529 ], [ 636629.587511868914589, 5191130.88322134129703 ], [ 636623.670139703433961, 5191128.798208892345428 ], [ 636614.60584027110599, 5191125.072199854999781 ], [ 636601.055813472019508, 5191128.413270521908998 ], [ 636592.622920319321565, 5191134.222589182667434 ], [ 636580.673370950156823, 5191136.797187564894557 ], [ 636570.358065202250145, 5191136.621601454913616 ], [ 636560.647151882643811, 5191147.56831210386008 ], [ 636554.587961019016802, 5191153.814892241731286 ], [ 636543.296830968465656, 5191164.337846198119223 ], [ 636535.220160936703905, 5191172.534371483139694 ], [ 636519.257864623214118, 5191171.182573213241994 ], [ 636511.38256584526971, 5191187.297455034218729 ], [ 636534.38445011107251, 5191198.3158791763708 ], [ 636536.609577381284907, 5191207.481476436369121 ], [ 636527.430473189335316, 5191210.500088430941105 ], [ 636519.650951394229196, 5191201.239944122731686 ], [ 636515.280030851718038, 5191201.56239946372807 ], [ 636507.694650407414883, 5191204.211282498203218 ], [ 636507.176347098778933, 5191211.345893212594092 ], [ 636512.219191513373516, 5191218.178308948874474 ], [ 636525.654408377828076, 5191221.581864004954696 ], [ 636518.77471835189499, 5191229.401905509643257 ], [ 636515.150008904165588, 5191232.515064544975758 ], [ 636509.340969126205891, 5191233.085336000658572 ], [ 636501.962960010394454, 5191237.846596394665539 ], [ 636494.891234417678788, 5191236.10889648552984 ], [ 636499.832381199463271, 5191223.126605574041605 ], [ 636488.388375610578805, 5191218.329589940607548 ], [ 636480.535135097219609, 5191232.581243813037872 ], [ 636473.80482203734573, 5191238.4923998080194 ], [ 636474.847152488538995, 5191243.345918079838157 ], [ 636486.513652671710588, 5191247.749312153086066 ], [ 636494.608266504248604, 5191244.930237193591893 ], [ 636501.78442663885653, 5191243.021485133096576 ], [ 636510.569924694485962, 5191248.37279237434268 ], [ 636516.026297493139282, 5191255.385351286269724 ], [ 636521.653760856832378, 5191254.109206588938832 ], [ 636527.564857222139835, 5191247.508136572316289 ], [ 636530.344455850077793, 5191246.760488178580999 ], [ 636543.298464815597981, 5191234.18478383589536 ], [ 636548.316003990010358, 5191219.189610105007887 ], [ 636568.220663396758027, 5191215.559854680672288 ], [ 636579.597882153233513, 5191223.293810900300741 ], [ 636579.37501981924288, 5191236.386314100585878 ], [ 636567.606103309895843, 5191251.663423045538366 ], [ 636560.316162594361231, 5191260.270196419209242 ], [ 636554.743161175749265, 5191264.745995274744928 ], [ 636548.487777596688829, 5191269.19130434282124 ], [ 636539.338395022670738, 5191274.819293939508498 ], [ 636533.190595372579992, 5191284.928172057494521 ], [ 636523.367290780181065, 5191294.430509510450065 ], [ 636507.522705326555297, 5191301.968436606228352 ], [ 636501.051733997301199, 5191307.330032121390104 ], [ 636507.296231768792495, 5191314.802986710332334 ], [ 636507.365041434415616, 5191327.737558826804161 ], [ 636516.024523432599381, 5191338.729461625218391 ], [ 636514.2386143731419, 5191344.955771409906447 ], [ 636508.247582806507125, 5191357.956182579509914 ], [ 636500.251843853620812, 5191362.015881037339568 ], [ 636489.933756396174431, 5191367.335986933670938 ], [ 636480.040289222728461, 5191371.737363615073264 ], [ 636474.767931475304067, 5191384.050039396621287 ], [ 636473.939508335664868, 5191393.828483077697456 ], [ 636478.051390376873314, 5191393.530494841746986 ], [ 636480.767865411005914, 5191389.4419279769063 ], [ 636487.050667503732257, 5191390.258844241499901 ], [ 636491.975086166756228, 5191389.104727722704411 ], [ 636495.800258641131222, 5191397.01447819173336 ], [ 636495.170470935408957, 5191406.461319179274142 ], [ 636488.714264725451358, 5191411.014201708137989 ], [ 636481.29084639728535, 5191413.173729895614088 ], [ 636476.981995490379632, 5191410.413334380835295 ], [ 636472.607865324127488, 5191423.6317606754601 ], [ 636473.861249200534075, 5191442.247903730720282 ], [ 636464.508710348512977, 5191455.757063963450491 ], [ 636457.750424407655373, 5191453.090138247236609 ], [ 636442.496424073819071, 5191459.887146096676588 ], [ 636439.793918184586801, 5191464.094944360665977 ], [ 636444.562041447381489, 5191467.892938012257218 ], [ 636452.206086858874187, 5191463.111288721673191 ], [ 636457.920920067466795, 5191465.161479988135397 ], [ 636463.553637836594135, 5191465.941372194327414 ], [ 636466.141732767806388, 5191477.097434936091304 ], [ 636461.676261511165649, 5191482.974280805326998 ], [ 636460.323946519754827, 5191492.475837378762662 ], [ 636453.022221139632165, 5191491.884845368564129 ], [ 636440.486699366476387, 5191488.706365425139666 ], [ 636431.92140164191369, 5191498.738921592012048 ], [ 636422.65243303484749, 5191512.103802024386823 ], [ 636399.351308734621853, 5191546.997935608960688 ], [ 636390.460887990193442, 5191556.37116973195225 ], [ 636381.268277118331753, 5191560.183257261291146 ], [ 636373.333430661121383, 5191560.048182716593146 ], [ 636359.616292773047462, 5191549.893244889564812 ], [ 636346.034229135955684, 5191531.803462097421288 ], [ 636343.782095579663292, 5191524.224836579523981 ], [ 636358.112094117212109, 5191521.690773392096162 ], [ 636345.693241441389546, 5191505.208221764303744 ], [ 636355.128982781083323, 5191487.113410768099129 ], [ 636354.894328063819557, 5191477.584842090494931 ], [ 636355.378867711871862, 5191472.433945916593075 ], [ 636358.433971560094506, 5191461.349786530248821 ], [ 636357.030861559556797, 5191455.848620674572885 ], [ 636347.842485758010298, 5191448.891078248620033 ], [ 636343.054563765414059, 5191450.397003976628184 ], [ 636329.283395239966922, 5191443.416008811444044 ], [ 636320.393322470365092, 5191438.133248048834503 ], [ 636316.452182900393382, 5191439.980363672599196 ], [ 636312.874307410325855, 5191442.156354017555714 ], [ 636300.549641900579445, 5191433.417954921722412 ], [ 636294.734952548635192, 5191426.895274564623833 ], [ 636285.060244120890275, 5191419.796910718083382 ], [ 636285.62920783192385, 5191405.229279346764088 ], [ 636292.165491385385394, 5191392.976123128086329 ], [ 636296.742302676197141, 5191380.403624779544771 ], [ 636308.532471164711751, 5191372.959680943749845 ], [ 636319.306731712189503, 5191368.215316265821457 ], [ 636331.888439488015138, 5191367.140548366121948 ], [ 636346.872653466067277, 5191366.675650396384299 ], [ 636359.425580853712745, 5191372.226083049550653 ], [ 636373.373866302426904, 5191376.459331098943949 ], [ 636377.647708080941811, 5191374.107195684686303 ], [ 636383.159355418523774, 5191374.758991630747914 ], [ 636380.24457382876426, 5191367.998687800019979 ], [ 636372.930036849109456, 5191369.46010226663202 ], [ 636361.94131497235503, 5191363.658309134654701 ], [ 636355.720175458700396, 5191347.764147420413792 ], [ 636357.041514961863868, 5191343.099858711473644 ], [ 636351.573944572126493, 5191336.804077239707112 ], [ 636346.453615195699967, 5191333.959045833908021 ], [ 636343.03983723721467, 5191325.261338980868459 ], [ 636344.199579867185093, 5191316.520489986054599 ], [ 636351.615464157192037, 5191315.86076245829463 ], [ 636366.471501703723334, 5191318.402540216222405 ], [ 636383.115953919594176, 5191318.21289000660181 ], [ 636398.051368601270951, 5191318.265135306864977 ], [ 636407.78055996063631, 5191318.57974209357053 ], [ 636407.742494129925035, 5191318.503211651928723 ], [ 636369.697251612087712, 5191307.386630130931735 ], [ 636354.990772100049071, 5191308.723720696754754 ], [ 636343.694602971896529, 5191296.228859004564583 ], [ 636315.001518432167359, 5191246.396663417108357 ], [ 636300.540910864365287, 5191243.505990636534989 ], [ 636296.504175771842711, 5191240.837634831666946 ], [ 636271.646261466434225, 5191239.045569471083581 ], [ 636261.883034188416786, 5191229.751663568429649 ], [ 636261.231371005414985, 5191221.406570452265441 ], [ 636259.608451301115565, 5191194.094827938824892 ], [ 636250.407937120064162, 5191181.139760472811759 ], [ 636250.180028500733897, 5191171.214452229440212 ], [ 636249.965626295772381, 5191160.495659603737295 ], [ 636247.787772727548145, 5191148.552873819135129 ], [ 636241.110688460059464, 5191144.470645567402244 ], [ 636251.507025437196717, 5191139.885325317271054 ], [ 636246.121467130375095, 5191129.872224193997681 ], [ 636247.890774833504111, 5191119.1871981266886 ], [ 636249.16812606586609, 5191108.089547304436564 ], [ 636232.432356482720934, 5191104.081610442139208 ], [ 636217.962246956420131, 5191091.532732263207436 ], [ 636208.568746700882912, 5191083.83255307096988 ], [ 636203.162927834666334, 5191075.009680225513875 ], [ 636205.712211742415093, 5191065.131645828485489 ], [ 636214.629629804985598, 5191054.171436383388937 ], [ 636223.896517463726923, 5191045.995174872688949 ], [ 636227.421621529734693, 5191025.418607420288026 ], [ 636228.237060961662792, 5191000.827345606870949 ], [ 636225.132349018240348, 5190973.391357006505132 ], [ 636223.533566543483175, 5190950.743287368677557 ], [ 636223.796937902458012, 5190935.27034255117178 ], [ 636225.969735594582744, 5190924.195327107794583 ], [ 636226.17908129398711, 5190911.896319602616131 ], [ 636227.107627212186344, 5190903.974982181563973 ], [ 636235.822449309052899, 5190904.917034178040922 ], [ 636240.439723167684861, 5190910.743803475983441 ], [ 636241.331590047222562, 5190910.050457182340324 ], [ 636247.047967947088182, 5190907.850738966837525 ], [ 636225.601505764527246, 5190881.051496758125722 ], [ 636213.861503385123797, 5190889.46265972033143 ], [ 636207.782062612823211, 5190896.899464886635542 ], [ 636191.865104679949582, 5190899.406537267379463 ], [ 636188.616883691167459, 5190903.71667627710849 ], [ 636188.132351573207416, 5190908.867571029812098 ], [ 636188.024302288540639, 5190915.215445276349783 ], [ 636180.761388096958399, 5190922.235248162411153 ], [ 636176.787213604315184, 5190922.564459381625056 ], [ 636165.126370582729578, 5190931.493688456714153 ], [ 636158.314223480643705, 5190935.346306874416769 ], [ 636150.708592233015224, 5190939.185418946668506 ], [ 636141.509239567676559, 5190943.39426052942872 ], [ 636133.123630602145568, 5190946.426381887868047 ], [ 636120.919169400120154, 5190940.662646356970072 ], [ 636114.961285098455846, 5190940.958091819658875 ], [ 636106.925146995810792, 5190946.774160552769899 ], [ 636095.775850550970063, 5190948.965525683015585 ], [ 636087.471279885154217, 5190947.23674210626632 ], [ 636082.791412646649405, 5190942.394800332374871 ], [ 636074.984880805481225, 5190934.721639645285904 ], [ 636068.496883746236563, 5190919.530640133656561 ], [ 636071.819387785391882, 5190910.856340269558132 ], [ 636059.937386152800173, 5190909.463521935977042 ], [ 636052.87031360308174, 5190904.977804518304765 ], [ 636049.475215166108683, 5190894.60173480398953 ], [ 636065.056202879641205, 5190888.517231863923371 ], [ 636054.567018818343058, 5190875.242413117550313 ], [ 636057.465767629793845, 5190868.148328196257353 ], [ 636069.866065948503092, 5190862.406541903503239 ], [ 636076.993916561361402, 5190863.321580482646823 ], [ 636086.723382710013539, 5190874.599183378741145 ], [ 636094.193951302091591, 5190878.694911640137434 ], [ 636097.085947428015061, 5190871.997568094171584 ], [ 636104.227304577711038, 5190872.119122794829309 ], [ 636098.40448127198033, 5190864.479728221893311 ], [ 636091.001442703418434, 5190856.416579724289477 ], [ 636081.46612745593302, 5190857.047991237603128 ], [ 636072.025354730547406, 5190852.125014361925423 ], [ 636081.695730023551732, 5190843.558762021362782 ], [ 636078.280370750464499, 5190834.372918166220188 ], [ 636087.109990756958723, 5190828.57035356760025 ], [ 636097.896309223142453, 5190824.388521873392165 ], [ 636123.844931216910481, 5190838.72019210178405 ], [ 636137.327409419929609, 5190839.346536420285702 ], [ 636149.022014574264176, 5190828.433594751171768 ], [ 636146.145884440280497, 5190810.883244142867625 ], [ 636139.462045413325541, 5190807.19776464626193 ], [ 636129.248045423533767, 5190801.071056023240089 ], [ 636121.696439771098085, 5190801.736233770847321 ], [ 636111.71711099660024, 5190805.138088134117424 ], [ 636103.446304211160168, 5190801.42559717874974 ], [ 636095.592498516547494, 5190796.529633184894919 ], [ 636093.320093526737764, 5190790.14124262239784 ], [ 636100.583003817475401, 5190783.121438850648701 ], [ 636112.936031644931063, 5190780.15684378426522 ], [ 636123.258078758837655, 5190779.935678357258439 ], [ 636132.241334899095818, 5190788.422580014914274 ], [ 636138.508172995992936, 5190793.291532447561622 ], [ 636146.718203875236213, 5190800.574702482670546 ], [ 636162.890089155640453, 5190806.405963880009949 ], [ 636173.453561177942902, 5190815.316621034406126 ], [ 636188.912998865824193, 5190816.373471720144153 ], [ 636199.564260243671015, 5190820.126481724902987 ], [ 636211.022512204712257, 5190823.099513587541878 ], [ 636223.080913816811517, 5190828.076031035743654 ], [ 636209.254896894330159, 5190810.369999395683408 ], [ 636211.468208861886524, 5190796.914530670270324 ], [ 636211.152502257144079, 5190792.146871712058783 ], [ 636206.452372819767334, 5190788.49515671748668 ], [ 636197.031855160254054, 5190782.381953435949981 ], [ 636190.38177975662984, 5190776.712763216346502 ], [ 636198.021174925612286, 5190770.889936906285584 ], [ 636211.429373366176151, 5190775.880442903377116 ], [ 636203.232846590690315, 5190767.803787871263921 ], [ 636195.392544392030686, 5190762.114339002408087 ], [ 636188.39299704413861, 5190753.661201209761202 ], [ 636185.313600714085624, 5190748.052787845022976 ], [ 636172.214357037795708, 5190748.226683690212667 ], [ 636172.106310306931846, 5190754.574557737447321 ], [ 636179.509352428140119, 5190762.637706002220511 ], [ 636182.870690661482513, 5190774.997488683089614 ], [ 636177.201500526047312, 5190781.647563718259335 ], [ 636169.952094776555896, 5190787.873884600587189 ], [ 636165.049377015791833, 5190796.124433643184602 ], [ 636147.680512196733616, 5190790.669655852951109 ], [ 636137.453005838440731, 5190785.336431709118187 ], [ 636130.863707973621786, 5190776.096563514322042 ], [ 636119.412210891139694, 5190772.726791526190937 ], [ 636102.789561308687553, 5190770.062715667299926 ], [ 636094.674071751884185, 5190757.225158348679543 ], [ 636094.029151878552511, 5190748.483327388763428 ], [ 636083.821905046352185, 5190741.959878917783499 ], [ 636081.959747103159316, 5190734.784757671877742 ], [ 636089.384725597919896, 5190718.243143969215453 ], [ 636117.514572961837985, 5190697.688516089692712 ], [ 636132.302076178370044, 5190691.59049872495234 ], [ 636146.645567745435983, 5190688.262922786176205 ], [ 636132.229470929596573, 5190672.540125548839569 ], [ 636117.624294736422598, 5190667.926107581704855 ], [ 636103.409108259016648, 5190663.715584836900234 ], [ 636108.330405844841152, 5190677.689343994483352 ], [ 636104.254939517937601, 5190683.969688533805311 ], [ 636094.295870729140006, 5190686.181319534778595 ], [ 636089.070695394999348, 5190690.060952897183597 ], [ 636083.838767235400155, 5190694.337328202091157 ], [ 636081.350269090617076, 5190700.644683656282723 ], [ 636078.828006485244259, 5190708.935749215073884 ], [ 636071.511074806330726, 5190719.129490196704865 ], [ 636071.321993832243606, 5190730.238266996107996 ], [ 636059.426485763629898, 5190729.638938059099019 ], [ 636049.67365304986015, 5190717.966506108641624 ], [ 636038.296171553432941, 5190721.342142893001437 ], [ 636025.028110381448641, 5190731.434589143842459 ], [ 636015.364491753512993, 5190739.604101034812629 ], [ 636004.456623962149024, 5190750.927289482206106 ], [ 635998.807695532683283, 5190756.387136038392782 ], [ 635987.597626787843183, 5190762.149183402769268 ], [ 635980.758472604677081, 5190767.588770770467818 ], [ 635973.52932946186047, 5190772.624863081611693 ], [ 635958.345088980160654, 5190778.716122115962207 ], [ 635946.415819633984938, 5190780.100501443259418 ], [ 635930.586661076406017, 5190777.449932355433702 ], [ 635916.297200079308823, 5190777.603568345308304 ], [ 635906.008923004963435, 5190775.841024427674711 ], [ 635900.858031625160947, 5190775.35649435967207 ], [ 635885.754829166224226, 5190776.686850079335272 ], [ 635883.112694911076687, 5190768.704742681235075 ], [ 635870.484485180350021, 5190764.52123059052974 ], [ 635844.275829802500084, 5190765.411966252140701 ], [ 635838.733945171348751, 5190768.572178399190307 ], [ 635820.15122767968569, 5190775.246546541340649 ], [ 635818.385197127470747, 5190781.965262560173869 ], [ 635808.06315787602216, 5190782.186427803710103 ], [ 635796.880105909775011, 5190786.361504703760147 ], [ 635786.154572510858998, 5190786.972658630460501 ], [ 635774.811132418806665, 5190777.255021550692618 ], [ 635776.950158598832786, 5190768.163726316764951 ], [ 635770.777866721618921, 5190757.740394487977028 ], [ 635762.60836018982809, 5190748.076781873591244 ], [ 635759.97973196208477, 5190739.301193690858781 ], [ 635765.702938578324392, 5190729.477191152051091 ], [ 635772.918571643996984, 5190725.234584118239582 ], [ 635780.225866163615137, 5190723.795116193592548 ], [ 635796.790605741669424, 5190721.672339744865894 ], [ 635812.37158100376837, 5190715.587833847850561 ], [ 635800.872822377830744, 5190714.995258646085858 ], [ 635786.946343395626172, 5190717.139358457177877 ], [ 635776.798544297111221, 5190717.063082351349294 ], [ 635776.546894417610019, 5190716.56878518871963 ], [ 635781.197803251561709, 5190705.135813044384122 ], [ 635785.273266591364518, 5190698.855473781935871 ], [ 635771.8201325959526, 5190707.284358429722488 ], [ 635760.346065362449735, 5190694.462626408785582 ], [ 635754.649871134199202, 5190702.699662459082901 ], [ 635751.011666978243738, 5190706.606303808279335 ], [ 635743.910833253990859, 5190704.104301974177361 ], [ 635737.20674134849105, 5190701.609053091146052 ], [ 635725.025740019977093, 5190707.983587751165032 ], [ 635707.19788584287744, 5190725.306531396694481 ], [ 635692.68558743793983, 5190738.552643773145974 ], [ 635670.161480327718891, 5190751.158616759814322 ], [ 635653.716926713008434, 5190752.001660819165409 ], [ 635647.44075852795504, 5190760.43042070325464 ], [ 635631.477649447508156, 5190767.275070052593946 ], [ 635623.428017736761831, 5190773.884618489071727 ], [ 635616.507834386313334, 5190784.085099662654102 ], [ 635617.898965287022293, 5190795.617617177776992 ], [ 635616.92315226176288, 5190806.316133842803538 ], [ 635613.920411999919452, 5190819.520031655207276 ], [ 635600.908975659986027, 5190814.536284733563662 ], [ 635593.357379963621497, 5190815.201461397111416 ], [ 635588.172727796947584, 5190816.700638959184289 ], [ 635595.945487562799826, 5190826.357495745643973 ], [ 635604.969248873996548, 5190832.463937803171575 ], [ 635608.41836919542402, 5190839.666062915697694 ], [ 635617.744330101180822, 5190851.333640539087355 ], [ 635624.980220776400529, 5190845.900812508538365 ], [ 635632.362991956528276, 5190855.154176147654653 ], [ 635645.60403114487417, 5190846.648710260167718 ], [ 635657.756140597513877, 5190832.171860580332577 ], [ 635676.838571712374687, 5190853.530063749291003 ], [ 635688.490959528600797, 5190868.412095003761351 ], [ 635691.004782816045918, 5190883.932290475815535 ], [ 635692.375651923706755, 5190896.655035420320928 ], [ 635696.913700856035575, 5190909.828546646051109 ], [ 635700.752809155848809, 5190917.434168805368245 ], [ 635710.078769921441562, 5190929.101750929839909 ], [ 635708.316222841502167, 5190939.390021855011582 ], [ 635699.21817683824338, 5190937.647734007798135 ], [ 635688.062138712964952, 5190940.235838865861297 ], [ 635671.277433813316748, 5190947.093558082357049 ], [ 635659.140517624211498, 5190937.362413113005459 ], [ 635647.359824667451903, 5190930.018471431918442 ], [ 635640.4278211601777, 5190917.597926377318799 ], [ 635627.90091664774809, 5190907.463288404047489 ], [ 635624.217129024560563, 5190890.732611346058547 ], [ 635631.581328065716662, 5190877.761693753302097 ], [ 635632.153648411505856, 5190867.453165449202061 ], [ 635630.284741761744954, 5190860.674793327227235 ], [ 635623.04209776839707, 5190866.504362740553916 ], [ 635612.404358182568103, 5190861.95787385199219 ], [ 635599.668109705788083, 5190864.122226633131504 ], [ 635592.761430538608693, 5190873.529222525656223 ], [ 635594.199830050580204, 5190882.284548792056739 ], [ 635606.034546681214124, 5190886.454555570147932 ], [ 635606.995167748071253, 5190899.964027901180089 ], [ 635591.118752047070302, 5190900.090647235512733 ], [ 635580.595815493608825, 5190888.799551675096154 ], [ 635582.748349210945889, 5190878.914778374135494 ], [ 635583.710658040363342, 5190869.009745896793902 ], [ 635577.396558376727626, 5190866.917989830486476 ], [ 635566.785832072841004, 5190860.784535355865955 ], [ 635567.560741866705939, 5190838.573762899264693 ], [ 635563.84993998950813, 5190823.430055079050362 ], [ 635555.768227808992378, 5190808.608806458301842 ], [ 635559.500972569920123, 5190799.147786669433117 ], [ 635536.908646895899437, 5190774.158142492175102 ], [ 635528.335651086177677, 5190764.884523798711598 ], [ 635529.701451365137473, 5190754.589503793045878 ], [ 635538.13431656989269, 5190748.780192409642041 ], [ 635549.53852688788902, 5190754.927149298600852 ], [ 635550.586940246867016, 5190763.278979781083763 ], [ 635566.779060809058137, 5190767.920006272383034 ], [ 635586.023561628302559, 5190779.756404406391084 ], [ 635597.529066916089505, 5190779.952239559032023 ], [ 635607.077876386349089, 5190778.527343766763806 ], [ 635600.166127618751489, 5190764.916577880270779 ], [ 635583.040391547023319, 5190745.179113698191941 ], [ 635571.75269818585366, 5190732.979412058368325 ], [ 635562.248882809537463, 5190728.765846135094762 ], [ 635552.962566859088838, 5190730.536136543378234 ], [ 635538.911757095716894, 5190738.078301256522536 ], [ 635531.279127932968549, 5190743.50437718257308 ], [ 635522.873274564626627, 5190747.726722641848028 ], [ 635489.329824112937786, 5190751.525920575484633 ], [ 635489.216096221003681, 5190756.80933312419802 ], [ 635478.353272099746391, 5190769.049829891882837 ], [ 635472.564781210268848, 5190788.93720196839422 ], [ 635466.417824122472666, 5190800.341409229673445 ], [ 635455.935519115999341, 5190807.080796483904123 ], [ 635457.086336547043175, 5190813.285662216134369 ], [ 635470.800555372959934, 5190822.639964850619435 ], [ 635458.054245370090939, 5190827.446444489993155 ], [ 635460.570734733249992, 5190835.223899258300662 ], [ 635467.342998539097607, 5190839.24908100720495 ], [ 635470.653483944013715, 5190852.187697369605303 ], [ 635472.237331297597848, 5190860.064272243529558 ], [ 635472.614791580126621, 5190873.078060653060675 ], [ 635470.618659426807426, 5190883.07859302405268 ], [ 635476.891789229004644, 5190887.236992214806378 ], [ 635495.7767021934269, 5190894.102381872944534 ], [ 635504.780201050103642, 5190901.399048304185271 ], [ 635515.546245381585322, 5190898.407448998652399 ], [ 635527.112526018521748, 5190895.032614142633975 ], [ 635540.096946729812771, 5190901.603328740224242 ], [ 635551.104413215769455, 5190907.743536940775812 ], [ 635556.564251604140736, 5190913.392461007460952 ], [ 635565.331393603933975, 5190934.5750822853297 ], [ 635560.879446593229659, 5190939.658438039012253 ], [ 635545.837034295196645, 5190937.418112967163324 ], [ 635535.763175413594581, 5190946.374340026639402 ], [ 635523.786646403837949, 5190950.535903323441744 ], [ 635506.988442015601322, 5190958.187102260999382 ], [ 635502.200531915412284, 5190959.693030761554837 ], [ 635497.917413098039106, 5190954.857849068939686 ], [ 635494.493616158375517, 5190969.48325792234391 ], [ 635487.257726185256615, 5190974.916081944480538 ], [ 635472.52780071424786, 5190973.734655155800283 ], [ 635468.333999790833332, 5190990.865083419717848 ], [ 635458.999599311151542, 5191003.008745035156608 ], [ 635443.492918260395527, 5191004.72907902020961 ], [ 635426.520828991080634, 5190999.281055354513228 ], [ 635418.999826995655894, 5190987.719256754033267 ], [ 635402.495015132473782, 5190986.031231478787959 ], [ 635398.273844053503126, 5190974.35705057810992 ], [ 635389.436684028478339, 5190971.842345210723579 ], [ 635387.811674528755248, 5190966.082024709321558 ], [ 635379.485880824853666, 5190964.747663827612996 ], [ 635372.018315247492865, 5190942.907782690599561 ], [ 635358.94172974745743, 5190939.675833554007113 ], [ 635361.432477959664539, 5190931.047656178474426 ], [ 635360.71970291947946, 5190926.336754972115159 ], [ 635345.599590725265443, 5190896.249859048053622 ], [ 635314.514995466917753, 5190864.868889546021819 ], [ 635308.538127970416099, 5190862.839642687700689 ], [ 635299.265292266965844, 5190851.57735604327172 ], [ 635307.355531199718826, 5190843.491467137821019 ], [ 635310.771869633113965, 5190835.237027234397829 ], [ 635319.992010680958629, 5190828.152321538887918 ], [ 635325.305561168584973, 5190820.52614447940141 ], [ 635323.622040605172515, 5190810.691972550004721 ], [ 635321.739277905202471, 5190806.101150691509247 ], [ 635317.955729020875879, 5190798.272133604623377 ], [ 635307.146479677641764, 5190801.607975292019546 ], [ 635301.335703001590446, 5190810.952603691257536 ], [ 635289.355616252869368, 5190810.698692282661796 ], [ 635278.339945019688457, 5190799.431741283275187 ], [ 635285.157781448448077, 5190797.482889953069389 ], [ 635286.430522417533211, 5190789.915928159840405 ], [ 635293.739035563310608, 5190789.688343863002956 ], [ 635300.462886225315742, 5190788.458642208948731 ], [ 635296.559322831220925, 5190778.833451481536031 ], [ 635287.176198167260736, 5190777.94821207318455 ], [ 635273.166920056566596, 5190766.784300377592444 ], [ 635281.732740084407851, 5190758.486516018398106 ], [ 635284.207531736465171, 5190753.830448302440345 ], [ 635281.042178462259471, 5190734.65204097609967 ], [ 635276.391589782200754, 5190725.259242285974324 ], [ 635262.6642751499312, 5190712.184206087142229 ], [ 635255.630978679284453, 5190705.714795053936541 ], [ 635252.262893095612526, 5190693.751782841980457 ], [ 635249.6005027879728, 5190686.959912287071347 ], [ 635240.213770151371136, 5190678.863020101562142 ], [ 635234.027978509780951, 5190669.23318606056273 ], [ 635225.105515158735216, 5190657.175635503605008 ], [ 635215.826827204786241, 5190642.730885600671172 ], [ 635207.758620822685771, 5190627.116171166300774 ], [ 635208.028731547296047, 5190611.246524161659181 ], [ 635215.931462629814632, 5190589.950802717357874 ], [ 635221.264669269090518, 5190579.723317418247461 ], [ 635245.943657082971185, 5190575.3810921208933 ], [ 635262.963013686821796, 5190578.051906725391746 ], [ 635281.434281311696395, 5190588.684557469561696 ], [ 635294.849204152473249, 5190593.278304514475167 ], [ 635311.081832881551236, 5190595.538873445242643 ], [ 635327.677439805585891, 5190599.789901780895889 ], [ 635351.515682497993112, 5190598.211360332556069 ], [ 635373.875005147187039, 5190590.257946258410811 ], [ 635387.343953034142032, 5190591.677763605490327 ], [ 635401.942350766737945, 5190596.68851159978658 ], [ 635413.669020619592629, 5190607.206369984894991 ], [ 635427.077194903045893, 5190612.196860586293042 ], [ 635437.257416081847623, 5190620.307260566391051 ], [ 635451.687652624445036, 5190638.466011559590697 ], [ 635458.83509417437017, 5190634.96135444752872 ], [ 635476.278212027624249, 5190636.051960090175271 ], [ 635487.78371425322257, 5190636.247791040688753 ], [ 635497.756273238337599, 5190633.242679132148623 ], [ 635511.570472055464052, 5190630.699810580350459 ], [ 635527.904401137609966, 5190627.009259919635952 ], [ 635536.558433631202206, 5190631.521977665834129 ], [ 635524.473863103776239, 5190642.03141422662884 ], [ 635517.950426318566315, 5190652.23864799272269 ], [ 635515.831662634853274, 5190660.139713543467224 ], [ 635522.824447456048802, 5190668.98957693297416 ], [ 635536.588849132647738, 5190676.367272799834609 ], [ 635544.42913970304653, 5190682.056710557080805 ], [ 635557.373047431698069, 5190691.007867665961385 ], [ 635562.913923186715692, 5190691.895890580490232 ], [ 635568.811023457557894, 5190695.171115558594465 ], [ 635580.638988459832035, 5190699.737858092412353 ], [ 635591.956642395118251, 5190707.545554594136775 ], [ 635608.141692494158633, 5190694.806669750250876 ], [ 635616.769194808788598, 5190694.047560597769916 ], [ 635629.239838754408993, 5190682.694382104091346 ], [ 635633.476505026221275, 5190685.404365333728492 ], [ 635638.398998561431654, 5190679.251452509313822 ], [ 635646.369503850466572, 5190673.265413335524499 ], [ 635650.910581156029366, 5190666.198052214458585 ], [ 635659.000699361320585, 5190664.111859573051333 ], [ 635667.945749353384599, 5190653.204244024120271 ], [ 635662.284995343768969, 5190636.043061967007816 ], [ 635665.318792725680396, 5190621.014149664901197 ], [ 635667.827545312582515, 5190613.516575357876718 ], [ 635674.962142135482281, 5190614.034866913221776 ], [ 635680.294270284008235, 5190617.87293010391295 ], [ 635687.247627857374027, 5190615.037686206400394 ], [ 635697.450734206242487, 5190620.676165130920708 ], [ 635702.996124356868677, 5190619.808988225646317 ], [ 635681.370783498743549, 5190610.572236490435898 ], [ 635668.769589501316659, 5190604.801764994859695 ], [ 635666.618733407114632, 5190591.272032981738448 ], [ 635680.418575533782132, 5190573.251510889269412 ], [ 635691.393956643762067, 5190557.9609101312235 ], [ 635699.396317193983123, 5190554.12854787055403 ], [ 635715.874197137309238, 5190559.522988025099039 ], [ 635742.60783356311731, 5190564.579784378409386 ], [ 635755.731151312356815, 5190569.223936066962779 ], [ 635772.072982458281331, 5190574.533839270472527 ], [ 635781.809897737228312, 5190581.091258442029357 ], [ 635806.489631085889414, 5190579.333424645476043 ], [ 635812.339624123647809, 5190567.273579142056406 ], [ 635814.688867295975797, 5190560.143909082747996 ], [ 635822.435099039343186, 5190556.700925239361823 ], [ 635835.547872137511149, 5190548.863497566431761 ], [ 635847.746551003074273, 5190547.144216711632907 ], [ 635857.259481818648055, 5190540.541455302387476 ], [ 635871.123666246072389, 5190537.906566912308335 ], [ 635875.342031042324379, 5190536.796039420180023 ], [ 635869.870315452455543, 5190527.067403954453766 ], [ 635827.412135290796869, 5190540.537102927453816 ], [ 635812.018814658978954, 5190549.061784678138793 ], [ 635809.357971206307411, 5190551.281596707180142 ], [ 635796.699337543919683, 5190559.157969520427287 ], [ 635783.525826677680016, 5190563.696030668914318 ], [ 635773.641046509263106, 5190561.543503829278052 ], [ 635754.261475878767669, 5190557.641944919712842 ], [ 635737.753636091132648, 5190548.233271571807563 ], [ 635727.001093761995435, 5190550.431398560293019 ], [ 635716.241798997856677, 5190553.026267113164067 ], [ 635704.145388019736856, 5190540.914682921022177 ], [ 635698.013607458677143, 5190528.110906490124762 ], [ 635691.500069089699537, 5190510.837931456975639 ], [ 635677.862480869982392, 5190499.591110020875931 ], [ 635661.894973627058789, 5190485.978827797807753 ], [ 635659.130735374172218, 5190485.979707010090351 ], [ 635654.481007420807146, 5190485.55712303519249 ], [ 635631.374647962627932, 5190486.537006645463407 ], [ 635605.250476520741358, 5190482.520657876506448 ], [ 635587.834363149479032, 5190479.843092327937484 ], [ 635570.57356102776248, 5190468.04047164414078 ], [ 635568.324965975363739, 5190447.860950414091349 ], [ 635574.301207469310611, 5190435.561686230823398 ], [ 635555.690516299218871, 5190406.033937855623662 ], [ 635541.778474268736318, 5190387.782228622585535 ], [ 635530.497514883754775, 5190364.780157113447785 ], [ 635512.213589748833328, 5190352.752526205033064 ], [ 635500.478073836769909, 5190341.805332865566015 ], [ 635470.771815323736519, 5190339.34778649918735 ], [ 635441.44003459776286, 5190317.394888335838914 ], [ 635420.627379835234024, 5190314.960753970779479 ], [ 635398.073892761254683, 5190311.005190787836909 ], [ 635381.444517473340966, 5190308.737880407832563 ], [ 635367.97556872817222, 5190307.318072603084147 ], [ 635352.946664925199002, 5190304.284289750270545 ], [ 635338.611610660329461, 5190283.800641864538193 ], [ 635334.161326576955616, 5190265.46951243840158 ], [ 635330.79997956880834, 5190253.109760206192732 ], [ 635327.021633706521243, 5190241.933479690924287 ], [ 635312.914508931920864, 5190231.375119924545288 ], [ 635298.780374865978956, 5190222.403726005926728 ], [ 635285.930998013471253, 5190207.898212164640427 ], [ 635278.219000395736657, 5190194.670703538693488 ], [ 635271.602693519322202, 5190187.017829899676144 ], [ 635269.693262967048213, 5190182.619914485141635 ], [ 635260.877175033092499, 5190187.628999165259302 ], [ 635251.25410006265156, 5190193.418061383999884 ], [ 635240.697390672750771, 5190184.11070001963526 ], [ 635229.782807400682941, 5190195.830623094923794 ], [ 635219.688715935335495, 5190205.977085469290614 ], [ 635203.348050878150389, 5190210.064391741529107 ], [ 635184.00242900964804, 5190198.761044034734368 ], [ 635183.266455318545923, 5190199.00861251540482 ], [ 635173.518186795990914, 5190213.922117233276367 ], [ 635167.828763214638457, 5190221.762407001107931 ], [ 635159.312711453763768, 5190228.814163812436163 ], [ 635140.557492572581396, 5190245.506479494273663 ], [ 635127.255711166653782, 5190257.58262462541461 ], [ 635112.502013760851696, 5190261.696937507949769 ], [ 635103.498511951416731, 5190254.400292607955635 ], [ 635092.89098211331293, 5190242.405365747399628 ], [ 635068.666326424572617, 5190249.045188533142209 ], [ 635051.982945276191458, 5190249.951810902915895 ], [ 635044.990159319946542, 5190241.101965248584747 ], [ 635037.102605482912622, 5190238.189730349928141 ], [ 635032.113781744730659, 5190228.183424090966582 ], [ 635025.648785660392605, 5190215.318699295632541 ], [ 635013.946371981059201, 5190199.697451992891729 ], [ 635010.941252551972866, 5190189.724908479489386 ], [ 635011.062794571858831, 5190182.58357066847384 ], [ 635008.639074600418098, 5190168.562709268182516 ], [ 635008.627442441531457, 5190168.495418950915337 ], [ 635007.466911237919703, 5190161.781918713822961 ], [ 635001.41348375834059, 5190141.554901491850615 ], [ 635003.867828667513095, 5190126.016453834250569 ], [ 634998.284303177963011, 5190123.00857188180089 ], [ 634997.73538015037775, 5190109.560554655268788 ], [ 634986.62711425148882, 5190102.677453754469752 ], [ 634981.819398621562868, 5190089.594274424016476 ], [ 634976.8969151659403, 5190081.731625919230282 ], [ 634976.441285795532167, 5190076.952110947109759 ], [ 634965.824307447066531, 5190065.81266510579735 ], [ 634963.686941164778545, 5190051.489477793686092 ], [ 634970.011745420750231, 5190051.200632259249687 ], [ 634970.089751386083663, 5190046.567532813176513 ], [ 634963.820389775908552, 5190043.082003279589117 ], [ 634956.448277041548863, 5190042.346566868945956 ], [ 634950.288140689022839, 5190034.147133440710604 ], [ 634942.440124726621434, 5190017.395128209143877 ], [ 634947.092890077503398, 5190004.735228754580021 ], [ 634947.310209073824808, 5190001.543087952770293 ], [ 634939.830737260519527, 5189981.968772402964532 ], [ 634943.667379063088447, 5189968.602746406570077 ], [ 634947.640966360690072, 5189964.590252755209804 ], [ 634948.294861675240099, 5189953.204123344272375 ], [ 634959.838167101610452, 5189940.638372059911489 ], [ 634948.147948241909035, 5189938.517956739291549 ], [ 634939.608705896185711, 5189927.260664929635823 ], [ 634934.884213326498866, 5189908.041301746852696 ], [ 634926.629927879548632, 5189896.801382179372013 ], [ 634925.464823361486197, 5189892.626329462043941 ], [ 634917.326954226242378, 5189884.021027052775025 ], [ 634915.284109903266653, 5189864.14346978534013 ], [ 634923.491138714016415, 5189865.627429040148854 ], [ 634926.074963550549001, 5189861.723702078685164 ], [ 634930.628979015629739, 5189857.596417009830475 ], [ 634945.515288460068405, 5189851.0711031537503 ], [ 634921.458039841614664, 5189851.152300029993057 ], [ 634917.127649767324328, 5189849.094323503784835 ], [ 634920.396105025196448, 5189843.593966793268919 ], [ 634927.20146858994849, 5189840.138082451187074 ], [ 634941.293779313564301, 5189835.073059559799731 ], [ 634962.848248280002736, 5189830.340143160894513 ], [ 634970.474045341834426, 5189824.630216880701482 ], [ 634985.711543705896474, 5189820.03178149368614 ], [ 634972.010514217894524, 5189818.91485630068928 ], [ 634951.332720595994033, 5189821.340940462425351 ], [ 634939.430492332205176, 5189821.138381318189204 ], [ 634934.998822330264375, 5189825.031518860720098 ], [ 634923.371799877029844, 5189831.977047982625663 ], [ 634911.415556591236964, 5189834.948415726423264 ], [ 634910.319861607044004, 5189829.373787212185562 ], [ 634904.873520547756925, 5189822.931405236944556 ], [ 634895.00226191454567, 5189819.985419753007591 ], [ 634881.69437888765242, 5189799.791045715101063 ], [ 634877.38520901161246, 5189797.515263468027115 ], [ 634870.931230000220239, 5189794.536571001634002 ], [ 634864.335966609884053, 5189790.035689954645932 ], [ 634854.281367379589938, 5189787.543947661295533 ], [ 634848.16307937016245, 5189773.946728232316673 ], [ 634852.662267077132128, 5189766.086182544007897 ], [ 634882.122369844932109, 5189760.634711214341223 ], [ 634924.587150155799463, 5189760.563683843240142 ], [ 634962.962990872911178, 5189767.566474489867687 ], [ 634984.25966597138904, 5189768.868557803332806 ], [ 635012.219640290015377, 5189764.833043524995446 ], [ 635051.025989993591793, 5189769.858882892876863 ], [ 635075.959909466910176, 5189773.854923632927239 ], [ 635104.06775924237445, 5189777.90498033631593 ], [ 635127.865474038058892, 5189778.706837402656674 ], [ 635145.590538201970048, 5189786.548755927011371 ], [ 635177.598284961422905, 5189794.63374534714967 ], [ 635184.645098796114326, 5189800.309656837955117 ], [ 635200.823712030192837, 5189805.744122472591698 ], [ 635218.152037667692639, 5189813.579291668720543 ], [ 635233.106668504653499, 5189820.977208461612463 ], [ 635240.112971032154746, 5189829.033568553626537 ], [ 635226.817950792610645, 5189840.712989374063909 ], [ 635212.420483109890483, 5189847.214517835527658 ], [ 635196.378733206074685, 5189857.183374276384711 ], [ 635218.715887883678079, 5189866.727921115234494 ], [ 635231.848860227968544, 5189864.570290575735271 ], [ 635243.697080977843143, 5189867.946781027130783 ], [ 635259.451946286251768, 5189874.961463144049048 ], [ 635262.127854545600712, 5189880.95984604768455 ], [ 635250.17160076869186, 5189883.931214788928628 ], [ 635236.936553960898891, 5189889.885386366397142 ], [ 635246.44106432958506, 5189895.679505111649632 ], [ 635253.621625969652086, 5189908.258092887699604 ], [ 635249.359863343066536, 5189913.603294504806399 ], [ 635249.036130050080828, 5189920.345450839959085 ], [ 635263.953215591260232, 5189929.227895457297564 ], [ 635268.287443140055984, 5189945.065879313275218 ], [ 635284.986083602067083, 5189960.283558521419764 ], [ 635301.360510062659159, 5189954.21253480669111 ], [ 635312.879511917941272, 5189953.614863453432918 ], [ 635320.518878375878558, 5189947.792034040205181 ], [ 635328.978735927958041, 5189940.395743361674249 ], [ 635324.003405298339203, 5189929.595950843766332 ], [ 635316.532841230044141, 5189925.500248207710683 ], [ 635314.273930818191729, 5189918.318392379209399 ], [ 635308.034103133017197, 5189911.86249852925539 ], [ 635298.216851752484217, 5189905.742577590048313 ], [ 635291.854585820343345, 5189877.976560750044882 ], [ 635288.576508753816597, 5189874.67267254460603 ], [ 635274.48397937649861, 5189863.99235191848129 ], [ 635268.088028904283419, 5189857.210225379094481 ], [ 635270.986753934761509, 5189850.116146896034479 ], [ 635279.667797781992704, 5189853.041879902593791 ], [ 635290.173589918995276, 5189866.160203871317208 ], [ 635302.9877573850099, 5189858.597885268740356 ], [ 635307.870189192937687, 5189851.53756622876972 ], [ 635312.529804643942043, 5189857.569709780625999 ], [ 635330.989217413822189, 5189845.581321783363819 ], [ 635341.125999182113446, 5189852.03295592032373 ], [ 635344.599958670325577, 5189838.669546030461788 ], [ 635350.248865358880721, 5189833.209695330820978 ], [ 635350.00741973076947, 5189824.077892670407891 ], [ 635339.901456212159246, 5189811.603360074572265 ], [ 635332.491658309591003, 5189803.93698762357235 ], [ 635336.661630297661759, 5189792.102267625741661 ], [ 635351.810122937662527, 5189776.567378457635641 ], [ 635352.231851502903737, 5189770.998165869154036 ], [ 635351.555941572296433, 5189763.944009848870337 ], [ 635369.227434518630616, 5189756.81311708688736 ], [ 635390.074819798232056, 5189757.787876487709582 ], [ 635382.665049592964351, 5189742.871501230634749 ], [ 635393.766082515474409, 5189737.960673744790256 ], [ 635398.564661409240216, 5189737.427321828901768 ], [ 635387.256285193143412, 5189734.06984213553369 ], [ 635365.354487019358203, 5189738.459384153597057 ], [ 635347.433607206214219, 5189742.122962056659162 ], [ 635333.137415328994393, 5189742.673376231454313 ], [ 635318.176027403911576, 5189735.672201790846884 ], [ 635316.85913762182463, 5189719.775542101822793 ], [ 635306.572489885846153, 5189694.598539914004505 ], [ 635294.052316441317089, 5189684.067207286134362 ], [ 635291.013422905700281, 5189676.078366975300014 ], [ 635288.587328781373799, 5189655.400557770393789 ], [ 635275.933733627898619, 5189629.389565730467439 ], [ 635258.404462046688423, 5189610.042155397124588 ], [ 635243.839815806830302, 5189603.047738992609084 ], [ 635238.53525334445294, 5189588.273788889870048 ], [ 635236.314059654599987, 5189582.014786980114877 ], [ 635223.098090253188275, 5189582.335753279738128 ], [ 635205.344025577302091, 5189579.771818283013999 ], [ 635209.042979386285879, 5189572.294501139782369 ], [ 635215.295581351150759, 5189571.165517762303352 ], [ 635219.221800092142075, 5189562.73875529691577 ], [ 635203.390318501857109, 5189563.983383163809776 ], [ 635186.787953774095513, 5189560.129140246659517 ], [ 635174.94648377248086, 5189556.355918221175671 ], [ 635167.482670331955887, 5189551.863482913933694 ], [ 635164.491036997176707, 5189541.097458031959832 ], [ 635155.23096005001571, 5189540.822798981331289 ], [ 635150.893810380366631, 5189547.215758568607271 ], [ 635137.02137371012941, 5189546.185966671444476 ], [ 635145.82483904925175, 5189533.682832235470414 ], [ 635137.576902655884624, 5189527.422016593627632 ], [ 635126.007145788287744, 5189540.442543343640864 ], [ 635102.182423764141276, 5189541.227664831094444 ], [ 635085.801259944215417, 5189547.695443576201797 ], [ 635068.425672881887294, 5189542.637475913390517 ], [ 635057.316923067905009, 5189542.448428375646472 ], [ 635041.637834212975577, 5189543.513452418148518 ], [ 635029.962046004482545, 5189540.792338212952018 ], [ 635027.810478833853267, 5189529.237843018956482 ], [ 635020.180823788396083, 5189537.877563281916082 ], [ 635019.405798085499555, 5189545.519990445114672 ], [ 635013.940942319226451, 5189553.812569847330451 ], [ 635010.437689341721125, 5189559.9486412294209 ], [ 635002.909041780745611, 5189562.065406613983214 ], [ 634993.498778872657567, 5189570.650342441163957 ], [ 634982.282003533560783, 5189576.809149762615561 ], [ 634975.826120115816593, 5189583.048977581784129 ], [ 634960.641935441410169, 5189589.140266869217157 ], [ 634955.786519506247714, 5189594.613619239069521 ], [ 634958.879426187020727, 5189599.428524629212916 ], [ 634958.327394834836014, 5189608.546814732253551 ], [ 634954.265460573020391, 5189614.033670369535685 ], [ 634947.721803964814171, 5189625.431129354983568 ], [ 634935.595989326247945, 5189627.782513415440917 ], [ 634932.026098422356881, 5189638.260260527022183 ], [ 634924.207779542077333, 5189641.049030140042305 ], [ 634909.666819148696959, 5189646.213719245046377 ], [ 634902.343184170778841, 5189656.804191029630601 ], [ 634897.803487146040425, 5189667.045184262096882 ], [ 634888.301961147109978, 5189665.692918009124696 ], [ 634877.226975481607951, 5189663.520162827335298 ], [ 634870.345391465467401, 5189666.262073879130185 ], [ 634877.421161783393472, 5189675.429140696302056 ], [ 634875.67890619346872, 5189684.527173331007361 ], [ 634872.753179626422934, 5189693.208209486678243 ], [ 634868.670989537145942, 5189699.885285664349794 ], [ 634858.691701287170872, 5189703.287157076410949 ], [ 634851.295413848245516, 5189694.827314202673733 ], [ 634841.498425800236873, 5189687.517183124087751 ], [ 634829.690726380213164, 5189681.760256538167596 ], [ 634812.954958404880017, 5189662.426369225606322 ], [ 634804.422462924383581, 5189650.772346292622387 ], [ 634801.464913010247983, 5189644.30357504542917 ], [ 634803.610340638551861, 5189628.534606327302754 ], [ 634809.635603819973767, 5189617.778304533101618 ], [ 634816.192367674317211, 5189613.542108077555895 ], [ 634826.293698116089217, 5189601.53758938331157 ], [ 634840.684396181604825, 5189595.432799089699984 ], [ 634857.872535904403776, 5189588.185047988779843 ], [ 634873.460209264885634, 5189581.703771074302495 ], [ 634882.666270280489698, 5189577.098170415498316 ], [ 634886.324710693676025, 5189572.001304538920522 ], [ 634910.048902085633017, 5189562.759003755636513 ], [ 634902.996190174599178, 5189548.473671425133944 ], [ 634894.012935039354488, 5189539.986823690123856 ], [ 634881.344233284122311, 5189538.183806068263948 ], [ 634875.911391271860339, 5189530.947946758009493 ], [ 634861.682733297348022, 5189527.530959364026785 ], [ 634849.846962791634724, 5189514.692867333069444 ], [ 634841.111586006940342, 5189501.343877458944917 ], [ 634842.560912747168913, 5189493.622933274134994 ], [ 634827.034460253198631, 5189488.049459505826235 ], [ 634814.181395141058601, 5189460.35391054302454 ], [ 634803.31263548345305, 5189459.469012846238911 ], [ 634801.867992014158517, 5189451.667520307935774 ], [ 634795.153038457036018, 5189442.165723076090217 ], [ 634797.683810853981413, 5189429.244447574019432 ], [ 634801.872298394097015, 5189426.382874155417085 ], [ 634800.428677949355915, 5189423.779437816701829 ], [ 634808.742537186597474, 5189416.594290640205145 ], [ 634822.310613800305873, 5189369.190154763869941 ], [ 634827.664038553601131, 5189357.772440580651164 ], [ 634837.293842823361047, 5189351.586623444221914 ], [ 634848.483604660024866, 5189347.014775381423533 ], [ 634858.564162066206336, 5189337.661782294511795 ], [ 634875.78605535661336, 5189328.430315403267741 ], [ 634904.997945508919656, 5189314.243760151788592 ], [ 634932.145115113817155, 5189304.78433674108237 ], [ 634943.348381991032511, 5189299.419004414230585 ], [ 634953.09296271787025, 5189286.488587906584144 ], [ 634971.424064639722928, 5189282.038262592628598 ], [ 634976.998692706925794, 5189280.942559787072241 ], [ 634991.85635470028501, 5189286.66601965483278 ], [ 635011.771789786522277, 5189285.106005064211786 ], [ 635025.220476031303406, 5189287.716000217013061 ], [ 635059.205177344148979, 5189296.231445626355708 ], [ 635064.362811240367591, 5189296.319214523769915 ], [ 635075.525573023711331, 5189293.334326647222042 ], [ 635089.364250994287431, 5189296.347815046086907 ], [ 635098.556810838985257, 5189292.535687536932528 ], [ 635107.587336024618708, 5189298.245346380397677 ], [ 635115.118665815563872, 5189298.770365166477859 ], [ 635120.080508010694757, 5189310.363626512698829 ], [ 635131.390208082157187, 5189322.064911839552224 ], [ 635142.956464548362419, 5189318.690034528262913 ], [ 635156.909919767756946, 5189314.958924719132483 ], [ 635170.809363662265241, 5189314.401743989437819 ], [ 635180.177463644417003, 5189300.274345534853637 ], [ 635196.941865687025711, 5189294.606788977049291 ], [ 635239.192227500490844, 5189283.816947449930012 ], [ 635257.046202898607589, 5189287.502564182505012 ], [ 635264.274695499567315, 5189279.084652139805257 ], [ 635280.608602306107059, 5189275.394048462621868 ], [ 635299.214934572111815, 5189278.091813827864826 ], [ 635309.516705751419067, 5189279.060833902098238 ], [ 635318.17074889363721, 5189283.57352008856833 ], [ 635326.617091315798461, 5189276.970697989687324 ], [ 635336.871603103820235, 5189280.716907433234155 ], [ 635350.306797397439368, 5189284.120387319475412 ], [ 635367.366676048608497, 5189284.410699591971934 ], [ 635379.282420293428004, 5189283.819760309532285 ], [ 635385.105263512698002, 5189291.459118261933327 ], [ 635393.926499661756679, 5189309.467764256522059 ], [ 635383.007419552886859, 5189319.855436342768371 ], [ 635379.95083275064826, 5189320.080907704308629 ], [ 635379.957076735328883, 5189320.22520686686039 ], [ 635372.937948456499726, 5189325.541492395102978 ], [ 635358.840489130700007, 5189327.019506291486323 ], [ 635352.282120024203323, 5189345.510983537882566 ], [ 635339.441328450571746, 5189352.352118506096303 ], [ 635332.50292680086568, 5189357.801770180463791 ], [ 635332.787375963525847, 5189362.475380510091782 ], [ 635348.326813914463855, 5189366.576633015647531 ], [ 635346.124107570620254, 5189373.910785228013992 ], [ 635338.609179458348081, 5189378.746655369177461 ], [ 635327.889637332875282, 5189373.932464176788926 ], [ 635324.073905959608965, 5189370.754683648236096 ], [ 635313.036992531386204, 5189371.956794701516628 ], [ 635310.439529792405665, 5189380.15918526891619 ], [ 635324.142098466749303, 5189392.895751694217324 ], [ 635322.144350382499397, 5189402.053301400505006 ], [ 635334.754136056639254, 5189398.15031577181071 ], [ 635345.346224626060575, 5189382.059461468830705 ], [ 635365.998628968489356, 5189357.805825999006629 ], [ 635382.830554749700241, 5189348.170855495147407 ], [ 635415.814103259006515, 5189345.557299778796732 ], [ 635424.643687188043259, 5189339.754711734130979 ], [ 635431.368037003558129, 5189341.059711592271924 ], [ 635438.159901981242001, 5189338.397297180257738 ], [ 635444.406492495792918, 5189344.456442809663713 ], [ 635462.737617588369176, 5189340.006114806048572 ], [ 635477.356288518523797, 5189343.826593769714236 ], [ 635487.651312603033148, 5189345.192357472144067 ], [ 635496.02339305030182, 5189342.953690284863114 ], [ 635504.287449492607266, 5189347.06288695987314 ], [ 635510.635313650243916, 5189347.170911182649434 ], [ 635513.53403143864125, 5189340.076824666932225 ], [ 635515.625763081130572, 5189333.762718060053885 ], [ 635521.651152385631576, 5189329.499833916313946 ], [ 635526.15033903287258, 5189321.63926999270916 ], [ 635528.275827859295532, 5189313.341455482877791 ], [ 635529.143577186390758, 5189308.99080170225352 ], [ 635537.139171183109283, 5189305.555157456547022 ], [ 635547.851192914065905, 5189305.737447244115174 ], [ 635569.159553405130282, 5189296.575503314845264 ], [ 635566.483634337084368, 5189290.577119659632444 ], [ 635551.824450900196098, 5189289.137091044336557 ], [ 635539.545717246597633, 5189287.737571272999048 ], [ 635536.869798241532408, 5189281.739188117906451 ], [ 635542.915441649500281, 5189276.286078350618482 ], [ 635556.109184529050253, 5189270.557752769440413 ], [ 635567.217948360019363, 5189270.746793068945408 ], [ 635565.026539082522504, 5189259.597520778886974 ], [ 635556.331981795141473, 5189257.465281602926552 ], [ 635550.448372669168748, 5189253.396594771184027 ], [ 635547.08699257124681, 5189241.036844175308943 ], [ 635547.303037468111143, 5189228.341114819981158 ], [ 635554.707689652801491, 5189212.989719523116946 ], [ 635561.143322589690797, 5189207.940101399086416 ], [ 635570.590855121728964, 5189212.466291680932045 ], [ 635573.555494718253613, 5189224.81929137185216 ], [ 635577.038400782970712, 5189230.037694352678955 ], [ 635579.969282822799869, 5189244.374402244575322 ], [ 635575.382328571984544, 5189257.392608501017094 ], [ 635584.023215635330416, 5189272.060799817554653 ], [ 635604.167333772871643, 5189291.615249945782125 ], [ 635612.411138578667305, 5189296.914671499282122 ], [ 635621.448426733026281, 5189302.22759622335434 ], [ 635624.803054063115269, 5189314.984091233462095 ], [ 635632.206115275854245, 5189323.047201939858496 ], [ 635631.966590707190335, 5189333.23572407849133 ], [ 635635.211420732084662, 5189348.920449771918356 ], [ 635635.345016675535589, 5189348.811155759729445 ], [ 635641.466239855159074, 5189343.803571348078549 ], [ 635655.594736058264971, 5189329.83139122556895 ], [ 635679.117539082886651, 5189301.929258939810097 ], [ 635693.059529755963013, 5189275.91778502613306 ], [ 635702.209935846505687, 5189247.074903189204633 ], [ 635705.354512370657176, 5189211.540137197822332 ], [ 635707.440340514644049, 5189184.276798581704497 ], [ 635708.323858587420546, 5189172.728547201491892 ], [ 635707.468086071079597, 5189166.173772029578686 ], [ 635700.999872275162488, 5189116.630624549463391 ], [ 635691.547375615104102, 5189065.639534727670252 ], [ 635686.038732642889954, 5189035.923630840145051 ], [ 635683.690463237930089, 5189025.791860167868435 ], [ 635671.167124508181587, 5188962.27702459692955 ], [ 635666.283643587958068, 5188942.662672319449484 ], [ 635653.520481296116486, 5188886.047556548379362 ], [ 635653.275036718812771, 5188884.958808463998139 ], [ 635652.647248891415074, 5188882.174054428935051 ], [ 635644.357837783754803, 5188833.670448032207787 ], [ 635645.644625236047432, 5188806.823648767545819 ], [ 635656.980217350879684, 5188762.388701574876904 ], [ 635666.793815249227919, 5188742.756649610586464 ], [ 635685.821079308749177, 5188719.245270673185587 ], [ 635714.668162371381186, 5188688.464841251261532 ], [ 635736.370380749576725, 5188671.547956650145352 ], [ 635750.585911380709149, 5188662.379398727789521 ], [ 635752.804439023020677, 5188661.082791121676564 ], [ 635771.942880658200011, 5188649.897422306239605 ], [ 635811.996937717776746, 5188631.092907200567424 ], [ 635832.825084615498781, 5188626.810406548902392 ], [ 635836.651903938502073, 5188626.023569537326694 ], [ 635837.37450765282847, 5188625.874994101934135 ], [ 635853.373543292284012, 5188620.597494130954146 ], [ 635878.44535938790068, 5188609.407163516618311 ], [ 635916.11168343515601, 5188601.947965507395566 ], [ 635945.000953042879701, 5188596.226929522119462 ], [ 635974.247909014113247, 5188591.305041042156518 ], [ 635983.963703495101072, 5188589.854589194059372 ], [ 635987.466291032731533, 5188582.553887024521828 ], [ 635979.748615395277739, 5188565.748323265463114 ], [ 635978.285125048016198, 5188562.561511607840657 ], [ 635974.640455897897482, 5188559.026227506808937 ], [ 635952.126489692600444, 5188542.478970181196928 ], [ 635928.021290238248184, 5188513.09826391749084 ], [ 635928.042256967048161, 5188501.845930146984756 ], [ 635927.751582837896422, 5188501.399546251632273 ], [ 635909.99342556251213, 5188472.533154137432575 ], [ 635881.838672490557656, 5188428.456619032658637 ], [ 635873.959382675820962, 5188401.733149953186512 ], [ 635870.545067903934978, 5188348.000410166569054 ], [ 635862.834979771170765, 5188332.490795754827559 ], [ 635859.487069612485357, 5188319.337559337727726 ], [ 635860.149733269121498, 5188292.599553847685456 ], [ 635859.365933924680576, 5188279.808567847125232 ], [ 635875.216892996570095, 5188257.854290157556534 ], [ 635878.983332748874091, 5188246.409529234282672 ], [ 635878.439614597940817, 5188231.716578341089189 ], [ 635882.599971669260412, 5188225.465779008343816 ], [ 635884.015784404939041, 5188207.206336030736566 ], [ 635892.301642505335622, 5188186.710764683783054 ], [ 635907.931364839780144, 5188154.434441099874675 ], [ 635916.189040966564789, 5188116.347537816502154 ], [ 635916.272749338531867, 5188107.3504076031968 ], [ 635934.616847291938029, 5188080.260463179089129 ], [ 635935.197906567249447, 5188067.986725897528231 ], [ 635941.378544491482899, 5188054.598753109574318 ], [ 635954.175056380219758, 5188039.98713050223887 ], [ 635949.750030956231058, 5188039.007582826539874 ], [ 635940.995236766990274, 5188044.472382815554738 ], [ 635938.125061041675508, 5188026.564992915838957 ], [ 635944.923436523647979, 5188022.845397572033107 ], [ 635945.542023920221254, 5188016.765745992772281 ], [ 635938.473329586791806, 5188015.768520534038544 ], [ 635933.054481561062858, 5188005.724800042808056 ], [ 635928.89233532268554, 5187996.635416735894978 ], [ 635923.30756044795271, 5187995.462448760867119 ], [ 635909.914411849575117, 5187987.750935824587941 ], [ 635899.867369792773388, 5187981.434289904311299 ], [ 635886.358214259846136, 5187977.837606628425419 ], [ 635883.021207800717093, 5187973.028058883734047 ], [ 635878.805251067504287, 5187978.156642944552004 ], [ 635878.024312034482136, 5187990.222181499004364 ], [ 635876.62483065854758, 5188002.500929766334593 ], [ 635868.622490717447363, 5188006.333344879560173 ], [ 635865.21381814556662, 5187996.750787911936641 ], [ 635867.373032238567248, 5187986.469249749556184 ], [ 635863.41911363042891, 5187985.608264261856675 ], [ 635856.647500814055093, 5187987.080478847958148 ], [ 635853.311561479698867, 5187996.548282435163856 ], [ 635846.499447687761858, 5188000.400948002934456 ], [ 635835.444676780840382, 5187997.038007954135537 ], [ 635838.915619352832437, 5187979.635367612354457 ], [ 635842.325809853384271, 5187965.80340373236686 ], [ 635844.854764332994819, 5187957.115583594888449 ], [ 635853.361847391002811, 5187946.942047866992652 ], [ 635860.254962309845723, 5187938.328478740528226 ], [ 635861.956681937677786, 5187931.610867224633694 ], [ 635855.353822194971144, 5187923.16453580185771 ], [ 635851.918147336225957, 5187915.168947342783213 ], [ 635852.046399189275689, 5187907.630851740017533 ], [ 635842.941586246713996, 5187906.285373983904719 ], [ 635832.405058028060012, 5187895.787833267822862 ], [ 635831.685825175023638, 5187891.410172707401216 ], [ 635844.059073976124637, 5187887.255264583975077 ], [ 635851.401042654179037, 5187886.979963601566851 ], [ 635846.1688703217078, 5187879.350527674891055 ], [ 635834.694446008070372, 5187870.850504264235497 ], [ 635826.754458685987629, 5187864.845104994252324 ], [ 635826.702111394144595, 5187874.101800411939621 ], [ 635816.366573005216196, 5187875.116524368524551 ], [ 635808.91622869647108, 5187869.830629395321012 ], [ 635804.660069295088761, 5187863.408509537577629 ], [ 635802.77761079906486, 5187857.423631895333529 ], [ 635793.343557368614711, 5187852.10398724488914 ], [ 635791.19784722966142, 5187861.59204061422497 ], [ 635783.605752254952677, 5187864.637724179774523 ], [ 635768.7980542993173, 5187871.926066400483251 ], [ 635760.641977874794975, 5187861.469028823077679 ], [ 635758.12803681474179, 5187845.948848999105394 ], [ 635757.557304025744088, 5187832.842870133928955 ], [ 635756.522328949999064, 5187823.697559118270874 ], [ 635744.836075456114486, 5187810.799322229810059 ], [ 635743.095366139197722, 5187796.482868592254817 ], [ 635745.341784855350852, 5187781.354694730602205 ], [ 635726.752894470235333, 5187766.91255637910217 ], [ 635710.440722041064873, 5187745.998429116792977 ], [ 635692.360149845131673, 5187717.498732178471982 ], [ 635676.952008068095893, 5187718.764223260805011 ], [ 635670.234398589353077, 5187717.062508122064173 ], [ 635666.589474306092598, 5187721.36591765191406 ], [ 635664.491017351392657, 5187728.076776892878115 ], [ 635668.289686473319307, 5187738.062818410806358 ], [ 635668.894171925378032, 5187749.185085748322308 ], [ 635659.715113332262263, 5187752.2037707939744 ], [ 635651.027295709354803, 5187749.674822147004306 ], [ 635640.315270280116238, 5187749.492573959752917 ], [ 635633.766409685369581, 5187737.872316930443048 ], [ 635628.764016063068993, 5187728.659509865567088 ], [ 635633.781412438722327, 5187713.664325661957264 ], [ 635633.479169280268252, 5187708.103192499838769 ], [ 635627.595543141709641, 5187704.034527571871877 ], [ 635622.902142030303366, 5187699.986112413927913 ], [ 635619.425965415081009, 5187694.370980395935476 ], [ 635607.761386048281565, 5187689.529306879267097 ], [ 635600.930530163925141, 5187671.157694200985134 ], [ 635603.53372497158125, 5187658.105719438754022 ], [ 635605.64568009681534, 5187650.601377570070326 ], [ 635599.365312136942521, 5187646.525963937863708 ], [ 635593.999924288247712, 5187635.322700857184827 ], [ 635586.186588345211931, 5187628.046355400234461 ], [ 635577.942761782556772, 5187622.746968462131917 ], [ 635569.478962716413662, 5187598.57172270026058 ], [ 635556.76868534728419, 5187589.251667348667979 ], [ 635547.256601323606446, 5187583.58310480043292 ], [ 635548.074198808637448, 5187587.835809820331633 ], [ 635545.220007179304957, 5187586.797299766913056 ], [ 635542.441945722559467, 5187581.460294968448579 ], [ 635541.687770697637461, 5187577.910936953499913 ], [ 635530.782475991174579, 5187574.738651283085346 ], [ 635515.244928798056208, 5187567.897533013485372 ], [ 635506.747250410495326, 5187563.095190265215933 ], [ 635489.864583782153204, 5187553.931601051241159 ], [ 635474.78111945441924, 5187546.437841913662851 ], [ 635459.855171665316448, 5187533.682221404276788 ], [ 635459.176274982281029, 5187533.102099312469363 ], [ 635446.733930870890617, 5187520.491927891969681 ], [ 635438.884793843259104, 5187509.357073825784028 ], [ 635429.011406998848543, 5187514.146725630387664 ], [ 635422.528549527400173, 5187521.973559658974409 ], [ 635416.805426376289688, 5187531.797600107267499 ], [ 635407.6668734686682, 5187532.43583962880075 ], [ 635402.159741159644909, 5187529.564153608866036 ], [ 635393.828170882421546, 5187529.422409718856215 ], [ 635389.36951913672965, 5187534.902542855590582 ], [ 635388.447791639249772, 5187542.427130458876491 ], [ 635395.83063521864824, 5187551.680428051389754 ], [ 635402.426745566888712, 5187560.523485078476369 ], [ 635405.862423719605431, 5187568.519061524420977 ], [ 635410.159082181053236, 5187572.560723182745278 ], [ 635409.223854406969622, 5187580.878793966956437 ], [ 635409.088859130628407, 5187588.81362281087786 ], [ 635405.0471971683437, 5187593.110280949622393 ], [ 635401.758519425056875, 5187599.800887159071863 ], [ 635394.617173497099429, 5187599.679391146637499 ], [ 635392.432468281709589, 5187588.133391141891479 ], [ 635393.717189282993786, 5187582.599260469898582 ], [ 635389.474529143888503, 5187575.383667488582432 ], [ 635385.716357020195574, 5187563.017185953445733 ], [ 635380.653214819729328, 5187557.375059511512518 ], [ 635375.56982341024559, 5187552.923157437704504 ], [ 635372.463389364304021, 5187548.901745522394776 ], [ 635364.098071075393818, 5187550.743708239868283 ], [ 635365.48403727565892, 5187539.25845683645457 ], [ 635378.812743892893195, 5187525.595248078927398 ], [ 635388.846024509868585, 5187519.019386506639421 ], [ 635400.540517636109143, 5187508.106367584317923 ], [ 635409.85456207441166, 5187497.152849959209561 ], [ 635400.729508731514215, 5187496.997607387602329 ], [ 635381.228431288385764, 5187500.237545995973051 ], [ 635370.435416762949899, 5187504.81620152015239 ], [ 635364.403299353085458, 5187509.475853054784238 ], [ 635357.093211738392711, 5187519.272893471643329 ], [ 635352.352564041037112, 5187518.001672938466072 ], [ 635343.980496611678973, 5187520.240377586334944 ], [ 635348.547142684459686, 5187508.412382773123682 ], [ 635347.068172051105648, 5187502.037521906197071 ], [ 635338.932343460153788, 5187490.39027876406908 ], [ 635329.834290399914607, 5187488.648070924915373 ], [ 635320.945476956898347, 5187474.60688110254705 ], [ 635321.927949806908146, 5187463.511622383259237 ], [ 635330.865498702507466, 5187451.36113212723285 ], [ 635335.921892142738216, 5187457.399997902102768 ], [ 635344.987683955114335, 5187437.711420827545226 ], [ 635358.958560381899588, 5187427.959108591079712 ], [ 635367.581982524134219, 5187417.623332204297185 ], [ 635383.448588694212958, 5187404.845906800590456 ], [ 635374.140121595235541, 5187402.43165715970099 ], [ 635368.88598018756602, 5187404.571160973981023 ], [ 635364.341820498928428, 5187408.117726012133062 ], [ 635351.028101876843721, 5187397.572963936254382 ], [ 635329.981258645886555, 5187392.498711397871375 ], [ 635328.560251580551267, 5187398.794368848204613 ], [ 635331.342945279786363, 5187408.220473215915263 ], [ 635344.793498389073648, 5187414.134858341887593 ], [ 635343.488531079259701, 5187420.859213034622371 ], [ 635335.876199119258672, 5187425.095125741325319 ], [ 635325.930666261585429, 5187426.513351098634303 ], [ 635314.170166868832894, 5187417.979294572025537 ], [ 635309.962736113695428, 5187385.365508920513093 ], [ 635306.049319052719511, 5187382.124082527123392 ], [ 635306.652042685542256, 5187346.695700341835618 ], [ 635300.637879110872746, 5187346.173917495645583 ], [ 635301.709166050655767, 5187341.275385836139321 ], [ 635292.545525691122748, 5187333.345875016413629 ], [ 635282.486092498991638, 5187323.17323531396687 ], [ 635273.964060295955278, 5187320.966357653029263 ], [ 635265.066394813358784, 5187313.625343764200807 ], [ 635259.891396850347519, 5187305.587699023075402 ], [ 635249.8242381317541, 5187302.922557129524648 ], [ 635235.676787301432341, 5187296.396520766429603 ], [ 635231.177643625997007, 5187304.257101989351213 ], [ 635220.950113666709512, 5187298.923979068174958 ], [ 635209.155867263674736, 5187292.373634786345065 ], [ 635205.666189543087967, 5187287.551994597539306 ], [ 635199.809563199873082, 5187281.896375259384513 ], [ 635204.200912654865533, 5187275.819429256953299 ], [ 635192.063722943887115, 5187270.652631541714072 ], [ 635186.294839269132353, 5187259.839376673102379 ], [ 635185.649844302562997, 5187251.097570789977908 ], [ 635181.837668679421768, 5187241.90502835996449 ], [ 635176.168551275506616, 5187248.555137211456895 ], [ 635173.283371837926097, 5187254.855750682763755 ], [ 635167.264759179437533, 5187258.721921307034791 ], [ 635154.758024384384044, 5187247.397185867652297 ], [ 635148.587106843013316, 5187231.3987603103742 ], [ 635134.72502833919134, 5187212.340875824913383 ], [ 635131.853934798156843, 5187196.660812357440591 ], [ 635120.112320855958387, 5187189.795396400615573 ], [ 635108.915653637610376, 5187174.643665778450668 ], [ 635100.154046596959233, 5187177.526462061330676 ], [ 635098.733107890933752, 5187176.945116917602718 ], [ 635093.696105031645857, 5187179.887276186607778 ], [ 635085.76129802595824, 5187179.752289352938533 ], [ 635080.287975262617692, 5187174.896915446966887 ], [ 635072.542149776010774, 5187163.653199647553265 ], [ 635068.742558436701074, 5187147.276177559047937 ], [ 635065.060113604413345, 5187142.59316342510283 ], [ 635057.070498905261047, 5187141.183308742940426 ], [ 635049.7196002562996, 5187138.965360901318491 ], [ 635034.119927726802416, 5187133.878222810104489 ], [ 635018.795987498015165, 5187131.039663247764111 ], [ 634998.981206187978387, 5187121.269050646573305 ], [ 634982.715696430183016, 5187112.882752010598779 ], [ 634968.030062631703913, 5187109.848062754608691 ], [ 634955.985690362984315, 5187107.848256514407694 ], [ 634939.196478562429547, 5187104.324804811738431 ], [ 634930.988865908118896, 5187094.627660191617906 ], [ 634920.066019143443555, 5187096.590734873898327 ], [ 634893.490928569459356, 5187098.085547094233334 ], [ 634887.984055688604712, 5187090.394249059259892 ], [ 634861.624850477091968, 5187085.547055004164577 ], [ 634845.211222883197479, 5187077.756210650317371 ], [ 634837.638144287164323, 5187074.25655013974756 ], [ 634828.355696968501434, 5187073.722658795304596 ], [ 634813.783450674149208, 5187063.96424189209938 ], [ 634795.907915589166805, 5187064.813090283423662 ], [ 634791.053480810718611, 5187056.989160907454789 ], [ 634779.243982236017473, 5187058.97120126709342 ], [ 634767.731748858350329, 5187059.17221446428448 ], [ 634755.351792647270486, 5187063.723878051154315 ], [ 634746.247001707670279, 5187062.378423317335546 ], [ 634747.653199314023368, 5187049.70296548679471 ], [ 634745.757235086639412, 5187044.511589050292969 ], [ 634734.587749752798118, 5187047.893278145231307 ], [ 634730.976587315206416, 5187050.212979882955551 ], [ 634716.195940012927167, 5187055.91437030211091 ], [ 634704.205976970959455, 5187060.869523393921554 ], [ 634699.814831675030291, 5187062.382244881242514 ], [ 634693.264502507518046, 5187074.176479503512383 ], [ 634680.266547209816054, 5187068.399384312331676 ], [ 634667.920339801697992, 5187070.967343041673303 ], [ 634663.502197908237576, 5187074.067027136683464 ], [ 634664.072954197879881, 5187087.172969195060432 ], [ 634659.997558873728849, 5187093.453328016214073 ], [ 634648.13583301694598, 5187090.870406027883291 ], [ 634633.618409139569849, 5187081.098907110281289 ], [ 634627.795534399338067, 5187073.459595518186688 ], [ 634621.9794088244671, 5187065.42354347743094 ], [ 634620.957917435094714, 5187055.484778982587159 ], [ 634620.648916596546769, 5187050.320401033386588 ], [ 634619.922927374253049, 5187046.33949588611722 ], [ 634619.627424834645353, 5187040.381636609323323 ], [ 634617.738210283801891, 5187034.793521210551262 ], [ 634614.652024438255467, 5187029.58189894631505 ], [ 634610.22713425452821, 5187033.078323752619326 ], [ 634611.584623954957351, 5187046.594503092579544 ], [ 634609.432190169696696, 5187056.479273551143706 ], [ 634599.896915757562965, 5187057.110773521475494 ], [ 634594.335797324427404, 5187057.413025045767426 ], [ 634583.260805240366608, 5187055.240343644283712 ], [ 634578.580908151692711, 5187050.398465438745916 ], [ 634585.541473778081127, 5187037.817501720041037 ], [ 634586.880178090650588, 5187029.109455284662545 ], [ 634595.346715608960949, 5187021.316375427879393 ], [ 634597.794651405885816, 5187017.38946405146271 ], [ 634595.111955321626738, 5187011.787850712426007 ], [ 634598.810855551273562, 5187004.310520936734974 ], [ 634600.882298037991859, 5186999.18663829844445 ], [ 634591.011025730404072, 5186996.240724667906761 ], [ 634584.131451372755691, 5187004.060801648534834 ], [ 634576.095400946680456, 5187009.876927686855197 ], [ 634570.426296024816111, 5187016.527029823511839 ], [ 634559.336344336974435, 5187038.56227617803961 ], [ 634552.738773677381687, 5187053.133691299706697 ], [ 634539.713825782411732, 5187048.94356120750308 ], [ 634527.872350821504369, 5187045.170419599860907 ], [ 634528.908803271595389, 5187030.90125710144639 ], [ 634529.118028122698888, 5187018.602299073711038 ], [ 634518.586798849282786, 5187031.122518604621291 ], [ 634516.118615807266906, 5187036.239650825038552 ], [ 634508.069067877484486, 5187042.849256351590157 ], [ 634496.956437903107144, 5187044.945934571325779 ], [ 634493.454189550015144, 5187051.891842472366989 ], [ 634485.332394761964679, 5187067.404671137221158 ], [ 634479.621575754834339, 5187077.950572070665658 ], [ 634469.054662339854985, 5187099.549688028171659 ], [ 634455.203727265587077, 5187121.982889724895358 ], [ 634434.974382183281705, 5187145.517518599517643 ], [ 634387.394874789984897, 5187182.076167438179255 ], [ 634364.163463705452159, 5187198.100104462355375 ], [ 634345.496338605182245, 5187215.621613906696439 ], [ 634326.524569798144512, 5187230.478077126666903 ], [ 634301.384322307887487, 5187246.439537041820586 ], [ 634285.434762559365481, 5187257.971187086775899 ], [ 634271.42738990613725, 5187268.098751862533391 ], [ 634246.486773204291239, 5187283.493633048608899 ], [ 634220.957166922162287, 5187294.128740004263818 ], [ 634213.795529500581324, 5187299.36062500718981 ], [ 634199.450368805555627, 5187314.578773853369057 ], [ 634195.233690376509912, 5187329.454004193656147 ], [ 634179.457093663047999, 5187347.044084588065743 ], [ 634176.772172219352797, 5187353.805894712917507 ], [ 634174.889933373313397, 5187359.409578691236675 ], [ 634176.745926244650036, 5187366.44385860580951 ], [ 634180.69308004330378, 5187367.701574495062232 ], [ 634185.447213405743241, 5187368.179308988153934 ], [ 634186.024708989891224, 5187380.888495505787432 ], [ 634183.939764722599648, 5187386.805851303972304 ], [ 634185.445731175364926, 5187391.593732258304954 ], [ 634190.17961592564825, 5187393.261687750928104 ], [ 634197.226446734392084, 5187398.937543023377657 ], [ 634200.682366580236703, 5187405.742873205803335 ], [ 634198.906417739810422, 5187416.824601843953133 ], [ 634191.246860640589148, 5187423.837684285826981 ], [ 634188.402372523676604, 5187432.139830363914371 ], [ 634204.793265278218314, 5187444.02995412889868 ], [ 634208.537930963793769, 5187457.18987850472331 ], [ 634211.495865339762531, 5187469.93956361245364 ], [ 634211.58887215773575, 5187487.799624789506197 ], [ 634211.830370575771667, 5187496.931400337256491 ], [ 634207.754973485250957, 5187503.211747870780528 ], [ 634209.52943526499439, 5187515.544444028288126 ], [ 634209.656188472756185, 5187531.420803852379322 ], [ 634208.599469961831346, 5187546.880174330435693 ], [ 634207.912492257542908, 5187563.933255442418158 ], [ 634203.708849357208237, 5187577.751666915602982 ], [ 634203.20411336934194, 5187584.092761123552918 ], [ 634200.075944771757349, 5187604.676005591638386 ], [ 634194.167364043532871, 5187627.720977795310318 ], [ 634194.988056948059238, 5187636.459146847948432 ], [ 634199.478939102380536, 5187652.409722054377198 ], [ 634192.067585333017632, 5187668.157902531325817 ], [ 634192.672119493130594, 5187679.280107320286334 ], [ 634190.560536252916791, 5187694.443588685244322 ], [ 634194.096476973500103, 5187700.562838810496032 ], [ 634213.92398520547431, 5187723.769702513702214 ], [ 634231.836543437442742, 5187743.917210360988975 ], [ 634247.368659671046771, 5187764.024220511317253 ], [ 634258.731874860706739, 5187782.971068739891052 ], [ 634266.196553605608642, 5187789.666116335429251 ], [ 634279.165621918509714, 5187807.822408262640238 ], [ 634282.883276403066702, 5187822.56929970625788 ], [ 634284.294738249969669, 5187832.91154795512557 ], [ 634284.919469163636677, 5187842.843555961735547 ], [ 634273.136949260020629, 5187835.807763423770666 ], [ 634268.398472628206946, 5187846.850805493071675 ], [ 634253.913351272465661, 5187858.509940966963768 ], [ 634238.715699498308823, 5187865.394800913520157 ], [ 634216.484687795164064, 5187865.810327978804708 ], [ 634199.230652268626727, 5187853.611094612628222 ], [ 634183.293575431103818, 5187857.308439298532903 ], [ 634173.82582900475245, 5187853.972524113021791 ], [ 634184.303003909415565, 5187844.626276749186218 ], [ 634211.510886549483985, 5187831.596085744909942 ], [ 634237.232961562578566, 5187812.58782422542572 ], [ 634243.084361895453185, 5187795.22578695230186 ], [ 634224.207572914892808, 5187781.105420099571347 ], [ 634213.982088196906261, 5187779.650141659192741 ], [ 634184.126785684609786, 5187761.680611400865018 ], [ 634175.641565881320275, 5187747.249395347200334 ], [ 634160.781413870863616, 5187734.297237880527973 ], [ 634145.033236003248021, 5187726.885882317088544 ], [ 634134.880058280890808, 5187717.188641561195254 ], [ 634131.182608218863606, 5187701.251567049883306 ], [ 634113.955570599646308, 5187687.465385933406651 ], [ 634103.923790168017149, 5187670.626786912791431 ], [ 634101.033365958486684, 5187653.909785771742463 ], [ 634096.366991543676704, 5187648.274387476965785 ], [ 634094.22949741280172, 5187633.95127157215029 ], [ 634093.800556541304104, 5187612.513798374682665 ], [ 634094.232541350414976, 5187587.122380404733121 ], [ 634097.768155847559683, 5187584.348180481232703 ], [ 634097.258827557670884, 5187580.713205528445542 ], [ 634100.910599554190412, 5187565.950910623185337 ], [ 634096.216397146810777, 5187553.244387995451689 ], [ 634092.594523292966187, 5187543.440503519028425 ], [ 634074.239500891417265, 5187502.649057686328888 ], [ 634065.889166473876685, 5187480.28306298237294 ], [ 634049.901026412961073, 5187440.325547972694039 ], [ 634051.757966434117407, 5187424.482974066399038 ], [ 634058.510868476703763, 5187400.786609998904169 ], [ 634061.095557271270081, 5187396.698554061353207 ], [ 634069.93004885816481, 5187382.72553816344589 ], [ 634078.295010905363597, 5187370.629089646041393 ], [ 634077.264679547864944, 5187363.310444627888501 ], [ 634094.109689078293741, 5187353.853530528955162 ], [ 634106.333915196591988, 5187343.634040955454111 ], [ 634121.783776139607653, 5187337.893194561824203 ], [ 634128.774170293356292, 5187334.733289511874318 ], [ 634124.218394001480192, 5187335.273472482338548 ], [ 634109.206266095163301, 5187337.427034540101886 ], [ 634101.956435176311061, 5187335.681982821784914 ], [ 634080.585298471385613, 5187342.868012839928269 ], [ 634062.713899929774925, 5187359.463089663535357 ], [ 634044.694336163578555, 5187385.355155198834836 ], [ 634041.399834352661856, 5187391.215411496348679 ], [ 634033.836305962991901, 5187404.66940694861114 ], [ 634031.738035926828161, 5187409.358883234672248 ], [ 634013.80571984348353, 5187449.436259845271707 ], [ 634004.616839248454198, 5187481.138253827579319 ], [ 634000.457499253330752, 5187506.386157656088471 ], [ 633994.136950578773394, 5187532.887224644422531 ], [ 633988.959035587729886, 5187565.107429791241884 ], [ 633986.30186923535075, 5187624.900067808106542 ], [ 633978.197650522226468, 5187683.948067549616098 ], [ 633975.381382444873452, 5187740.58996261190623 ], [ 633965.209998603677377, 5187800.810925064608455 ], [ 633961.23700031475164, 5187831.5617032982409 ], [ 633954.307241323520429, 5187864.482058337889612 ], [ 633943.598714578896761, 5187900.867934693582356 ], [ 633931.328986269654706, 5187927.337769884616137 ], [ 633912.605834129382856, 5187951.677912386134267 ], [ 633892.452175224898383, 5187967.824146708473563 ], [ 633853.281453163013794, 5187989.146531620062888 ], [ 633824.29605109943077, 5187999.669088868424296 ], [ 633776.526454712147824, 5188018.795574234798551 ], [ 633701.023866800474934, 5188048.252725402824581 ], [ 633609.535993120633066, 5188101.415501455776393 ], [ 633556.013657865347341, 5188127.110726552084088 ], [ 633490.856206147233024, 5188148.101323371753097 ], [ 633447.947003493085504, 5188155.830792213790119 ], [ 633379.745921801892109, 5188159.672820082865655 ], [ 633309.806893420987763, 5188163.329884794540703 ], [ 633251.25565453490708, 5188154.83917820174247 ], [ 633176.663939303602092, 5188141.203821966424584 ], [ 633132.538550704251975, 5188132.065316610969603 ], [ 633063.985780657152645, 5188137.603567434474826 ], [ 633007.958957684808411, 5188140.936370742507279 ], [ 632933.75496048736386, 5188150.439341172575951 ], [ 632901.357456554891542, 5188158.602434463799 ], [ 632874.940370709169656, 5188166.880279063247144 ], [ 632829.72624435974285, 5188174.910497294738889 ], [ 632790.113957746187225, 5188192.805481685325503 ], [ 632756.425048714503646, 5188200.491821230389178 ], [ 632714.246452028513886, 5188204.073932776227593 ], [ 632685.942638231441379, 5188201.840455108322203 ], [ 632658.390222302870825, 5188200.715500987134874 ], [ 632640.65152229112573, 5188200.944355960935354 ], [ 632605.341528682503849, 5188202.506152300164104 ], [ 632582.57591988495551, 5188205.473317944444716 ], [ 632557.679392843041569, 5188211.469454118050635 ], [ 632524.835083784302697, 5188222.409975247457623 ], [ 632477.063459270400926, 5188237.356271773576736 ], [ 632423.839296230464242, 5188270.688745331950486 ], [ 632355.030116468435153, 5188304.9559664465487 ], [ 632308.028121724375524, 5188328.596747572533786 ], [ 632265.736812788294628, 5188346.663297265768051 ], [ 632220.148918621009216, 5188366.597342079505324 ], [ 632185.320440451265313, 5188379.55396313033998 ], [ 632162.700228751637042, 5188390.643924148753285 ], [ 632138.319641373003833, 5188403.131249258294702 ], [ 632108.600376422633417, 5188420.366157254204154 ], [ 632070.154445073800161, 5188437.957748574204743 ], [ 632036.459091060329229, 5188454.994104837998748 ], [ 632001.642136218724772, 5188474.103053326718509 ], [ 631978.203160957898945, 5188487.715225954540074 ], [ 631953.576901462161914, 5188503.064193488098681 ], [ 631932.656588700599968, 5188517.821954743936658 ], [ 631910.946777830831707, 5188535.256225133314729 ], [ 631890.754979335935786, 5188549.587604482658207 ], [ 631864.34341373317875, 5188566.171413701958954 ], [ 631836.204127260367386, 5188579.741796087473631 ], [ 631808.228450573747978, 5188594.274904618039727 ], [ 631776.415002361754887, 5188610.388613578863442 ], [ 631756.868030151585117, 5188618.569515451788902 ], [ 631730.061309548327699, 5188632.572540889494121 ], [ 631698.268379611079581, 5188641.081037107855082 ], [ 631684.018652898957953, 5188647.578175460919738 ], [ 631651.22061542479787, 5188657.900759717449546 ], [ 631624.38067907304503, 5188664.271460874937475 ], [ 631574.155417493544519, 5188676.042703580111265 ], [ 631486.428588300012052, 5188693.513153752312064 ], [ 631378.329008869593963, 5188709.142726511694491 ], [ 631327.97651941049844, 5188721.805138072930276 ], [ 631319.14160367124714, 5188729.764323463663459 ], [ 631315.400197338312864, 5188747.489604032598436 ], [ 631313.479634343646467, 5188763.39597743935883 ], [ 631302.331228449009359, 5188787.434837768785655 ], [ 631291.586081448360346, 5188818.92011643666774 ], [ 631276.399105179938488, 5188847.384385935030878 ], [ 631254.301311938092113, 5188881.961686669848859 ], [ 631232.197304474771954, 5188913.525157434865832 ], [ 631187.826900174375623, 5188973.449216295033693 ], [ 631173.966811113525182, 5188988.240869584493339 ], [ 631153.633368992246687, 5189006.431358298286796 ], [ 631125.814452578895725, 5189033.496329470537603 ], [ 631085.001284483354539, 5189065.487369804643095 ], [ 631048.347755433642305, 5189090.574605808593333 ], [ 631019.093663393286988, 5189103.845969595946372 ], [ 630991.310741405934095, 5189122.332053692080081 ], [ 630935.828634390491061, 5189153.795971406623721 ], [ 630908.283199785044417, 5189178.975085511803627 ], [ 630896.672916442505084, 5189191.114268761128187 ], [ 630885.455686151166447, 5189206.445547348819673 ], [ 630878.960722133866511, 5189225.563859982416034 ], [ 630884.047892981092446, 5189290.936482432298362 ], [ 630888.915172887267545, 5189327.269519343040884 ], [ 630889.334355678060092, 5189348.122992979362607 ], [ 630891.121282960753888, 5189386.491085262037814 ], [ 630893.168818851467222, 5189419.533934850245714 ], [ 630902.735972881549969, 5189451.984794274903834 ], [ 630913.433822317747399, 5189480.865113815292716 ], [ 630916.298195613198914, 5189508.802175583317876 ], [ 630914.251633144100197, 5189535.39544037822634 ], [ 630914.064012105460279, 5189542.32250168826431 ], [ 630918.7815438733669, 5189573.828518260270357 ], [ 630922.418074442772195, 5189575.918536362238228 ], [ 630941.755755643127486, 5189590.235522609204054 ], [ 630972.806214175070636, 5189610.957722262479365 ], [ 631001.03674697666429, 5189642.643873172812164 ], [ 631023.233986566890962, 5189661.441921128891408 ], [ 631051.478162329294719, 5189684.01225885655731 ], [ 631079.740900358418003, 5189698.852379047311842 ], [ 631096.434943603700958, 5189708.721008107066154 ], [ 631110.174586155917495, 5189715.691629626788199 ], [ 631123.120111668249592, 5189724.364134468138218 ], [ 631134.731009656214155, 5189727.673779946751893 ], [ 631149.626934685860761, 5189731.919810939580202 ], [ 631165.136017331387848, 5189739.895692622289062 ] ], [ [ 633250.053619736456312, 5190903.553915336728096 ], [ 633238.399052757653408, 5190888.80422053206712 ], [ 633263.995768339140341, 5190900.484110251069069 ], [ 633276.39035292819608, 5190910.616436755284667 ], [ 633279.448902671807446, 5190925.219817966222763 ], [ 633270.011572330491617, 5190935.641960549168289 ], [ 633256.226994123193435, 5190929.45451567787677 ], [ 633255.779607887379825, 5190916.879851570352912 ], [ 633250.053619736456312, 5190903.553915336728096 ] ], [ [ 632813.093609360745177, 5190632.93613426014781 ], [ 632784.7056804751046, 5190629.807263549417257 ], [ 632765.116341492859647, 5190614.922539669089019 ], [ 632768.053883663378656, 5190597.775544953532517 ], [ 632793.988212595926598, 5190589.618463100865483 ], [ 632819.90003411564976, 5190582.783842897042632 ], [ 632845.609276827191934, 5190587.851386847905815 ], [ 632859.97629626467824, 5190598.678687937557697 ], [ 632873.535775720607489, 5190618.09074395801872 ], [ 632848.318945145932958, 5190622.952923125587404 ], [ 632834.286776781082153, 5190631.312585736624897 ], [ 632813.093609360745177, 5190632.93613426014781 ] ], [ [ 631595.642026168992743, 5190813.947797848843038 ], [ 631598.098414958803914, 5190786.209930784069002 ], [ 631612.16150501742959, 5190814.890397300943732 ], [ 631624.713608246529475, 5190815.765467988327146 ], [ 631648.506611841032282, 5190816.831870503723621 ], [ 631663.278690744074993, 5190836.244954177178442 ], [ 631669.651892630383372, 5190856.877045592293143 ], [ 631675.062722381670028, 5190888.717352910898626 ], [ 631670.251222846563905, 5190938.242031105794013 ], [ 631657.853871368337423, 5190967.133535152301192 ], [ 631646.455400301143527, 5190976.199410686269403 ], [ 631634.733352106530219, 5190965.417149354703724 ], [ 631626.384981043287553, 5190950.723787670023739 ], [ 631612.186840376700275, 5190929.978067485615611 ], [ 631607.257164857117459, 5190908.728688901290298 ], [ 631612.772098678746261, 5190895.594141762703657 ], [ 631615.183473651763052, 5190870.501191426068544 ], [ 631613.661705615231767, 5190848.451854825951159 ], [ 631595.642026168992743, 5190813.947797848843038 ] ], [ [ 635081.735220471280627, 5190297.287190518341959 ], [ 635075.098661479423754, 5190290.824542123824358 ], [ 635077.641166289802641, 5190281.343271480873227 ], [ 635089.583912933827378, 5190279.165398013778031 ], [ 635104.626311911619268, 5190281.405695717781782 ], [ 635115.654033377068117, 5190286.355656890198588 ], [ 635122.34461263671983, 5190289.644377091899514 ], [ 635124.838197586825117, 5190306.354770373553038 ], [ 635124.730158238206059, 5190312.702627968974411 ], [ 635113.170646533020772, 5190315.680735256522894 ], [ 635102.573428889620118, 5190308.75382038205862 ], [ 635095.183902280637994, 5190299.897220129147172 ], [ 635081.735220471280627, 5190297.287190518341959 ] ], [ [ 631897.107868346734904, 5189873.07567163836211 ], [ 631867.05317970062606, 5189867.840485804714262 ], [ 631853.963622527662665, 5189859.680663473904133 ], [ 631882.369424991193227, 5189852.982202586717904 ], [ 631865.4295936973067, 5189846.647372561506927 ], [ 631880.089181953691877, 5189840.282645098865032 ], [ 631898.637377448845655, 5189838.614045303314924 ], [ 631917.095548156416044, 5189842.235284428112209 ], [ 631936.271215679589659, 5189842.561627530492842 ], [ 631961.40920703264419, 5189842.328019630163908 ], [ 631973.187561307218857, 5189849.804107175208628 ], [ 631989.572019406827167, 5189858.681427832692862 ], [ 631974.878667086013593, 5189867.029846276156604 ], [ 631947.666958979447372, 5189872.519532332196832 ], [ 631936.45980979281012, 5189870.344537157565355 ], [ 631911.430945406784303, 5189870.938314530998468 ], [ 631897.107868346734904, 5189873.07567163836211 ] ], [ [ 631775.123544235248119, 5189835.28291697986424 ], [ 631756.59676606580615, 5189828.921081787906587 ], [ 631764.722825693199411, 5189817.815216237679124 ], [ 631751.644523978116922, 5189808.994168032892048 ], [ 631756.50944727868773, 5189795.187118085101247 ], [ 631785.828614614671096, 5189782.457662333734334 ], [ 631835.06553164543584, 5189770.702731911092997 ], [ 631833.099399698199704, 5189763.248677330091596 ], [ 631842.379662880674005, 5189754.278999068774283 ], [ 631857.1197307521943, 5189750.958176204003394 ], [ 631862.63355012354441, 5189753.43312915135175 ], [ 631877.071406461996958, 5189744.551223766990006 ], [ 631888.960040031932294, 5189745.547254426404834 ], [ 631893.639873040141538, 5189750.389131288044155 ], [ 631895.495277713867836, 5189757.960910749621689 ], [ 631884.634813424549066, 5189766.506844810210168 ], [ 631879.779432613868266, 5189771.980153132230043 ], [ 631865.005604439997114, 5189777.284664801321924 ], [ 631857.877826221287251, 5189776.369655570946634 ], [ 631855.819866342935711, 5189780.700012848712504 ], [ 631852.941423201467842, 5189786.603817812167108 ], [ 631855.240828009089455, 5189791.405183466151357 ], [ 631871.520585126942024, 5189790.888534548692405 ], [ 631882.300027162069455, 5189787.103456191718578 ], [ 631895.8296274098102, 5189784.952592340297997 ], [ 631904.483591151190922, 5189789.465250557288527 ], [ 631905.538767393678427, 5189797.420264565385878 ], [ 631896.305764995515347, 5189803.612777863629162 ], [ 631880.650685361702926, 5189814.061377421952784 ], [ 631871.451442793942988, 5189818.270200518891215 ], [ 631861.902725832303986, 5189819.695106401108205 ], [ 631849.624107290059328, 5189818.29558384232223 ], [ 631841.621830892050639, 5189822.12792438454926 ], [ 631836.746194116654806, 5189828.791444988921285 ], [ 631823.841273398138583, 5189840.874256812036037 ], [ 631807.104013019008562, 5189844.954792107455432 ], [ 631788.955352084944025, 5189838.693136471323669 ], [ 631775.123544235248119, 5189835.28291697986424 ] ], [ [ 631675.940717972815037, 5189787.863171603530645 ], [ 631661.931114391423762, 5189794.900380368344486 ], [ 631648.067801818018779, 5189793.341605928726494 ], [ 631632.972055747988634, 5189786.470490039326251 ], [ 631658.133856208878569, 5189772.176620968617499 ], [ 631611.688542474992573, 5189772.973605032078922 ], [ 631601.488145415321924, 5189766.053517409600317 ], [ 631588.059832860017195, 5189762.253316291607916 ], [ 631581.254526902572252, 5189765.709173408336937 ], [ 631564.584795873844996, 5189765.822333603166044 ], [ 631552.326441774377599, 5189763.232601071707904 ], [ 631544.47946414235048, 5189757.939975976012647 ], [ 631527.43325259280391, 5189756.856172024272382 ], [ 631503.662759172148071, 5189754.467374472878873 ], [ 631512.868744424777105, 5189749.861816196702421 ], [ 631524.387636914500035, 5189749.264144057407975 ], [ 631531.979665060644038, 5189746.218528344295919 ], [ 631542.308345385128632, 5189745.60060060955584 ], [ 631556.241423313040286, 5189743.059751372784376 ], [ 631573.30789159052074, 5189742.953342049382627 ], [ 631583.683835702715442, 5189739.558250966481864 ], [ 631592.432318686274812, 5189738.516578113660216 ], [ 631600.475100165815093, 5189732.303812555037439 ], [ 631613.631865506409667, 5189732.014858066104352 ], [ 631623.271444327896461, 5189721.976749446243048 ], [ 631638.394737928058021, 5189719.456154281273484 ], [ 631653.11454260465689, 5189717.325544803403318 ], [ 631666.61037575697992, 5189717.158368202857673 ], [ 631682.473132017068565, 5189717.82517777942121 ], [ 631696.762441604631022, 5189717.671504784375429 ], [ 631708.173310541082174, 5189723.421635075472295 ], [ 631709.658984386129305, 5189729.399708191864192 ], [ 631733.134029577835463, 5189725.830687485635281 ], [ 631727.444664784474298, 5189733.670917077921331 ], [ 631703.626896654022858, 5189734.059283699840307 ], [ 631684.878946540527977, 5189739.693013976328075 ], [ 631703.294965300476179, 5189748.690412004478276 ], [ 631704.486270493478514, 5189753.519687471911311 ], [ 631715.333960714517161, 5189750.234927857294679 ], [ 631720.245387797011063, 5189750.865028365515172 ], [ 631734.000155698740855, 5189744.894354935735464 ], [ 631739.269692917354405, 5189744.482840115204453 ], [ 631763.090297842281871, 5189737.849220435135067 ], [ 631771.933310160413384, 5189731.253218059428036 ], [ 631775.429680392495357, 5189735.678100082091987 ], [ 631768.139859974151477, 5189744.284798629581928 ], [ 631782.422420800779946, 5189744.527864363975823 ], [ 631812.225020272657275, 5189742.257086573168635 ], [ 631816.050610266276635, 5189750.65609928034246 ], [ 631796.071930147823878, 5189758.650001699104905 ], [ 631788.412378436885774, 5189765.662997202947736 ], [ 631790.321797166368924, 5189770.060872299596667 ], [ 631777.215945781441405, 5189770.631536789238453 ], [ 631764.405554788652807, 5189777.160019796341658 ], [ 631756.060557585791685, 5189777.81170631852001 ], [ 631751.38072651065886, 5189772.96983081381768 ], [ 631748.772358297253959, 5189763.004123732447624 ], [ 631741.57706366898492, 5189766.056492605246603 ], [ 631732.303554427344352, 5189774.629430595785379 ], [ 631718.281914575374685, 5189787.260911711491644 ], [ 631687.229327919660136, 5189783.348201071843505 ], [ 631675.940717972815037, 5189787.863171603530645 ] ], [ [ 631443.447214995627292, 5189727.250347348861396 ], [ 631439.297541517298669, 5189737.894740705378354 ], [ 631445.954304934013635, 5189743.167108558118343 ], [ 631459.039889978710562, 5189743.786656024865806 ], [ 631470.249817010480911, 5189738.024644615128636 ], [ 631483.254381068749353, 5189743.405041974037886 ], [ 631489.514407622860745, 5189748.670658675953746 ], [ 631481.902124783606268, 5189752.906486528925598 ], [ 631470.779971012496389, 5189753.510910328477621 ], [ 631452.563805622630753, 5189751.21663888450712 ], [ 631437.918278227443807, 5189748.983134062029421 ], [ 631421.282312283059582, 5189747.11260774359107 ], [ 631408.701494979090057, 5189740.152013210579753 ], [ 631407.344106663367711, 5189726.635933452285826 ], [ 631420.954712071223184, 5189719.724220750853419 ], [ 631435.996976479422301, 5189721.964476196095347 ], [ 631443.447214995627292, 5189727.250347348861396 ] ], [ [ 631090.020296916482039, 5189495.243926801718771 ], [ 631100.470524330507033, 5189487.484641328454018 ], [ 631106.818305882159621, 5189487.592666017822921 ], [ 631125.956171861034818, 5189482.362481065094471 ], [ 631138.705848136218265, 5189479.404641032218933 ], [ 631150.359002755023539, 5189477.368584333918989 ], [ 631150.991838710615411, 5189476.794288707897067 ], [ 631169.300550243235193, 5189470.342264490202069 ], [ 631182.448754566721618, 5189473.280854187905788 ], [ 631188.551459799520671, 5189476.508521607145667 ], [ 631207.395117720705457, 5189488.919476046226919 ], [ 631203.100399140035734, 5189500.434698634780943 ], [ 631199.645566848339513, 5189500.818878769874573 ], [ 631196.963831430533901, 5189507.381947452202439 ], [ 631172.285104195121676, 5189511.724186464212835 ], [ 631157.060535309254192, 5189520.195876572281122 ], [ 631145.789878349285573, 5189529.52850550878793 ], [ 631133.094214177923277, 5189529.31245307251811 ], [ 631128.508917924249545, 5189518.916338640265167 ], [ 631120.736229957779869, 5189509.259534698911011 ], [ 631106.507733633858152, 5189505.842587648890913 ], [ 631095.480134706594981, 5189500.892707983963192 ], [ 631090.020296916482039, 5189495.243926801718771 ] ], [ [ 635679.133701847749762, 5187777.139253371395171 ], [ 635680.271432754816487, 5187756.918926246464252 ], [ 635687.694776392541826, 5187763.791784271597862 ], [ 635695.803604188840836, 5187777.026010013185441 ], [ 635697.147572272922844, 5187791.335711901076138 ], [ 635699.762764896149747, 5187800.904763147234917 ], [ 635705.538391226204112, 5187811.321297929622233 ], [ 635713.344976134365425, 5187818.994390876032412 ], [ 635719.208352325716987, 5187824.253283601254225 ], [ 635721.003060715971515, 5187835.395802526734769 ], [ 635721.648043708410114, 5187844.137620990164578 ], [ 635723.940743852057494, 5187849.335763887502253 ], [ 635728.122652170946822, 5187860.122041575610638 ], [ 635728.007901367265731, 5187866.866651359945536 ], [ 635720.58455876680091, 5187859.993790738284588 ], [ 635709.261299078352749, 5187849.086012662388384 ], [ 635701.952706894022413, 5187835.468543339520693 ], [ 635693.90463094972074, 5187818.663640744052827 ], [ 635684.666329292580485, 5187801.838488868437707 ], [ 635684.862078697187826, 5187790.332979254424572 ], [ 635679.785436018835753, 5187785.484329120256007 ], [ 635679.133701847749762, 5187777.139253371395171 ] ], [ [ 636251.296689337934367, 5192037.162548498250544 ], [ 636239.313373512588441, 5192041.720828578807414 ], [ 636221.211826180107892, 5192032.681808079592884 ], [ 636215.39753161277622, 5192001.231111763976514 ], [ 636218.203495871392079, 5191976.276881550438702 ], [ 636227.867144497809932, 5191968.107395545579493 ], [ 636239.555028786649927, 5191957.591226742602885 ], [ 636248.039747972274199, 5191953.543255619704723 ], [ 636248.244582304963842, 5191936.705727867782116 ], [ 636252.865401799092069, 5191921.70382004417479 ], [ 636257.00167567434255, 5191911.852806223556399 ], [ 636253.216613557655364, 5191901.073226567357779 ], [ 636251.059044241439551, 5191887.940210236236453 ], [ 636261.509422233095393, 5191880.180971696041524 ], [ 636282.976370645337738, 5191876.439372511580586 ], [ 636285.281930488883518, 5191859.155380584299564 ], [ 636296.156067110714503, 5191849.81592574249953 ], [ 636305.596832707640715, 5191854.738928871229291 ], [ 636314.129295518621802, 5191866.393042339943349 ], [ 636317.267717140959576, 5191891.845332405529916 ], [ 636309.910226667067036, 5191904.419511071406305 ], [ 636307.374429549789056, 5191913.504058102145791 ], [ 636295.642240035813302, 5191923.99643178191036 ], [ 636297.90489965560846, 5191933.582567921839654 ], [ 636295.993733693496324, 5191952.599178302101791 ], [ 636288.670012339483947, 5191963.189644099213183 ], [ 636275.9307534720283, 5191981.05517497099936 ], [ 636272.627100210287608, 5191983.980793720111251 ], [ 636267.350494470214471, 5192003.306133542209864 ], [ 636257.820173376239836, 5192026.95531886536628 ], [ 636251.296689337934367, 5192037.162548498250544 ] ] ] ] } }
]
}
