{
"type": "FeatureCollection",
"crs": { "type": "name", "properties": { "name": "urn:ogc:def:crs:EPSG::25832" } },
"features": [
{ "type": "Feature", "properties": { "Gletsche_1": "Gepatsch Ferner", "id": 7022, "Year": 2006.0 }, "geometry": { "type": "Polygon", "coordinates": [ [ [ 634402.486469064722769, 5193036.756975587457418 ], [ 634433.67538888589479, 5193023.001252682879567 ], [ 634465.603800696553662, 5193012.432855490595102 ], [ 634484.741872729733586, 5193007.202796227298677 ], [ 634507.914945562253706, 5192998.072742027230561 ], [ 634545.465216484386474, 5192983.631664507091045 ], [ 634581.374492676579393, 5192972.337381719611585 ], [ 634608.62309702578932, 5192956.927139015868306 ], [ 634639.207743482431397, 5192932.049080212600529 ], [ 634654.635066566290334, 5192911.67530201934278 ], [ 634681.211734766606241, 5192889.110174983739853 ], [ 634708.881426366278902, 5192872.278364799916744 ], [ 634730.548607574542984, 5192858.360499519854784 ], [ 634755.403219364350662, 5192843.703142585232854 ], [ 634773.923404283123091, 5192828.144173382781446 ], [ 634794.891725623281673, 5192808.658485523425043 ], [ 634814.444228585809469, 5192783.751362537965178 ], [ 634847.220133630093187, 5192770.022525440901518 ], [ 634864.099419297650456, 5192757.610551426187158 ], [ 634884.085077756433748, 5192749.219965361058712 ], [ 634904.958734164712951, 5192735.288576811552048 ], [ 634917.063631689175963, 5192723.58897165954113 ], [ 634934.050995986792259, 5192704.829152509570122 ], [ 634951.285837190807797, 5192685.517873129807413 ], [ 634962.583694064873271, 5192674.598284863866866 ], [ 634992.158665701048449, 5192662.402456059120595 ], [ 635011.472483169520274, 5192646.857081328518689 ], [ 635031.701317531056702, 5192624.1838408280164 ], [ 635047.020566403516568, 5192610.157773677259684 ], [ 635068.782323707011528, 5192590.685469721443951 ], [ 635089.105722496053204, 5192562.457910031080246 ], [ 635109.307537419721484, 5192541.371621828526258 ], [ 635136.758801340940408, 5192514.059071526862681 ], [ 635162.447385111125186, 5192497.034695046953857 ], [ 635178.749292187858373, 5192471.913499752990901 ], [ 635206.967068606289104, 5192446.201411287300289 ], [ 635225.47374920535367, 5192431.435936870984733 ], [ 635255.454006380168721, 5192395.435558861121535 ], [ 635276.354787984280847, 5192379.917179042473435 ], [ 635293.517768871039152, 5192350.842027358710766 ], [ 635315.038351763505489, 5192327.598176994360983 ], [ 635315.609935246407986, 5192316.555352762341499 ], [ 635318.655836407095194, 5192311.207474767230451 ], [ 635328.546600627712905, 5192314.070730523206294 ], [ 635339.273137521697208, 5192321.584987099282444 ], [ 635341.694375153048895, 5192326.673959883861244 ], [ 635351.866231037070975, 5192326.18316694162786 ], [ 635357.526285915519111, 5192310.951282301917672 ], [ 635373.644781562150456, 5192304.591022753156722 ], [ 635387.105904860887676, 5192297.320563958026469 ], [ 635396.41531665425282, 5192272.718269869685173 ], [ 635401.888074265792966, 5192253.040412095375359 ], [ 635403.199103560065851, 5192233.769678481854498 ], [ 635404.969671458820812, 5192217.872603081166744 ], [ 635423.041957102250308, 5192199.713181398808956 ], [ 635428.256687796092592, 5192190.72740445099771 ], [ 635427.37518241989892, 5192172.140307322144508 ], [ 635436.547555425553583, 5192161.63698423653841 ], [ 635448.432125745108351, 5192157.516524074599147 ], [ 635455.876284915022552, 5192149.497655271552503 ], [ 635468.001788965426385, 5192152.839931556023657 ], [ 635474.459745674277656, 5192154.480299741961062 ], [ 635485.066560230334289, 5192130.196770006790757 ], [ 635498.329618734540418, 5192097.086592907086015 ], [ 635515.720880825538188, 5192054.601553799584508 ], [ 635512.266742776613683, 5192024.381621624343097 ], [ 635522.24790033721365, 5191997.565358021296561 ], [ 635529.875480425893329, 5191969.121503258123994 ], [ 635543.929356033564545, 5191936.183572295121849 ], [ 635550.10515005455818, 5191899.777886500582099 ], [ 635559.616862366790883, 5191853.904452965594828 ], [ 635565.671077138278633, 5191824.640147191472352 ], [ 635566.211392476223409, 5191792.9008903875947 ], [ 635567.50471420167014, 5191763.555536415427923 ], [ 635563.594716021907516, 5191713.485008679330349 ], [ 635564.270100481342524, 5191673.810837650671601 ], [ 635552.42537507833913, 5191623.605337638407946 ], [ 635533.159112138906494, 5191543.112374536693096 ], [ 635518.758283550152555, 5191503.181567038409412 ], [ 635521.947761926217936, 5191455.692480368539691 ], [ 635530.125804672949016, 5191441.544889325276017 ], [ 635547.933582720230334, 5191421.211430351249874 ], [ 635561.665944906882942, 5191407.158386440016329 ], [ 635590.428877076832578, 5191410.029089515097439 ], [ 635616.600309650646523, 5191411.268356044776738 ], [ 635645.030575654935092, 5191419.68942756857723 ], [ 635675.034398817108013, 5191428.93104790430516 ], [ 635706.584566886303946, 5191440.580077409744263 ], [ 635727.107135136378929, 5191447.27911935094744 ], [ 635747.562067545368336, 5191457.945619239471853 ], [ 635760.028253321768716, 5191471.650977027602494 ], [ 635766.051934247836471, 5191490.802598786540329 ], [ 635773.085162827395834, 5191497.272018062882125 ], [ 635777.670458470936865, 5191507.668375794775784 ], [ 635789.208038275246508, 5191529.295046739280224 ], [ 635801.579572161426768, 5191548.554729774594307 ], [ 635807.697801040718332, 5191562.152031277306378 ], [ 635816.061450955457985, 5191583.724675601348281 ], [ 635817.942169252084568, 5191613.124080172739923 ], [ 635823.992859339341521, 5191630.688742923550308 ], [ 635834.254144734703004, 5191634.038269671611488 ], [ 635842.188964602421038, 5191634.173345169983804 ], [ 635848.44226686807815, 5191639.835829471237957 ], [ 635842.509630560176447, 5191661.958771008998156 ], [ 635833.538239874877036, 5191676.092963402159512 ], [ 635821.527899333508685, 5191682.238203523680568 ], [ 635816.482971807825379, 5191681.231966661289334 ], [ 635811.821527812629938, 5191686.551954260095954 ], [ 635805.301986514590681, 5191683.900092530995607 ], [ 635803.456432816921733, 5191687.403505251742899 ], [ 635807.848591264104471, 5191691.846064193174243 ], [ 635807.664845236809924, 5191695.884741959162056 ], [ 635815.64445506723132, 5191717.26656037196517 ], [ 635816.829493934172206, 5191720.961557145230472 ], [ 635810.676701171090826, 5191734.653152978047729 ], [ 635807.161679379525594, 5191739.011103061027825 ], [ 635802.077909158891998, 5191743.006263792514801 ], [ 635793.780053678201512, 5191747.837866839952767 ], [ 635793.389503040816635, 5191750.632083611562848 ], [ 635798.461963752866723, 5191756.5821522930637 ], [ 635797.827540448051877, 5191766.065895645879209 ], [ 635793.501715438207611, 5191778.285663816146553 ], [ 635790.112679194426164, 5191792.747272095642984 ], [ 635788.819511442212388, 5191807.915527008473873 ], [ 635795.86971602216363, 5191814.521134733222425 ], [ 635805.833129007602111, 5191822.868454656563699 ], [ 635811.693032142473385, 5191836.602556169033051 ], [ 635812.676536102197133, 5191851.783570352010429 ], [ 635814.519899614271708, 5191859.275592734105885 ], [ 635819.211590851773508, 5191875.198701669462025 ], [ 635824.049011087976396, 5191879.09586944617331 ], [ 635823.765145258745179, 5191884.25778887886554 ], [ 635827.328895049286075, 5191889.255220270715654 ], [ 635835.24739725899417, 5191903.594341358169913 ], [ 635840.237819460686296, 5191913.129843920469284 ], [ 635845.040175116155297, 5191916.91342084761709 ], [ 635852.7427146602422, 5191921.735322743654251 ], [ 635863.611040911753662, 5191936.252656730823219 ], [ 635870.004222805728205, 5191944.271114653907716 ], [ 635872.669292954145931, 5191955.595944318920374 ], [ 635874.114374391268939, 5191960.697302157059312 ], [ 635878.777225397410803, 5191962.337607562541962 ], [ 635895.324238165630959, 5191975.212700703181326 ], [ 635899.486737213446759, 5191983.80615540780127 ], [ 635912.768180471030064, 5191987.267104205675423 ], [ 635914.65025354991667, 5191978.740553670562804 ], [ 635917.526680315029807, 5191979.588483771309257 ], [ 635926.248489107470959, 5191987.563590018078685 ], [ 635933.949822638416663, 5191996.509276835247874 ], [ 635932.703435431816615, 5192011.572338091209531 ], [ 635930.016116893617436, 5192016.121369563043118 ], [ 635933.573982042842545, 5192033.388117518275976 ], [ 635941.714723814628087, 5192048.24100440274924 ], [ 635946.705032778671011, 5192037.342484281398356 ], [ 635938.646499283146113, 5192026.118823806755245 ], [ 635940.733870367286727, 5192017.456774537451565 ], [ 635948.927996137877926, 5192007.734742534346879 ], [ 635963.658291079569608, 5192005.561627636663616 ], [ 635964.639669403550215, 5191996.784753831103444 ], [ 635966.152845428907312, 5191996.241541323252022 ], [ 635981.708049187203869, 5192002.001092072576284 ], [ 635999.046598560642451, 5192010.084893923252821 ], [ 636006.759869681787677, 5192023.439576337113976 ], [ 636007.400520155904815, 5192040.374677968211472 ], [ 636007.602588735288009, 5192063.630012242123485 ], [ 636025.733301604865119, 5192079.983910984359682 ], [ 636031.581639421288855, 5192097.157663607038558 ], [ 636040.57005094201304, 5192102.688429671339691 ], [ 636038.2438919339329, 5192110.69244652800262 ], [ 636045.268912700470537, 5192116.23988517280668 ], [ 636052.489677358185872, 5192116.362813937477767 ], [ 636065.911384747014381, 5192120.559921528212726 ], [ 636080.099507931037806, 5192126.357501937076449 ], [ 636086.217723040259443, 5192139.954721678048372 ], [ 636084.401111482293345, 5192153.416955895721912 ], [ 636073.062710226746276, 5192166.717086589895189 ], [ 636053.144548311596736, 5192171.140264574438334 ], [ 636037.411962850717828, 5192173.350607857108116 ], [ 636031.729922103811987, 5192178.784311390481889 ], [ 636025.655835955752991, 5192191.493294441141188 ], [ 636012.995803399593569, 5192208.563941592350602 ], [ 636002.922499523498118, 5192217.479015724733472 ], [ 635993.431609624298289, 5192219.437336302362382 ], [ 635987.400609877659008, 5192227.207286203280091 ], [ 635974.388705235440284, 5192231.3495556358248 ], [ 635967.224960410851054, 5192228.887707046233118 ], [ 635965.946286745020188, 5192217.007503229193389 ], [ 635962.45695544150658, 5192209.988430520519614 ], [ 635957.172361335600726, 5192205.691663124598563 ], [ 635942.686500709038228, 5192216.061541118659079 ], [ 635939.706642178352922, 5192214.886863887310028 ], [ 635939.728597479057498, 5192206.842621568590403 ], [ 635936.796183613361791, 5192197.536140299402177 ], [ 635933.095123263541609, 5192199.7820212142542 ], [ 635930.687492076656781, 5192204.054826422594488 ], [ 635929.668653185362928, 5192203.989483434706926 ], [ 635931.257210163166746, 5192214.466029026545584 ], [ 635936.328452576650307, 5192218.079196492210031 ], [ 635936.136355918599293, 5192223.136684575118124 ], [ 635930.821990370284766, 5192224.935119406320155 ], [ 635930.284894043114036, 5192232.871596191078424 ], [ 635923.489841625560075, 5192235.771768890321255 ], [ 635925.569100189255551, 5192243.738788731396198 ], [ 635934.832891005091369, 5192257.997828518040478 ], [ 635940.918491581105627, 5192264.465130350552499 ], [ 635945.761243682354689, 5192275.802039912901819 ], [ 635943.64437280758284, 5192280.146791734732687 ], [ 635946.359392511076294, 5192287.538663859479129 ], [ 635955.889597788336687, 5192296.016516918316483 ], [ 635950.686379077611491, 5192302.09363916516304 ], [ 635946.713587640086189, 5192309.375652580522001 ], [ 635940.9336017658934, 5192314.26601130515337 ], [ 635941.829681907547638, 5192321.541920493356884 ], [ 635936.353640460525639, 5192328.725344402715564 ], [ 635934.953655860153958, 5192336.305146927013993 ], [ 635923.431198076228611, 5192346.290492105297744 ], [ 635926.269851343007758, 5192360.634137320332229 ], [ 635924.312184075359255, 5192373.424195747822523 ], [ 635916.945331310387701, 5192391.408910028636456 ], [ 635915.643728254362941, 5192401.550264625810087 ], [ 635909.623681264230981, 5192410.086360162124038 ], [ 635903.473534661461599, 5192424.971936837770045 ], [ 635907.972390148206614, 5192427.258424731902778 ], [ 635910.774442884488963, 5192435.352745477110147 ], [ 635912.581927188206464, 5192442.837161992676556 ], [ 635917.72099039866589, 5192455.388059973716736 ], [ 635914.045143636409193, 5192463.612082074396312 ], [ 635922.436606181436218, 5192464.324921246618032 ], [ 635921.959955528611317, 5192469.41556266322732 ], [ 635934.863863963866606, 5192473.731059099547565 ], [ 635935.344257577788085, 5192483.808757346123457 ], [ 635925.443258194252849, 5192486.127071529626846 ], [ 635928.589590930263512, 5192497.023121044971049 ], [ 635934.708411797066219, 5192495.7243627095595 ], [ 635935.467782822321169, 5192499.518110787495971 ], [ 635928.73747006279882, 5192506.192201116122305 ], [ 635930.569838437251747, 5192508.397293989546597 ], [ 635941.849557800102048, 5192507.677378330379725 ], [ 635965.53920093702618, 5192518.380211303010583 ], [ 635974.517487806500867, 5192529.497547549195588 ], [ 635981.711182548897341, 5192530.904961716383696 ], [ 635988.773876286344603, 5192537.128916265442967 ], [ 635995.432516972534359, 5192538.71721207164228 ], [ 636007.689761062152684, 5192553.058224633336067 ], [ 636011.431413722457364, 5192560.233589854091406 ], [ 636008.179313137894496, 5192573.874570253305137 ], [ 635998.750495151616633, 5192576.591903183609247 ], [ 635989.06209005182609, 5192581.928691513836384 ], [ 635980.563691040733829, 5192583.502920151688159 ], [ 635979.85080906865187, 5192589.312505800276995 ], [ 635983.784073604154401, 5192588.287523661740124 ], [ 635985.036596856545657, 5192602.995149496011436 ], [ 635987.078064744942822, 5192616.05928653664887 ], [ 635989.970093877869658, 5192623.80215894151479 ], [ 635992.401809668168426, 5192629.685282449238002 ], [ 635992.530347222927958, 5192643.807799072936177 ], [ 635997.399426920805126, 5192650.837367950007319 ], [ 636002.874338989029638, 5192659.167190373875201 ], [ 636011.394403175218031, 5192665.423959923908114 ], [ 636011.998555406695232, 5192673.400867413729429 ], [ 636019.635873330873437, 5192677.119727852754295 ], [ 636026.883907763287425, 5192682.265892491675913 ], [ 636036.844215653603896, 5192687.212247533723712 ], [ 636048.980004683602601, 5192686.07493241224438 ], [ 636060.221022931160405, 5192684.104421844705939 ], [ 636065.534399064839818, 5192675.140315243974328 ], [ 636077.884189773816615, 5192671.94674076884985 ], [ 636084.133571438491344, 5192677.838867116719484 ], [ 636083.667006611824036, 5192693.672173450700939 ], [ 636101.899970172671601, 5192688.102882101200521 ], [ 636104.133043386391364, 5192684.216087525710464 ], [ 636103.988574480637908, 5192668.621365309692919 ], [ 636111.611288687330671, 5192661.275500967167318 ], [ 636119.678083014325239, 5192663.555742555297911 ], [ 636122.95646773208864, 5192665.403474712744355 ], [ 636139.848609389853664, 5192655.657549174502492 ], [ 636144.370482804835774, 5192662.054238919168711 ], [ 636151.403016559779644, 5192660.770039014518261 ], [ 636149.755963107571006, 5192652.085405222140253 ], [ 636152.08727692568209, 5192641.077618630602956 ], [ 636157.832332248683088, 5192640.177479024976492 ], [ 636160.194299309630878, 5192636.002891818992794 ], [ 636158.633749757893384, 5192623.00093440990895 ], [ 636162.391570834442973, 5192616.599218484014273 ], [ 636171.757579688215628, 5192605.06123164575547 ], [ 636174.504869344993494, 5192594.523504585027695 ], [ 636181.598482989124022, 5192593.70432145614177 ], [ 636176.388427797239274, 5192585.147016503848135 ], [ 636178.995573286316358, 5192572.445005021989346 ], [ 636184.373308998299763, 5192564.692933006212115 ], [ 636190.303013045107946, 5192558.703175750561059 ], [ 636200.077206154935993, 5192554.494791663251817 ], [ 636202.710867878398858, 5192547.34196959156543 ], [ 636199.379029701231048, 5192544.992351555265486 ], [ 636200.238908762810752, 5192541.238168716430664 ], [ 636205.485816421103664, 5192530.246020812541246 ], [ 636204.387575115775689, 5192514.229075574316084 ], [ 636212.273842964321375, 5192510.902504719793797 ], [ 636212.894017233047634, 5192504.547362775541842 ], [ 636224.085839578416198, 5192490.724565733224154 ], [ 636218.516110810218379, 5192486.553931175731122 ], [ 636220.648520660819486, 5192481.120493169873953 ], [ 636225.917516404297203, 5192481.106204057112336 ], [ 636232.790528900572099, 5192483.377117660827935 ], [ 636240.655881368089467, 5192484.156997007317841 ], [ 636243.055158742936328, 5192487.305699406191707 ], [ 636245.942740192986093, 5192486.088920697569847 ], [ 636243.923188220593147, 5192481.310760018415749 ], [ 636245.427614484215155, 5192474.644687436521053 ], [ 636239.122531933477148, 5192468.558622692711651 ], [ 636233.638015653472394, 5192466.783326588571072 ], [ 636230.219767950708047, 5192462.167344331741333 ], [ 636234.059417384676635, 5192452.956150968559086 ], [ 636230.614086898276582, 5192452.221525340341032 ], [ 636231.341304673580453, 5192448.15409804880619 ], [ 636239.948893379070796, 5192442.10493472032249 ], [ 636245.9630436579464, 5192450.595932739786804 ], [ 636254.284504805342294, 5192457.300299136899412 ], [ 636262.582849293597974, 5192455.6126658776775 ], [ 636262.227719440939836, 5192449.747894546017051 ], [ 636258.965282866265625, 5192441.794721515849233 ], [ 636253.127397227566689, 5192433.052736206911504 ], [ 636254.096788706840016, 5192427.858484766446054 ], [ 636250.572591327945702, 5192421.477781559340656 ], [ 636253.058556123287417, 5192417.655286761932075 ], [ 636258.390968204126693, 5192419.026011541485786 ], [ 636265.938343152753077, 5192404.182208574377 ], [ 636261.454598495038226, 5192401.653987555764616 ], [ 636262.29538417304866, 5192396.96552259195596 ], [ 636266.718329180497676, 5192393.549987150356174 ], [ 636267.16428857576102, 5192383.625045441091061 ], [ 636271.385475496994331, 5192382.603962449356914 ], [ 636276.041802450083196, 5192378.930412380024791 ], [ 636282.077936778543517, 5192379.963133996352553 ], [ 636288.61899507464841, 5192378.649562291800976 ], [ 636298.468563270987943, 5192368.721723871305585 ], [ 636312.490067574428394, 5192365.775588655844331 ], [ 636324.899189969757572, 5192348.172686478123069 ], [ 636328.085155079839751, 5192328.489849950186908 ], [ 636337.27935215330217, 5192307.77835507504642 ], [ 636338.046347175375558, 5192287.865344049409032 ], [ 636336.907964537153021, 5192278.023422318510711 ], [ 636330.480984627152793, 5192273.752199132926762 ], [ 636324.290553793078288, 5192275.967700142413378 ], [ 636317.141666672425345, 5192272.104167197830975 ], [ 636317.448246347717941, 5192257.914050636813045 ], [ 636313.494520805426873, 5192255.676841172389686 ], [ 636308.954774681711569, 5192259.903351975604892 ], [ 636303.759596409043297, 5192255.934087271802127 ], [ 636304.393047356861643, 5192233.233934659510851 ], [ 636315.175169332418591, 5192225.032888634130359 ], [ 636334.286862580222078, 5192224.587293934077024 ], [ 636335.745682494831271, 5192228.352954968810081 ], [ 636341.060468961833976, 5192224.415625390596688 ], [ 636338.653936240589246, 5192219.930862729437649 ], [ 636346.278576451004483, 5192213.058996233157814 ], [ 636361.833811146090738, 5192218.112594217061996 ], [ 636362.740632905857638, 5192206.784561833366752 ], [ 636369.584036935353652, 5192208.093012257479131 ], [ 636370.42650689301081, 5192225.977521393448114 ], [ 636369.642438971437514, 5192237.319643241353333 ], [ 636373.064943123375997, 5192241.039739391766489 ], [ 636378.672295483062044, 5192253.455628224648535 ], [ 636378.979484271025285, 5192267.540201608091593 ], [ 636376.18265581317246, 5192278.345080330967903 ], [ 636378.019779354333878, 5192282.914145333692431 ], [ 636387.563560915878043, 5192287.658412433229387 ], [ 636398.692987126647495, 5192285.371003763750196 ], [ 636409.358274114434607, 5192270.171293753199279 ], [ 636416.857572777895257, 5192261.675368531607091 ], [ 636424.188172037480399, 5192265.203011598438025 ], [ 636429.897441816981882, 5192258.299535810947418 ], [ 636421.27254982246086, 5192258.551681037060916 ], [ 636414.183036133879796, 5192257.309036388061941 ], [ 636409.777619264088571, 5192246.244547006674111 ], [ 636405.592267674626783, 5192236.702733689919114 ], [ 636401.879724106867798, 5192228.051928836852312 ], [ 636414.083440800895914, 5192215.348293391056359 ], [ 636427.817074945895001, 5192230.192423542961478 ], [ 636434.18982820759993, 5192229.425957991741598 ], [ 636435.184410334797576, 5192235.262619867920876 ], [ 636433.743982823332772, 5192241.928786077536643 ], [ 636433.264259300194681, 5192249.373272490687668 ], [ 636441.023453611065634, 5192260.852842999622226 ], [ 636450.598814239841886, 5192239.190874358639121 ], [ 636451.529923775000498, 5192232.486038300208747 ], [ 636439.895393954939209, 5192227.145203639753163 ], [ 636436.629848607233725, 5192221.018891122192144 ], [ 636435.402561061782762, 5192212.75738007761538 ], [ 636441.860441753873602, 5192208.576522218063474 ], [ 636450.488609494641423, 5192210.951309655793011 ], [ 636459.563867306802422, 5192215.316616669297218 ], [ 636462.208840499864891, 5192209.319926696829498 ], [ 636461.942124234163202, 5192203.371661852113903 ], [ 636453.760221832082607, 5192197.514634042978287 ], [ 636450.048183427890763, 5192192.710658451542258 ], [ 636446.67673037503846, 5192183.348693269304931 ], [ 636456.55093343439512, 5192190.064492770470679 ], [ 636462.277540692361072, 5192197.707635338418186 ], [ 636469.799276163103059, 5192201.52051854133606 ], [ 636470.419490373576991, 5192188.055702616460621 ], [ 636473.81583977851551, 5192171.697285372763872 ], [ 636465.974828147445805, 5192161.264274159446359 ], [ 636467.270113031147048, 5192152.84471741411835 ], [ 636472.486923092161305, 5192146.791815609671175 ], [ 636470.784516819519922, 5192138.597211974672973 ], [ 636477.587543173227459, 5192130.941389888525009 ], [ 636482.650773315341212, 5192125.392849531956017 ], [ 636490.953970686066896, 5192122.304355932399631 ], [ 636499.927375848754309, 5192130.596745378337801 ], [ 636499.881924335495569, 5192121.930373020470142 ], [ 636497.179228574968874, 5192102.419263196177781 ], [ 636508.203541526105255, 5192103.486903807148337 ], [ 636515.464989946340211, 5192112.075133210979402 ], [ 636518.674791159224696, 5192120.712380769662559 ], [ 636516.708911285619251, 5192128.99252815078944 ], [ 636514.809860097011551, 5192141.27662789542228 ], [ 636520.092121039750054, 5192144.712400454096496 ], [ 636525.809797432273626, 5192154.877274861559272 ], [ 636528.760571848019026, 5192154.882512239739299 ], [ 636540.378328967140988, 5192166.553767777048051 ], [ 636544.527452294831164, 5192161.777628398500383 ], [ 636537.921555304666981, 5192158.265323724597692 ], [ 636532.919780353084207, 5192146.224724072962999 ], [ 636539.504329970804974, 5192143.41395734064281 ], [ 636547.757388643105514, 5192150.965118447318673 ], [ 636553.385995495598763, 5192146.920133562758565 ], [ 636551.846147882635705, 5192138.457308261655271 ], [ 636553.899172738310881, 5192128.993698516860604 ], [ 636563.629560066270642, 5192119.076817793771625 ], [ 636569.092818324454129, 5192101.014664137735963 ], [ 636571.033610378741287, 5192094.912987885996699 ], [ 636579.716617512749508, 5192087.723148421384394 ], [ 636584.961574771441519, 5192061.984631031751633 ], [ 636579.085611534537748, 5192037.32873010635376 ], [ 636566.690132789779454, 5192029.872042060829699 ], [ 636564.149016822339036, 5192017.668343169614673 ], [ 636563.55491369147785, 5191996.58920182287693 ], [ 636564.711876108660363, 5191989.657218941487372 ], [ 636571.152285725809634, 5191973.051632094196975 ], [ 636565.391742231091484, 5191941.9679951146245 ], [ 636549.620722067658789, 5191941.659512494690716 ], [ 636536.638570414739661, 5191939.471596440300345 ], [ 636530.430496145738289, 5191925.865535199642181 ], [ 636522.585512989666313, 5191910.202701803296804 ], [ 636519.590044772485271, 5191896.082358599640429 ], [ 636522.552923890878446, 5191874.641792540438473 ], [ 636529.102948496118188, 5191851.949353364296257 ], [ 636533.283892108825967, 5191830.736512804403901 ], [ 636543.488112270482816, 5191813.544028458185494 ], [ 636550.552328314399347, 5191797.770021214149892 ], [ 636547.150093505508266, 5191782.28581602498889 ], [ 636549.029337937827222, 5191776.921056762337685 ], [ 636540.109518493642099, 5191776.582218858413398 ], [ 636537.270087339915335, 5191758.229728211648762 ], [ 636530.804044679040089, 5191753.491867902688682 ], [ 636534.839200609130785, 5191745.071952723897994 ], [ 636533.047743987059221, 5191732.592031818814576 ], [ 636538.684434862225316, 5191719.554594675078988 ], [ 636541.876021933509037, 5191709.349400508217514 ], [ 636549.450881977216341, 5191696.472950874827802 ], [ 636554.876559683121741, 5191690.955572975799441 ], [ 636574.7063870835118, 5191684.920435902662575 ], [ 636583.239966522203758, 5191685.450687577947974 ], [ 636596.682263126480393, 5191679.757792420685291 ], [ 636611.720201740739867, 5191679.015833104029298 ], [ 636633.303002751898021, 5191686.957894218154252 ], [ 636645.960259429179132, 5191691.314171842299402 ], [ 636659.816954308189452, 5191688.240210399031639 ], [ 636674.090105971787125, 5191682.847444958984852 ], [ 636681.236515410244465, 5191676.63639076333493 ], [ 636689.632044349331409, 5191664.775860479101539 ], [ 636695.321003857534379, 5191646.729536755941808 ], [ 636695.915172263048589, 5191636.732110217213631 ], [ 636705.643875371082686, 5191626.561197076924145 ], [ 636705.006747371051461, 5191622.693527908064425 ], [ 636694.720501957926899, 5191617.74264292512089 ], [ 636695.644731632433832, 5191606.33090013358742 ], [ 636694.195767166558653, 5191601.398459339514375 ], [ 636698.453365222900175, 5191586.19663692638278 ], [ 636692.97420851199422, 5191586.044367806985974 ], [ 636688.738751603290439, 5191564.818237810395658 ], [ 636688.974096887744963, 5191550.346908040344715 ], [ 636694.274471349082887, 5191545.141378811560571 ], [ 636699.033549803774804, 5191543.185485618188977 ], [ 636713.703049572883174, 5191542.529244818724692 ], [ 636721.424979161820374, 5191539.046860055997968 ], [ 636722.469988721306436, 5191532.111967485398054 ], [ 636729.219342701835558, 5191531.191908367909491 ], [ 636729.585461526410654, 5191523.782480167225003 ], [ 636738.186319777974859, 5191521.652995577082038 ], [ 636744.296676431084052, 5191512.099453001283109 ], [ 636746.571940000052564, 5191503.03160085529089 ], [ 636742.072266291826963, 5191477.824153139255941 ], [ 636734.888946385821328, 5191452.838010908104479 ], [ 636733.62016486946959, 5191439.729011703282595 ], [ 636742.109233079012483, 5191429.480993571691215 ], [ 636741.655205217888579, 5191421.083648562431335 ], [ 636754.440554533270188, 5191414.684591067954898 ], [ 636745.801283109467477, 5191404.38499250356108 ], [ 636738.018993273610249, 5191399.899717056192458 ], [ 636733.305439078947529, 5191385.964114339090884 ], [ 636730.882588103879243, 5191368.632662638090551 ], [ 636730.601514306152239, 5191356.125450295396149 ], [ 636732.912468306487426, 5191343.668360287323594 ], [ 636731.58274569211062, 5191334.844128015451133 ], [ 636737.813604339025915, 5191327.081552183255553 ], [ 636737.987116062780842, 5191315.596031388267875 ], [ 636732.997715153964236, 5191305.88154075294733 ], [ 636724.765339373610914, 5191295.116893026977777 ], [ 636726.302237294032238, 5191281.607674243859947 ], [ 636714.597344861133024, 5191275.699691997841001 ], [ 636720.55425420217216, 5191255.951001077890396 ], [ 636725.925230082124472, 5191247.478818986564875 ], [ 636731.503170269192196, 5191234.367372152395546 ], [ 636736.535064389696345, 5191220.202677870169282 ], [ 636737.523795236367732, 5191200.77139803301543 ], [ 636738.177682041190565, 5191190.026020706631243 ], [ 636747.46110186970327, 5191198.20067679695785 ], [ 636750.005160348373465, 5191203.636035351082683 ], [ 636754.492202185909264, 5191206.59988209605217 ], [ 636758.48957057390362, 5191214.092686270363629 ], [ 636759.635401781764813, 5191219.474645650014281 ], [ 636766.156174939824268, 5191224.123035681433976 ], [ 636779.952150308643468, 5191237.557569894939661 ], [ 636792.077620958560146, 5191252.201112939044833 ], [ 636791.749492521863431, 5191247.245653286576271 ], [ 636801.588863936951384, 5191247.414840761572123 ], [ 636798.729716904927045, 5191244.382307915948331 ], [ 636797.828298775479198, 5191242.92892940249294 ], [ 636795.922783469897695, 5191239.856732040643692 ], [ 636793.590542859747075, 5191236.646176905371249 ], [ 636790.150312570505776, 5191231.910630161873996 ], [ 636785.331454292871058, 5191225.277101862244308 ], [ 636779.297945822589099, 5191218.714393638074398 ], [ 636773.955707427696325, 5191212.90351867955178 ], [ 636769.230315629160032, 5191207.763813709840178 ], [ 636767.271374392905273, 5191205.080989487469196 ], [ 636760.221747817704454, 5191195.426225964911282 ], [ 636758.944729986484163, 5191193.503875364549458 ], [ 636753.597496976493858, 5191185.454518356360495 ], [ 636749.730568369152024, 5191178.857794037088752 ], [ 636745.864845344098285, 5191172.713069695979357 ], [ 636728.569361802656204, 5191149.69530638679862 ], [ 636712.061382100335322, 5191132.714173863641918 ], [ 636704.319639363675378, 5191125.147635576315224 ], [ 636699.503060951596126, 5191119.795890027657151 ], [ 636683.097900094813667, 5191101.567967440001667 ], [ 636681.040998036856763, 5191099.282558533363044 ], [ 636675.718582918168977, 5191091.514013926498592 ], [ 636665.23114569473546, 5191075.694917526096106 ], [ 636659.865365391946398, 5191075.114905014634132 ], [ 636647.308846384403296, 5191066.966635994613171 ], [ 636632.158995561068878, 5191049.046072280965745 ], [ 636630.502680445439182, 5191068.243694080039859 ], [ 636624.997884599957615, 5191071.653831608593464 ], [ 636605.253860446857288, 5191068.65387677680701 ], [ 636588.61183490161784, 5191072.401414750143886 ], [ 636577.549863878637552, 5191075.131986021995544 ], [ 636573.175495539326221, 5191082.62617717962712 ], [ 636561.810392337385565, 5191086.011557723395526 ], [ 636560.902561490540393, 5191093.699748914688826 ], [ 636552.635794192319736, 5191093.121053959243 ], [ 636549.773098858888261, 5191104.448799833655357 ], [ 636551.316802711342461, 5191110.042819117195904 ], [ 636556.098094823304564, 5191109.190248635597527 ], [ 636562.782241942128167, 5191099.470479336567223 ], [ 636562.477562405751087, 5191097.396388716995716 ], [ 636569.095761950826272, 5191094.723171059042215 ], [ 636586.721244241227396, 5191106.278669133782387 ], [ 636582.722560323192738, 5191116.375135185196996 ], [ 636572.221645536017604, 5191122.508098763413727 ], [ 636562.342556932475418, 5191127.239711900241673 ], [ 636549.465490423608571, 5191135.679119789041579 ], [ 636543.83078730572015, 5191143.078859830275178 ], [ 636536.668304406222887, 5191149.588633867911994 ], [ 636524.462839319603518, 5191162.51426531933248 ], [ 636519.153753608232364, 5191164.824783080257475 ], [ 636519.9423319674097, 5191169.781977330334485 ], [ 636511.38256584526971, 5191187.297455034218729 ], [ 636505.076831962214783, 5191195.405737971886992 ], [ 636499.199157484224997, 5191204.684253207407892 ], [ 636499.126298064016737, 5191213.781591250561178 ], [ 636488.388375609880313, 5191218.329589939676225 ], [ 636480.535135097336024, 5191232.581243814900517 ], [ 636473.804822036297992, 5191238.4923998080194 ], [ 636474.847152488538995, 5191243.345918077975512 ], [ 636486.513652671827003, 5191247.749312152154744 ], [ 636494.608266504248604, 5191244.930237189866602 ], [ 636501.784426637925208, 5191243.021485133096576 ], [ 636510.56992469530087, 5191248.372792375274003 ], [ 636516.026297493139282, 5191255.385351286269724 ], [ 636521.65376085601747, 5191254.10920658800751 ], [ 636527.564857221208513, 5191247.508136572316289 ], [ 636530.344455848215148, 5191246.760488175787032 ], [ 636540.694198139593937, 5191253.20937320869416 ], [ 636554.743161174817942, 5191264.745995274744928 ], [ 636548.487777595524676, 5191269.191304340027273 ], [ 636539.338395022787154, 5191274.81929393671453 ], [ 636533.190595372696407, 5191284.928172054700553 ], [ 636523.367290780181065, 5191294.430509510450065 ], [ 636507.522705326555297, 5191301.968436604365706 ], [ 636501.051733997417614, 5191307.330032120458782 ], [ 636507.296231767977588, 5191314.802986709401011 ], [ 636507.365041433367878, 5191327.737558826804161 ], [ 636516.024523430853151, 5191338.729461625218391 ], [ 636514.238614373258315, 5191344.955771406181157 ], [ 636508.247582805692218, 5191357.956182576715946 ], [ 636500.251843852456659, 5191362.015881036408246 ], [ 636489.933756396174431, 5191367.335986933670938 ], [ 636480.040289222728461, 5191371.737363615073264 ], [ 636474.767931475304067, 5191384.050039396621287 ], [ 636473.939508334849961, 5191393.828483079560101 ], [ 636478.051390376058407, 5191393.530494839884341 ], [ 636480.767865410191007, 5191389.441927972249687 ], [ 636487.050667503732257, 5191390.258844239637256 ], [ 636491.975086166989058, 5191389.10472771897912 ], [ 636495.8002586401999, 5191397.014478193596005 ], [ 636495.170470935408957, 5191406.461319179274142 ], [ 636488.714264724520035, 5191411.014201708137989 ], [ 636481.290846395655535, 5191413.173729893751442 ], [ 636473.627773329149932, 5191408.264506326988339 ], [ 636465.248223022790626, 5191412.431664670817554 ], [ 636457.679411718272604, 5191417.610577369108796 ], [ 636458.692798781092279, 5191427.101387833245099 ], [ 636470.801132820080966, 5191436.330084666609764 ], [ 636473.861249198904261, 5191442.247903726994991 ], [ 636464.508710347814485, 5191455.757063963450491 ], [ 636457.750424406025559, 5191453.090138247236609 ], [ 636442.496424072538503, 5191459.887146095745265 ], [ 636439.793918182840571, 5191464.094944360665977 ], [ 636444.562041447381489, 5191467.892938010394573 ], [ 636452.206086858874187, 5191463.1112887179479 ], [ 636457.920920066535473, 5191465.161479986272752 ], [ 636457.146707964595407, 5191482.622489120811224 ], [ 636453.022221139748581, 5191491.884845368564129 ], [ 636429.009984729811549, 5191485.79635442700237 ], [ 636421.844552541733719, 5191490.893136048689485 ], [ 636424.926747302641161, 5191501.153128632344306 ], [ 636422.652433033916168, 5191512.103802024386823 ], [ 636411.891484317136928, 5191522.82121260650456 ], [ 636400.671616190229543, 5191535.473619962111115 ], [ 636391.687431921483949, 5191541.794381393119693 ], [ 636378.789492789888754, 5191550.167420147918165 ], [ 636371.816251253592782, 5191550.200708042830229 ], [ 636371.768874356755987, 5191532.776714530773461 ], [ 636368.764321810449474, 5191523.125016420148313 ], [ 636370.767612973926589, 5191515.583471684716642 ], [ 636374.27079305308871, 5191512.156268456019461 ], [ 636371.824767405400053, 5191507.758833412081003 ], [ 636362.292615407961421, 5191497.514039968140423 ], [ 636360.975094479857944, 5191485.036193609237671 ], [ 636366.333251620060764, 5191474.849883995950222 ], [ 636360.266072176396847, 5191468.532894091680646 ], [ 636354.560172595549375, 5191446.161804455332458 ], [ 636345.27138375188224, 5191442.532846654765308 ], [ 636338.752286620205268, 5191440.382969581522048 ], [ 636336.559086831402965, 5191435.348869103007019 ], [ 636323.966786508681253, 5191436.458452926948667 ], [ 636316.452182898763567, 5191439.980363670736551 ], [ 636312.874307409394532, 5191442.156354017555714 ], [ 636300.549641899764538, 5191433.417954921722412 ], [ 636294.734952548518777, 5191426.895274562761188 ], [ 636285.060244119842537, 5191419.796910718083382 ], [ 636285.629207833088003, 5191405.229279346764088 ], [ 636292.165491384454072, 5191392.976123124361038 ], [ 636296.742302675382234, 5191380.403624777682126 ], [ 636308.532471163896844, 5191372.959680942818522 ], [ 636319.306731712189503, 5191368.215316265821457 ], [ 636331.888439488015138, 5191367.140548364259303 ], [ 636346.87265346525237, 5191366.675650395452976 ], [ 636359.425580852897838, 5191372.22608304861933 ], [ 636373.373866302426904, 5191376.459331098943949 ], [ 636377.647708080941811, 5191374.107195684686303 ], [ 636383.159355418407358, 5191374.758991630747914 ], [ 636380.244573826901615, 5191367.998687800019979 ], [ 636372.930036848178133, 5191369.460102267563343 ], [ 636361.941314971307293, 5191363.658309132792056 ], [ 636355.720175459515303, 5191347.764147415757179 ], [ 636357.04151496081613, 5191343.099858711473644 ], [ 636351.573944570263848, 5191336.804077239707112 ], [ 636346.45361519488506, 5191333.959045832045376 ], [ 636343.03983723570127, 5191325.261338977143168 ], [ 636344.199579867185093, 5191316.520489984191954 ], [ 636351.615464157308452, 5191315.860762456431985 ], [ 636366.471501702675596, 5191318.402540218085051 ], [ 636383.115953917964362, 5191318.21289000660181 ], [ 636398.051368602202274, 5191318.265135306864977 ], [ 636407.780559959472157, 5191318.579742090776563 ], [ 636405.99379450478591, 5191314.987493054941297 ], [ 636393.322655187919736, 5191311.91693364456296 ], [ 636382.921960691339336, 5191305.113198599778116 ], [ 636373.791494223987684, 5191302.580887799151242 ], [ 636360.683098670328036, 5191303.63869278691709 ], [ 636354.089150650775991, 5191295.840807540342212 ], [ 636344.845637884340249, 5191288.905778498388827 ], [ 636339.450660005444661, 5191277.640466036275029 ], [ 636334.12924747960642, 5191267.575350061058998 ], [ 636332.394027225789614, 5191253.729458910413086 ], [ 636325.67283686355222, 5191245.417433054186404 ], [ 636321.574498941190541, 5191243.098775690421462 ], [ 636307.399148767348379, 5191240.103609537705779 ], [ 636299.263244845438749, 5191234.833359348587692 ], [ 636287.738777084508911, 5191237.301063343882561 ], [ 636273.011219772975892, 5191232.498582242056727 ], [ 636266.203842778690159, 5191223.199137168936431 ], [ 636266.193556613754481, 5191207.883680885657668 ], [ 636269.604791578603908, 5191201.986026659607887 ], [ 636267.802767251734622, 5191198.056535467505455 ], [ 636259.261888433946297, 5191188.262605228461325 ], [ 636259.20076429285109, 5191182.571831917390227 ], [ 636253.450621360447258, 5191174.019350009039044 ], [ 636256.844810554641299, 5191167.889416430145502 ], [ 636254.583488283329643, 5191153.169613767415285 ], [ 636253.286585716530681, 5191144.766931595280766 ], [ 636261.468531045597047, 5191141.340371394529939 ], [ 636262.729669978376478, 5191131.51830049417913 ], [ 636266.949859369196929, 5191114.106956636533141 ], [ 636258.027429240755737, 5191114.098073747009039 ], [ 636249.16812606586609, 5191108.089547304436564 ], [ 636239.110172885470092, 5191099.067758616060019 ], [ 636230.398556984378956, 5191091.784806740470231 ], [ 636228.129345403052866, 5191085.811459840275347 ], [ 636224.476979202125221, 5191077.853661535307765 ], [ 636228.773822000483051, 5191057.818747035227716 ], [ 636235.939177757012658, 5191051.316025018692017 ], [ 636241.88466911634896, 5191041.107711832039058 ], [ 636235.363922318676487, 5191035.294985990971327 ], [ 636240.503685970092192, 5191033.238573981449008 ], [ 636242.703935617697425, 5191023.818470326252282 ], [ 636237.194096551742405, 5191012.956190222874284 ], [ 636239.147934097796679, 5191006.850736201740801 ], [ 636237.125935531919822, 5191001.921548730693758 ], [ 636243.489195422036573, 5190992.489309712313116 ], [ 636234.094809585949406, 5190975.560191350057721 ], [ 636238.205469598993659, 5190967.520542161539197 ], [ 636236.242465131916106, 5190952.780820372514427 ], [ 636230.42151940241456, 5190949.503888974897563 ], [ 636236.982621304108761, 5190945.07378183118999 ], [ 636239.428606738569215, 5190940.955611518584192 ], [ 636233.359736880403943, 5190928.157907762564719 ], [ 636230.826454247231595, 5190922.953030571341515 ], [ 636235.233175187837332, 5190914.791426248848438 ], [ 636241.331590047222562, 5190910.050457182340324 ], [ 636250.272737101186067, 5190906.60981619451195 ], [ 636241.228361501125619, 5190893.262489138171077 ], [ 636237.306724473368376, 5190879.681373214349151 ], [ 636231.694086360861547, 5190868.337368099950254 ], [ 636223.139222463360056, 5190866.531831937842071 ], [ 636218.645983022870496, 5190881.127661 ], [ 636213.671560447895899, 5190881.224981508217752 ], [ 636209.478955542901531, 5190886.794352505356073 ], [ 636203.014766770298593, 5190891.523095887154341 ], [ 636197.173491689027287, 5190887.501854671165347 ], [ 636183.860509732854553, 5190887.420143951661885 ], [ 636181.952142296126112, 5190880.926065800711513 ], [ 636186.948718487867154, 5190873.417471782304347 ], [ 636192.579902403405868, 5190871.452418626286089 ], [ 636196.192331963218749, 5190863.251295955851674 ], [ 636197.945328299421817, 5190857.25441802572459 ], [ 636198.90260130923707, 5190853.710879674181342 ], [ 636199.173275646520779, 5190848.970710409805179 ], [ 636202.145695179700851, 5190843.650557473301888 ], [ 636207.838342585368082, 5190834.020910987630486 ], [ 636214.175080107408576, 5190829.553984837606549 ], [ 636218.70450025156606, 5190835.802790213376284 ], [ 636210.777958039427176, 5190844.02247804030776 ], [ 636218.232044231845066, 5190852.57395876199007 ], [ 636224.16776829957962, 5190848.75517624989152 ], [ 636231.588629926554859, 5190839.166944931261241 ], [ 636232.862642522901297, 5190832.112962851300836 ], [ 636220.612173176603392, 5190812.611353889107704 ], [ 636217.048431817791425, 5190807.024955231696367 ], [ 636220.395702695590444, 5190798.481334116309881 ], [ 636220.868242398370057, 5190784.99501227773726 ], [ 636214.780942714307457, 5190767.11123725771904 ], [ 636204.277379505801946, 5190757.949879502877593 ], [ 636198.371401097625494, 5190752.912586752325296 ], [ 636191.135848208796233, 5190733.519339172169566 ], [ 636195.142760017304681, 5190717.416302450932562 ], [ 636194.848999755457044, 5190708.590718088671565 ], [ 636200.498015723773278, 5190698.469350384548306 ], [ 636182.493133970769122, 5190703.56463816203177 ], [ 636173.97192815807648, 5190704.011572389863431 ], [ 636160.529954738449305, 5190686.657587604597211 ], [ 636151.798802854027599, 5190678.348362147808075 ], [ 636158.415055699297227, 5190672.675248926505446 ], [ 636154.817407479393296, 5190663.558441989123821 ], [ 636155.103908484685235, 5190659.23952264431864 ], [ 636137.888199120643549, 5190659.916453351266682 ], [ 636126.296750079840422, 5190656.391316151246428 ], [ 636114.146538474480622, 5190649.093846726231277 ], [ 636107.141935230349191, 5190645.153804559260607 ], [ 636087.105347018456087, 5190642.482878938317299 ], [ 636074.847352960379794, 5190637.64045958314091 ], [ 636060.754898838349618, 5190642.641348165459931 ], [ 636056.49147041910328, 5190639.270938371308148 ], [ 636057.824028230970725, 5190630.422040517441928 ], [ 636050.633440717123449, 5190625.012903269380331 ], [ 636045.272256029304117, 5190617.225018230266869 ], [ 636035.199930588947609, 5190606.991059521213174 ], [ 636016.528777512605302, 5190602.528463071212173 ], [ 635997.139210483292118, 5190595.624754906632006 ], [ 635985.685090422164649, 5190594.253855635412037 ], [ 635969.725263035506941, 5190589.823409161530435 ], [ 635962.289233691757545, 5190587.025971470400691 ], [ 635955.255925308912992, 5190580.542564651928842 ], [ 635947.208650921355002, 5190577.173750325106084 ], [ 635939.389738485682756, 5190574.546787709929049 ], [ 635937.460994197055697, 5190597.62585540022701 ], [ 635941.177422779030167, 5190606.167706064879894 ], [ 635958.352121249889024, 5190606.666019327938557 ], [ 635962.964435897534713, 5190610.688335386104882 ], [ 635973.431038649287075, 5190620.14104076847434 ], [ 635968.508074803627096, 5190621.210193975828588 ], [ 635956.230798016418703, 5190617.853377550840378 ], [ 635946.426753606065176, 5190618.588463813997805 ], [ 635955.884570585447364, 5190624.800152724608779 ], [ 635986.830496316426434, 5190638.93522293958813 ], [ 636006.36474366299808, 5190650.32218231074512 ], [ 636013.031160252867267, 5190652.511550459079444 ], [ 636017.793693476123735, 5190644.007020456716418 ], [ 636041.150146953063086, 5190641.447703245095909 ], [ 636051.805969213717617, 5190645.775875409133732 ], [ 636048.886307747801766, 5190654.282774444669485 ], [ 636045.134310214663856, 5190663.575468407012522 ], [ 636042.508097582962364, 5190670.586433194577694 ], [ 636030.785275448812172, 5190668.904972677119076 ], [ 636016.781818159739487, 5190666.444729403592646 ], [ 636017.299575750133954, 5190674.741147752851248 ], [ 636010.583212585537694, 5190685.29732250329107 ], [ 635994.259228517650627, 5190683.344555598683655 ], [ 635986.323173489770852, 5190682.782498258166015 ], [ 635980.907596251694486, 5190691.173916685394943 ], [ 635980.316166688688099, 5190701.364363899454474 ], [ 635976.329066500300542, 5190713.894899644888937 ], [ 635975.520734435180202, 5190722.552727737464011 ], [ 635972.387691405136138, 5190738.308646839112043 ], [ 635980.798602941562422, 5190750.686224988661706 ], [ 635975.505112753598951, 5190765.064435116946697 ], [ 635954.456798415514641, 5190767.66803118493408 ], [ 635939.150330475647934, 5190770.558349767699838 ], [ 635918.925304443342611, 5190767.679221288301051 ], [ 635901.214949275250547, 5190763.519958517514169 ], [ 635881.169105580542237, 5190755.87110915966332 ], [ 635872.129643436754122, 5190758.156132126227021 ], [ 635850.506652410142124, 5190761.858893061056733 ], [ 635838.733945170650259, 5190768.572178399190307 ], [ 635820.151227678754367, 5190775.246546541340649 ], [ 635800.963352443650365, 5190777.525824615731835 ], [ 635788.013201178982854, 5190767.877854053862393 ], [ 635779.657872178126127, 5190758.521082072518766 ], [ 635778.935738630359992, 5190749.601219713687897 ], [ 635773.908340586349368, 5190741.179050403647125 ], [ 635783.753358287853189, 5190728.754227850586176 ], [ 635796.928477201377973, 5190728.357509722933173 ], [ 635800.290241997572593, 5190724.366924630478024 ], [ 635813.70688336843159, 5190722.176403700374067 ], [ 635818.36996092798654, 5190715.990074439905584 ], [ 635827.874738977989182, 5190718.678732334636152 ], [ 635835.682663162006065, 5190717.603687818162143 ], [ 635833.787110941018909, 5190706.067976426333189 ], [ 635845.383811126113869, 5190705.230411382392049 ], [ 635850.983751274528913, 5190708.390579841099679 ], [ 635856.04880586382933, 5190725.703964775428176 ], [ 635855.186312675126828, 5190732.608952424488962 ], [ 635872.036687570507638, 5190734.595679169520736 ], [ 635878.08727601589635, 5190727.787996692582965 ], [ 635879.446498640463687, 5190719.252541925758123 ], [ 635885.230672585079446, 5190707.652553833089769 ], [ 635893.098360195988789, 5190696.604003751650453 ], [ 635900.006881157401949, 5190692.147811167873442 ], [ 635903.287598507246003, 5190699.381308040581644 ], [ 635910.119683904340491, 5190708.698155445046723 ], [ 635918.804179626284167, 5190721.804353073239326 ], [ 635931.60925913346, 5190724.936167237348855 ], [ 635933.684053238015622, 5190732.990998855791986 ], [ 635939.715561476768926, 5190734.941672182641923 ], [ 635950.979720348492265, 5190730.72960838675499 ], [ 635961.35228910157457, 5190712.220050128176808 ], [ 635963.463720795232803, 5190701.731490528210998 ], [ 635964.425595723208971, 5190691.866333793848753 ], [ 635961.909050132031552, 5190685.501801829785109 ], [ 635969.298203390906565, 5190676.601001361384988 ], [ 635981.928590546129271, 5190679.597847343422472 ], [ 635987.730589014361612, 5190676.526752738282084 ], [ 635975.549881632206962, 5190661.680126007646322 ], [ 635958.95672879810445, 5190657.446887382306159 ], [ 635958.909883612534031, 5190655.029205371625721 ], [ 635959.786805210984312, 5190648.686434548348188 ], [ 635951.085013296920806, 5190640.943686752580106 ], [ 635941.773666910594329, 5190635.526452728547156 ], [ 635934.846037560375407, 5190633.526629966683686 ], [ 635926.119720434071496, 5190623.053596036508679 ], [ 635924.2348914060276, 5190614.823906998150051 ], [ 635916.523588139913045, 5190621.678321998566389 ], [ 635904.778228020411916, 5190632.659873796626925 ], [ 635891.65554956777487, 5190629.681649446487427 ], [ 635881.419466112391092, 5190638.234006812795997 ], [ 635883.687910959823057, 5190641.726451743394136 ], [ 635877.273778028553352, 5190647.685988179408014 ], [ 635871.36088212474715, 5190649.870237206108868 ], [ 635860.618776530493051, 5190648.555453627370298 ], [ 635854.323171203141101, 5190642.792569564655423 ], [ 635845.488059077295475, 5190639.475342174060643 ], [ 635838.404037323431112, 5190637.322865109890699 ], [ 635833.426212160498835, 5190630.805448308587074 ], [ 635839.6977305165492, 5190627.937336319126189 ], [ 635844.871216188766994, 5190632.594172931276262 ], [ 635850.604150696890429, 5190623.358199002221227 ], [ 635847.303497254149988, 5190607.954756520688534 ], [ 635846.841234763618559, 5190605.738994526676834 ], [ 635836.761543935281225, 5190598.111790569499135 ], [ 635823.896413910551928, 5190594.336989942006767 ], [ 635813.675263804383576, 5190590.967174174264073 ], [ 635801.219421884976327, 5190587.409330179914832 ], [ 635785.892722088145092, 5190591.606247179210186 ], [ 635778.902260334230959, 5190594.238133325241506 ], [ 635781.948241135338321, 5190607.919321127235889 ], [ 635787.895100572379306, 5190608.674508568830788 ], [ 635792.860070728929713, 5190603.727257393300533 ], [ 635799.990557877346873, 5190613.137175327166915 ], [ 635804.195232530590147, 5190615.200645511038601 ], [ 635810.827116464963183, 5190628.994866143912077 ], [ 635809.108956553624012, 5190635.765294972807169 ], [ 635819.604169715195894, 5190643.830551113002002 ], [ 635827.016577633330598, 5190652.304314091801643 ], [ 635819.556209908914752, 5190662.686828413046896 ], [ 635812.200551687390544, 5190665.977465671487153 ], [ 635801.524096357170492, 5190669.500566543079913 ], [ 635801.683553370996378, 5190677.756883532740176 ], [ 635797.587021066457964, 5190675.332270827144384 ], [ 635797.824342731386423, 5190670.906523378565907 ], [ 635788.923465767875314, 5190672.921919676475227 ], [ 635779.353786913910881, 5190670.345153025351465 ], [ 635772.582509210333228, 5190663.4482277398929 ], [ 635773.669289314886555, 5190675.854128672741354 ], [ 635763.987376436940394, 5190673.291450963355601 ], [ 635763.092248350381851, 5190679.763902480714023 ], [ 635751.263170679332688, 5190682.73940950166434 ], [ 635741.366303430986591, 5190676.297260131686926 ], [ 635737.402447144268081, 5190683.937420316040516 ], [ 635739.816323036793619, 5190688.520287103950977 ], [ 635737.301605612738058, 5190694.268205154687166 ], [ 635728.886375084985048, 5190698.006783883087337 ], [ 635725.025740019977093, 5190707.983587748371065 ], [ 635716.066834005760029, 5190712.115892789326608 ], [ 635708.216873367549852, 5190718.421968650072813 ], [ 635696.227197658736259, 5190715.382031443528831 ], [ 635688.455841822782531, 5190714.778779269196093 ], [ 635686.956362509750761, 5190707.467609480023384 ], [ 635679.971393320942298, 5190700.61204575560987 ], [ 635663.374833354260772, 5190697.049717992544174 ], [ 635655.768874653382227, 5190708.348704586736858 ], [ 635665.043927343096584, 5190712.725369164720178 ], [ 635665.283156329765916, 5190720.701054806821048 ], [ 635670.742792306584306, 5190723.76183869317174 ], [ 635678.092753164470196, 5190722.157025078311563 ], [ 635675.652164637111127, 5190730.012101795524359 ], [ 635677.791809419053607, 5190735.784242702648044 ], [ 635686.162629460683092, 5190733.949817156419158 ], [ 635678.681060168659315, 5190742.288064380176365 ], [ 635670.161480328068137, 5190751.158616757951677 ], [ 635653.716926712077111, 5190752.001660819165409 ], [ 635647.440758527140133, 5190760.430420702323318 ], [ 635631.969772836891934, 5190756.596263174898922 ], [ 635625.488495915662497, 5190753.341098445467651 ], [ 635630.943183724302799, 5190744.120394337922335 ], [ 635629.202875861083157, 5190736.506140876561403 ], [ 635616.094693266786635, 5190737.552966298535466 ], [ 635607.534609525813721, 5190735.467360323294997 ], [ 635605.298368397401646, 5190730.670528799295425 ], [ 635595.917058381717652, 5190733.711695086210966 ], [ 635586.019176893401891, 5190732.264286655932665 ], [ 635571.75269818585366, 5190732.979412058368325 ], [ 635562.248882808024064, 5190728.765846132300794 ], [ 635542.958225767361, 5190732.443307129666209 ], [ 635520.244687486672774, 5190729.778814014047384 ], [ 635510.230811320594512, 5190730.270236818119884 ], [ 635493.414392755716108, 5190731.048054738901556 ], [ 635498.940369416493922, 5190744.13447680324316 ], [ 635496.730067043681629, 5190745.039809376001358 ], [ 635489.455015639541671, 5190745.709942589513958 ], [ 635489.216096221003681, 5190756.80933312419802 ], [ 635478.353272099629976, 5190769.049829889088869 ], [ 635466.477662116987631, 5190777.403276772238314 ], [ 635467.538415028597228, 5190782.702073383145034 ], [ 635465.031559826922603, 5190791.042993834242225 ], [ 635454.758126611588523, 5190800.732646401040256 ], [ 635457.086336546926759, 5190813.285662214271724 ], [ 635458.054245368344709, 5190827.446444486267865 ], [ 635460.570734733133577, 5190835.223899258300662 ], [ 635459.164927069796249, 5190845.262478142045438 ], [ 635456.40848755184561, 5190858.866891867481172 ], [ 635452.989203252596781, 5190861.184575215913355 ], [ 635450.717296465765685, 5190865.59168687928468 ], [ 635444.092676888220012, 5190873.460536766797304 ], [ 635450.270120777422562, 5190874.35664570145309 ], [ 635457.036658351775259, 5190866.257222728803754 ], [ 635461.241650804062374, 5190860.312091339379549 ], [ 635465.507431233534589, 5190855.377945073880255 ], [ 635470.653483944246545, 5190852.187697369605303 ], [ 635472.23733129655011, 5190860.064272243529558 ], [ 635472.614791579195298, 5190873.078060650266707 ], [ 635470.618659426807426, 5190883.07859302405268 ], [ 635480.23468408244662, 5190889.452966046519578 ], [ 635472.830170220113359, 5190894.556675964035094 ], [ 635494.263993246131577, 5190899.440286240540445 ], [ 635495.021094207535498, 5190905.565374375320971 ], [ 635506.936557697597891, 5190910.050981979817152 ], [ 635524.211827571969479, 5190920.659926535561681 ], [ 635523.027048093732446, 5190943.649737116880715 ], [ 635512.6477310777409, 5190947.440272877924144 ], [ 635499.271010073134676, 5190940.86499232519418 ], [ 635479.963721094769426, 5190956.405379213392735 ], [ 635472.52780071424786, 5190973.734655155800283 ], [ 635460.372997594764456, 5190988.60322443023324 ], [ 635439.722278898232616, 5190989.838640152476728 ], [ 635402.495015132357366, 5190986.031231479719281 ], [ 635398.273844052688219, 5190974.357050575315952 ], [ 635389.43668402871117, 5190971.842345208860934 ], [ 635387.144130453583784, 5190963.715719982981682 ], [ 635382.569626315613277, 5190957.355164071545005 ], [ 635377.955800173571333, 5190944.375264379195869 ], [ 635358.941729746526107, 5190939.675833554007113 ], [ 635361.432477957801893, 5190931.047656176611781 ], [ 635360.719702919595875, 5190926.336754969321191 ], [ 635371.526019912562333, 5190917.651129359379411 ], [ 635366.913460008683614, 5190911.763903157785535 ], [ 635362.433276196825318, 5190913.197570215910673 ], [ 635345.599590724566951, 5190896.2498590471223 ], [ 635341.601890397025272, 5190885.669330842792988 ], [ 635348.006038650288247, 5190880.4136016452685 ], [ 635348.590959136723541, 5190871.486997729167342 ], [ 635357.354111857945099, 5190863.815542183816433 ], [ 635354.930766858160496, 5190859.025527683086693 ], [ 635348.566830560448579, 5190862.800014735199511 ], [ 635331.126470546005294, 5190870.50876437779516 ], [ 635308.538127969368361, 5190862.839642687700689 ], [ 635299.26529226731509, 5190851.577356040477753 ], [ 635307.355531198671088, 5190843.491467137821019 ], [ 635310.77186963299755, 5190835.237027232535183 ], [ 635319.992010680260137, 5190828.152321537025273 ], [ 635325.305561168468557, 5190820.526144482195377 ], [ 635323.622040605987422, 5190810.69197254627943 ], [ 635321.739277905086055, 5190806.101150687783957 ], [ 635317.955729020875879, 5190798.272133604623377 ], [ 635307.146479676710442, 5190801.607975292019546 ], [ 635301.335703000659123, 5190810.952603691257536 ], [ 635289.355616250773892, 5190810.698692282661796 ], [ 635278.339945019688457, 5190799.431741283275187 ], [ 635285.157781447400339, 5190797.482889952138066 ], [ 635286.430522416834719, 5190789.915928159840405 ], [ 635293.739035562495701, 5190789.688343863002956 ], [ 635317.12869547912851, 5190785.41069024708122 ], [ 635318.420316289877519, 5190782.256831547245383 ], [ 635302.772382527939044, 5190779.419615000486374 ], [ 635287.176198166212998, 5190777.948212070390582 ], [ 635273.166920056683011, 5190766.784300375729799 ], [ 635281.732740083709359, 5190758.486516018398106 ], [ 635287.407182273338549, 5190747.810632437467575 ], [ 635282.824622262385674, 5190738.927068132907152 ], [ 635282.79319433378987, 5190738.188569665886462 ], [ 635276.391589782433584, 5190725.259242285043001 ], [ 635274.551379120675847, 5190713.938478327356279 ], [ 635270.123532852623612, 5190706.892457342706621 ], [ 635270.841884323046543, 5190696.706188442185521 ], [ 635270.839001139276661, 5190690.1194649906829 ], [ 635258.381626030895859, 5190681.717836047522724 ], [ 635253.058659463305958, 5190670.627779459580779 ], [ 635251.082772936439142, 5190664.399455011822283 ], [ 635245.373584292596206, 5190661.313428565859795 ], [ 635239.731048909714445, 5190664.181241941638291 ], [ 635232.150480373646133, 5190657.480540875345469 ], [ 635225.52222890756093, 5190646.822246040217578 ], [ 635224.466049942770042, 5190642.323891202919185 ], [ 635218.795759019209072, 5190637.357920556329191 ], [ 635217.573826450388879, 5190615.913984473794699 ], [ 635217.789842837722972, 5190603.222490520216525 ], [ 635230.697353306459263, 5190590.747012352570891 ], [ 635243.45635247672908, 5190586.996973534114659 ], [ 635260.087000217987224, 5190588.866957121528685 ], [ 635258.352028411929496, 5190597.565295238047838 ], [ 635258.244020343641751, 5190603.911042859777808 ], [ 635270.142285100999288, 5190604.113557884469628 ], [ 635289.986261701444164, 5190603.657852513715625 ], [ 635304.250619376543909, 5190604.694100576452911 ], [ 635300.644581955159083, 5190613.519185147248209 ], [ 635302.095806924859062, 5190614.136256591416895 ], [ 635313.368571313796565, 5190625.338582375086844 ], [ 635333.033169402275234, 5190626.480245974846184 ], [ 635339.43525772925932, 5190624.870298101566732 ], [ 635347.840681762434542, 5190619.768621782772243 ], [ 635353.13135412579868, 5190622.357549129985273 ], [ 635351.487017972627655, 5190628.90323787741363 ], [ 635380.53514449368231, 5190636.68429662566632 ], [ 635392.404408072587103, 5190644.036967677995563 ], [ 635401.85148395318538, 5190644.357755225151777 ], [ 635412.392265875823796, 5190651.213838511146605 ], [ 635421.864650157513097, 5190654.218925327062607 ], [ 635440.388067475985736, 5190658.606006897985935 ], [ 635455.997127144131809, 5190661.612549639306962 ], [ 635468.524039803771302, 5190664.871617362834513 ], [ 635479.373001439846121, 5190659.966523324139416 ], [ 635489.725012612296268, 5190662.638599716126919 ], [ 635498.69468877685722, 5190667.038062360137701 ], [ 635500.026942298747599, 5190671.425524978898466 ], [ 635498.939895326155238, 5190675.073843467980623 ], [ 635500.981110873864964, 5190683.515175687149167 ], [ 635511.964879846898839, 5190688.255905329249799 ], [ 635524.547567972680554, 5190694.171794053167105 ], [ 635541.613056541886181, 5190705.432727070525289 ], [ 635555.551534211961553, 5190713.354596802964807 ], [ 635570.976033180137165, 5190712.576185241341591 ], [ 635578.591869532130659, 5190714.032748495228589 ], [ 635590.230173162533902, 5190711.807959933765233 ], [ 635591.956642394186929, 5190707.545554594136775 ], [ 635608.141692492179573, 5190694.806669747456908 ], [ 635616.769194808788598, 5190694.047560597769916 ], [ 635629.239838754408993, 5190682.694382102228701 ], [ 635633.476505024475046, 5190685.404365333728492 ], [ 635638.398998561431654, 5190679.251452509313822 ], [ 635646.369503850466572, 5190673.265413335524499 ], [ 635650.910581156145781, 5190666.198052213527262 ], [ 635659.000699360389262, 5190664.111859573051333 ], [ 635669.103748266468756, 5190666.782699557952583 ], [ 635674.009314123890363, 5190657.805634592659771 ], [ 635676.799979868810624, 5190645.068752714432776 ], [ 635671.834421393694356, 5190632.895821153186262 ], [ 635671.597693679155782, 5190621.18935873080045 ], [ 635676.947657820768654, 5190619.237517256289721 ], [ 635686.55570495291613, 5190622.379907758906484 ], [ 635703.417772631742992, 5190619.743051716126502 ], [ 635717.357365704141557, 5190618.082403620705009 ], [ 635730.408647715114057, 5190617.852566006593406 ], [ 635729.486065523582511, 5190599.265759963542223 ], [ 635723.370864796917886, 5190599.823643933050334 ], [ 635714.869288983754814, 5190607.87154651992023 ], [ 635704.113110754522495, 5190611.731274774298072 ], [ 635691.253598665934987, 5190605.746677466668189 ], [ 635679.704784492612816, 5190606.121082523837686 ], [ 635674.706097794929519, 5190602.768160329200327 ], [ 635672.805140896700323, 5190591.667341093532741 ], [ 635681.645099990768358, 5190579.483398992568254 ], [ 635691.637523539713584, 5190571.263880956918001 ], [ 635692.379728184198029, 5190566.31475371774286 ], [ 635697.894699275726452, 5190563.010785441845655 ], [ 635714.054449118091725, 5190562.92084937915206 ], [ 635715.874197135446593, 5190559.522988025099039 ], [ 635742.60783356311731, 5190564.579784376546741 ], [ 635755.73115131247323, 5190569.223936066962779 ], [ 635772.072982456418686, 5190574.533839269541204 ], [ 635781.809897735249251, 5190581.091258441098034 ], [ 635806.489631086005829, 5190579.333424642682076 ], [ 635812.339624121901579, 5190567.273579139262438 ], [ 635814.688867295975797, 5190560.143909082747996 ], [ 635822.435099038295448, 5190556.700925239361823 ], [ 635835.547872137511149, 5190548.863497566431761 ], [ 635847.746551003190689, 5190547.144216709770262 ], [ 635857.259481818648055, 5190540.541455302387476 ], [ 635871.123666245141067, 5190537.906566912308335 ], [ 635891.002792655956, 5190532.673184328712523 ], [ 635889.403284323285334, 5190521.662486145272851 ], [ 635870.248920023790561, 5190515.627745798788965 ], [ 635865.593516349326819, 5190519.013343094848096 ], [ 635863.847164512844756, 5190522.446453504264355 ], [ 635851.705962873180397, 5190527.897534425370395 ], [ 635845.414146106224507, 5190526.729496317915618 ], [ 635841.052913947496563, 5190532.982962719164789 ], [ 635834.255726115661673, 5190534.893174679018557 ], [ 635835.677436033263803, 5190523.919900938868523 ], [ 635844.209554602392018, 5190514.782566301524639 ], [ 635844.994975633220747, 5190507.059305843897164 ], [ 635848.470656821969897, 5190502.250696685165167 ], [ 635859.401247436995618, 5190494.430122760124505 ], [ 635875.535769139765762, 5190493.707784717902541 ], [ 635892.68196675973013, 5190497.055471535772085 ], [ 635894.341810240992345, 5190488.071154119446874 ], [ 635891.551634437404573, 5190481.097996252588928 ], [ 635885.928439775947481, 5190477.54145385324955 ], [ 635876.751581049873494, 5190473.916427742689848 ], [ 635867.728809350170195, 5190472.870900828391314 ], [ 635866.496143861906603, 5190476.144762575626373 ], [ 635848.995767245418392, 5190479.388731976039708 ], [ 635839.639664690475911, 5190481.007403418421745 ], [ 635823.263200704008341, 5190490.187217289581895 ], [ 635819.711075597908348, 5190501.602207512594759 ], [ 635811.467181615531445, 5190499.562985263764858 ], [ 635809.385077919461764, 5190509.915047639980912 ], [ 635816.325005031656474, 5190508.842224705964327 ], [ 635820.631981754908338, 5190506.187661952339113 ], [ 635822.908928707940504, 5190507.359361855313182 ], [ 635827.084024879615754, 5190516.27199846226722 ], [ 635828.701641732710414, 5190527.100011914037168 ], [ 635825.898974136682227, 5190534.960929444991052 ], [ 635819.19924419070594, 5190543.071502089500427 ], [ 635809.357971205608919, 5190551.281596705317497 ], [ 635806.215499440790154, 5190549.673185291700065 ], [ 635806.560751386568882, 5190542.842390483245254 ], [ 635809.969606130267493, 5190535.438769435510039 ], [ 635809.28850731824059, 5190529.336469803005457 ], [ 635810.178179358365014, 5190522.596937210299075 ], [ 635803.125317920348607, 5190521.139959327876568 ], [ 635800.850795841775835, 5190533.984626253135502 ], [ 635797.786653934977949, 5190540.699147744104266 ], [ 635794.649889089516364, 5190546.745465160347521 ], [ 635798.358681087149307, 5190549.508460415527225 ], [ 635791.621452580089681, 5190556.708437822759151 ], [ 635785.147011865628883, 5190558.750136365182698 ], [ 635778.481704892590642, 5190556.965770367532969 ], [ 635772.630118090193719, 5190554.314296750351787 ], [ 635764.373899505473673, 5190554.526755314320326 ], [ 635754.714787123957649, 5190552.269453972578049 ], [ 635750.334925166331232, 5190550.334996569901705 ], [ 635746.55162574374117, 5190546.250797177664936 ], [ 635731.316827944130637, 5190539.055829553864896 ], [ 635728.638865421642549, 5190530.013684081844985 ], [ 635714.329476422281004, 5190525.083359484560788 ], [ 635707.263460481888615, 5190520.169325132854283 ], [ 635698.368762357276864, 5190521.586858388967812 ], [ 635684.771602948545478, 5190500.308448799885809 ], [ 635683.73857777309604, 5190491.735280583612621 ], [ 635674.587070517474785, 5190485.974790862761438 ], [ 635659.13073537289165, 5190485.979707010090351 ], [ 635644.103709555929527, 5190484.613996951840818 ], [ 635618.878558809519745, 5190478.525933259166777 ], [ 635601.469632570398971, 5190475.868743903934956 ], [ 635574.162247203756124, 5190460.576687666587532 ], [ 635568.324965975480154, 5190447.860950411297381 ], [ 635571.373877991689369, 5190443.216072094626725 ], [ 635585.525840130983852, 5190444.822874206118286 ], [ 635599.077589670661837, 5190439.628790895454586 ], [ 635596.737323203356937, 5190437.066081908531487 ], [ 635583.311823726282455, 5190437.662537908181548 ], [ 635576.348429420264438, 5190418.023970221169293 ], [ 635566.024799213628285, 5190410.746607004664838 ], [ 635555.690516299218871, 5190406.033937855623662 ], [ 635547.733469645841978, 5190392.899142207577825 ], [ 635544.633449881686829, 5190382.098903850652277 ], [ 635538.304203864070587, 5190371.438694803975523 ], [ 635533.376542112324387, 5190366.674054507166147 ], [ 635528.173681670567021, 5190360.041821372695267 ], [ 635513.786661580204964, 5190346.74759241566062 ], [ 635494.732164695626125, 5190338.253685967996716 ], [ 635476.389362653368153, 5190329.011930458247662 ], [ 635452.456081033451483, 5190320.401991087011993 ], [ 635438.013620013138279, 5190314.830443767830729 ], [ 635428.835755822248757, 5190309.972468712367117 ], [ 635415.79030154843349, 5190309.155466658994555 ], [ 635407.494502998073585, 5190302.99856910482049 ], [ 635399.139583223382942, 5190301.960414052940905 ], [ 635393.022377503104508, 5190303.63521302677691 ], [ 635379.250535555765964, 5190299.318019789643586 ], [ 635380.295286112697795, 5190300.974720631726086 ], [ 635376.540606990107335, 5190302.141756218858063 ], [ 635372.95689393451903, 5190302.252753688953817 ], [ 635367.488943758769892, 5190300.091792033985257 ], [ 635362.996056677773595, 5190293.576640924438834 ], [ 635359.118358928128146, 5190282.87716684024781 ], [ 635353.494832199765369, 5190275.46281620953232 ], [ 635353.50535776920151, 5190268.205352739430964 ], [ 635357.088176599354483, 5190264.91549625992775 ], [ 635358.873976720031351, 5190254.875385815277696 ], [ 635372.318116048816592, 5190253.418283705599606 ], [ 635388.000571576179937, 5190250.467352206818759 ], [ 635393.818378806929104, 5190252.988250344060361 ], [ 635400.217383338138461, 5190251.85322043672204 ], [ 635408.310252469964325, 5190245.492277545854449 ], [ 635397.851833196473308, 5190237.086683083325624 ], [ 635388.609944348689169, 5190237.694351902231574 ], [ 635384.234737012186088, 5190242.595642821863294 ], [ 635380.845289711141959, 5190239.929083908908069 ], [ 635379.628807327477261, 5190236.729536141268909 ], [ 635371.793313479167409, 5190241.833921215496957 ], [ 635364.25139787257649, 5190239.735657424665987 ], [ 635358.087009285576642, 5190244.241514745168388 ], [ 635358.647661219001748, 5190246.492946474812925 ], [ 635351.470475944573991, 5190248.639681493863463 ], [ 635337.491680391598493, 5190244.907939281314611 ], [ 635323.035519238095731, 5190233.26746238861233 ], [ 635322.099042464396916, 5190226.482857749797404 ], [ 635318.637024705647491, 5190221.44118136819452 ], [ 635323.142616276396438, 5190213.814244656823575 ], [ 635302.75186904554721, 5190208.394453230313957 ], [ 635302.884312153793871, 5190202.668990137055516 ], [ 635302.99764795624651, 5190195.18728853482753 ], [ 635305.675129213719629, 5190193.799928742460907 ], [ 635305.997565381811, 5190191.834513744339347 ], [ 635299.438956224475987, 5190190.067971074022353 ], [ 635296.062211882555857, 5190182.894851949065924 ], [ 635297.82764066720847, 5190179.16308443620801 ], [ 635299.411469343467616, 5190176.642166208475828 ], [ 635298.799453920451924, 5190166.304260013625026 ], [ 635294.62620706576854, 5190165.038292637094855 ], [ 635288.255601831478998, 5190170.027616542764008 ], [ 635280.723813119111583, 5190168.744486602954566 ], [ 635285.659121231990866, 5190158.723982213065028 ], [ 635277.152926112175919, 5190147.890739955939353 ], [ 635268.552767738350667, 5190144.223544458858669 ], [ 635267.75672390696127, 5190131.302634675987065 ], [ 635262.169781986158341, 5190127.672723332419991 ], [ 635253.465091905440204, 5190127.738564484752715 ], [ 635255.446296976529993, 5190119.142710423097014 ], [ 635269.284146643825807, 5190111.649603720754385 ], [ 635269.841439708601683, 5190107.929272931069136 ], [ 635264.614686381770298, 5190106.637376700527966 ], [ 635252.195992282824591, 5190113.294679123908281 ], [ 635248.565097619546577, 5190118.410627406090498 ], [ 635244.070591635070741, 5190118.042148352600634 ], [ 635246.038531394908205, 5190108.698105714283884 ], [ 635251.317364911083132, 5190095.061627324670553 ], [ 635258.547797351609915, 5190080.150428044609725 ], [ 635267.994992022286169, 5190075.35245740506798 ], [ 635261.651134852785617, 5190060.850202041678131 ], [ 635268.480995844583958, 5190054.081781292334199 ], [ 635271.985050673596561, 5190046.312804564833641 ], [ 635278.909750304650515, 5190042.843834436498582 ], [ 635279.396614361437969, 5190038.561332557350397 ], [ 635283.010373528348282, 5190039.328800732269883 ], [ 635279.95201162667945, 5190033.836018994450569 ], [ 635254.142566510476172, 5190038.637505409307778 ], [ 635253.32167274877429, 5190051.735885449685156 ], [ 635242.990638545015827, 5190062.872499576769769 ], [ 635247.218800199800171, 5190067.022257588803768 ], [ 635244.200118202483281, 5190069.303766482509673 ], [ 635235.744348218664527, 5190069.314848241396248 ], [ 635235.153288949863054, 5190075.430485390126705 ], [ 635221.301243782741949, 5190079.762507795356214 ], [ 635208.362316339975223, 5190080.677240780554712 ], [ 635204.80099008907564, 5190087.757275391370058 ], [ 635204.46171705739107, 5190100.0538907693699 ], [ 635199.110409398097545, 5190102.202704138122499 ], [ 635199.488456935156137, 5190107.192890885286033 ], [ 635191.84431454539299, 5190115.860356061719358 ], [ 635192.93448818300385, 5190124.072503289207816 ], [ 635188.135550088016316, 5190128.19561966881156 ], [ 635187.212169602746144, 5190139.266353747807443 ], [ 635181.772945509525016, 5190142.82060032337904 ], [ 635162.192489612614736, 5190145.607197646051645 ], [ 635159.585915580042638, 5190166.799779187887907 ], [ 635159.345879732165486, 5190186.778700143098831 ], [ 635164.410796246957034, 5190197.344381514005363 ], [ 635168.093171363580041, 5190194.550195828080177 ], [ 635177.310741625726223, 5190185.265543614514172 ], [ 635183.758376861223951, 5190181.625465414486825 ], [ 635195.989647118723951, 5190167.179362875409424 ], [ 635206.688354377634823, 5190160.878770702518523 ], [ 635216.73652144765947, 5190152.614203209988773 ], [ 635222.284176271641627, 5190153.029605177231133 ], [ 635225.087007478694431, 5190157.144106167368591 ], [ 635232.883887942414731, 5190165.236410286277533 ], [ 635236.456161592621356, 5190177.195619013160467 ], [ 635228.266067682532594, 5190186.801744872704148 ], [ 635211.026231895782985, 5190191.895064175128937 ], [ 635196.993444444378838, 5190194.39109712280333 ], [ 635178.004669518675655, 5190200.778583770617843 ], [ 635165.172056743060239, 5190209.488734696991742 ], [ 635162.300485809450038, 5190216.463512583635747 ], [ 635161.419599948916584, 5190222.922198377549648 ], [ 635153.949093234841712, 5190233.255533033981919 ], [ 635143.032347521628253, 5190238.26647550240159 ], [ 635130.298600110225379, 5190244.810415079817176 ], [ 635117.457856029039249, 5190254.468377919867635 ], [ 635108.770941433729604, 5190251.668661665171385 ], [ 635111.165471411077306, 5190242.758861942216754 ], [ 635105.20262086938601, 5190235.83471654355526 ], [ 635090.955742451827973, 5190240.217009196989238 ], [ 635079.377737244823948, 5190242.248844436369836 ], [ 635070.921304145245813, 5190240.419003167189658 ], [ 635074.057323278859258, 5190234.709664884023368 ], [ 635087.798212140449323, 5190230.915730689652264 ], [ 635083.45609531365335, 5190228.408950976096094 ], [ 635072.859380104695447, 5190231.478436704725027 ], [ 635066.45179043430835, 5190234.058247644454241 ], [ 635055.901332324952818, 5190239.756389010697603 ], [ 635047.452597896568477, 5190237.121719175949693 ], [ 635039.391822792473249, 5190230.316861332394183 ], [ 635032.472123775747605, 5190218.392681592144072 ], [ 635025.648785658413544, 5190215.318699296563864 ], [ 635018.491277457913384, 5190193.395973369479179 ], [ 635021.363749504322186, 5190186.838192294351757 ], [ 635017.772123609203845, 5190180.011403453536332 ], [ 635014.715875995811075, 5190170.046884221956134 ], [ 635008.629481776384637, 5190168.560366354882717 ], [ 635008.533508818596601, 5190165.503886019811034 ], [ 635007.466911235940643, 5190161.781918713822961 ], [ 635015.166284469421953, 5190160.621022470295429 ], [ 635010.490580922458321, 5190156.73963509965688 ], [ 635005.698682744055986, 5190152.811272506602108 ], [ 635001.413483758224174, 5190141.554901489987969 ], [ 635003.86782866762951, 5190126.016453832387924 ], [ 634998.284303178079426, 5190123.008571879006922 ], [ 634997.352068805717863, 5190100.169850133359432 ], [ 634984.302222303347662, 5190093.560071510262787 ], [ 634976.896915166056715, 5190081.731625914573669 ], [ 634976.441285795415752, 5190076.952110945247114 ], [ 634969.812982152216136, 5190063.005996856838465 ], [ 634970.089751384221017, 5190046.56753281224519 ], [ 634963.820389775093645, 5190043.082003279589117 ], [ 634956.448277041548863, 5190042.346566868945956 ], [ 634950.288140689139254, 5190034.147133437916636 ], [ 634949.466769827529788, 5190022.831722432747483 ], [ 634954.283684284193441, 5190006.782512504607439 ], [ 634947.092890076688491, 5190004.735228754580021 ], [ 634947.310209073941223, 5190001.543087952770293 ], [ 634939.830737258424051, 5189981.968772401101887 ], [ 634948.634524147841148, 5189973.14205517154187 ], [ 634951.253760588006116, 5189963.602113564498723 ], [ 634955.468788946163841, 5189949.780546992085874 ], [ 634959.838167102541775, 5189940.638372056186199 ], [ 634956.13157516065985, 5189936.747482309117913 ], [ 634949.590062653413042, 5189929.687502351589501 ], [ 634944.371054680552334, 5189914.309449451044202 ], [ 634942.031804733560421, 5189911.51077688857913 ], [ 634934.884213326498866, 5189908.041301744058728 ], [ 634926.629927879548632, 5189896.801382179372013 ], [ 634921.917564120143652, 5189879.915029399096966 ], [ 634918.238862547441386, 5189873.562739176675677 ], [ 634926.074963550781831, 5189861.723702077753842 ], [ 634930.628979014698416, 5189857.596417008899152 ], [ 634945.515288459253497, 5189851.0711031537503 ], [ 634950.236297928611748, 5189848.412586093880236 ], [ 634949.047509632306173, 5189844.819534105248749 ], [ 634941.915815179236233, 5189844.940150134265423 ], [ 634941.29377931333147, 5189835.073059559799731 ], [ 634962.84824827988632, 5189830.340143158100545 ], [ 634970.474045341135934, 5189824.630216876976192 ], [ 634985.711543705896474, 5189820.03178149368614 ], [ 634998.626797950826585, 5189820.272579831071198 ], [ 635009.245331462123431, 5189819.152357487007976 ], [ 635018.006861981237307, 5189816.392612064257264 ], [ 635015.82056150038261, 5189814.536495462059975 ], [ 634998.174069450702518, 5189810.269376245327294 ], [ 634973.011115351924673, 5189805.875338044948876 ], [ 634965.48452186153736, 5189814.275817967019975 ], [ 634947.183227199362591, 5189810.880511087365448 ], [ 634939.152991463546641, 5189814.149676722474396 ], [ 634935.387636674800888, 5189815.415528864599764 ], [ 634925.661991915898398, 5189814.542047873139381 ], [ 634922.865342349512503, 5189820.699140593409538 ], [ 634912.052696818951517, 5189818.066247958689928 ], [ 634907.428616098943166, 5189811.033902920782566 ], [ 634900.460864366730675, 5189808.748430978506804 ], [ 634900.677040323265828, 5189814.436823543161154 ], [ 634892.052633379702456, 5189805.261503573507071 ], [ 634877.385209011496045, 5189797.515263465233147 ], [ 634870.931229999288917, 5189794.536571001634002 ], [ 634858.320338289951906, 5189785.930375991389155 ], [ 634858.911601944593713, 5189781.682653400115669 ], [ 634860.272047982085496, 5189778.890848263166845 ], [ 634869.316306262277067, 5189775.91102597489953 ], [ 634874.364536947337911, 5189776.998888612724841 ], [ 634886.795517623191699, 5189773.966608558781445 ], [ 634900.452806766028516, 5189770.03124476224184 ], [ 634914.476497797528282, 5189768.538993570022285 ], [ 634931.530342266662046, 5189768.615234480239451 ], [ 634936.856828659307212, 5189774.446594321168959 ], [ 634951.269657018710859, 5189779.114656358025968 ], [ 634958.265283923130482, 5189774.767935710959136 ], [ 634973.729822981869802, 5189773.104215319268405 ], [ 634991.173841340700164, 5189769.291291993111372 ], [ 635005.46084058645647, 5189771.893316491506994 ], [ 635024.743353886064142, 5189772.276472575031221 ], [ 635041.220006603747606, 5189776.537680795416236 ], [ 635057.516825570375659, 5189777.088014236651361 ], [ 635072.980672959238291, 5189782.280939158052206 ], [ 635075.557362505700439, 5189786.404586744494736 ], [ 635070.61858901323285, 5189791.106297090649605 ], [ 635078.224729573936202, 5189797.421433380804956 ], [ 635088.235168256564066, 5189789.669191849417984 ], [ 635096.819229547865689, 5189787.231408740393817 ], [ 635107.537009577965364, 5189786.507854542694986 ], [ 635115.924468343262561, 5189788.101524226367474 ], [ 635121.997187635861337, 5189793.564605757594109 ], [ 635141.445669359760359, 5189797.827394456602633 ], [ 635163.454607466002926, 5189804.053663327358663 ], [ 635163.484895836212672, 5189809.030931293033063 ], [ 635155.10231843800284, 5189816.433896468020976 ], [ 635143.917279997956939, 5189819.230394305661321 ], [ 635143.888725878554396, 5189823.19971073884517 ], [ 635154.779716556426138, 5189840.090229017660022 ], [ 635155.094331599771976, 5189844.342372057028115 ], [ 635158.853930223733187, 5189850.113071493804455 ], [ 635176.641491214046255, 5189847.677928110584617 ], [ 635188.249235171126202, 5189853.417201111093163 ], [ 635196.378733206074685, 5189857.183374276384711 ], [ 635197.16011937847361, 5189862.211423481814563 ], [ 635206.821643419796601, 5189873.02232173923403 ], [ 635209.865960689727217, 5189878.517862051725388 ], [ 635216.221023177262396, 5189879.141991598531604 ], [ 635233.216925608809106, 5189887.617834744974971 ], [ 635246.44106432958506, 5189895.679505113512278 ], [ 635253.621625968720764, 5189908.258092890493572 ], [ 635249.359863341087475, 5189913.603294504806399 ], [ 635249.036130049265921, 5189920.345450843684375 ], [ 635263.953215590212494, 5189929.227895457297564 ], [ 635268.287443140055984, 5189945.065879311412573 ], [ 635273.876940028276294, 5189963.587095239199698 ], [ 635279.107869389932603, 5189973.270645843818784 ], [ 635289.152263955911621, 5189971.690677655860782 ], [ 635297.993625844828784, 5189967.178378832526505 ], [ 635308.530671004555188, 5189967.49770147446543 ], [ 635315.128951112972572, 5189968.460955350659788 ], [ 635331.587210503639653, 5189964.990242807194591 ], [ 635339.778260033577681, 5189957.913001587614417 ], [ 635347.794826348894276, 5189951.804742678999901 ], [ 635351.204852882074192, 5189940.747325173579156 ], [ 635359.750641380669549, 5189926.457475793547928 ], [ 635370.954899229807779, 5189928.05509024579078 ], [ 635374.27814034698531, 5189923.330883248709142 ], [ 635373.733494716929272, 5189907.506392147392035 ], [ 635377.490877703414299, 5189907.884322895668447 ], [ 635383.815008624573238, 5189901.630264946259558 ], [ 635389.539344464195892, 5189901.18271304666996 ], [ 635394.912921843584627, 5189902.132122699171305 ], [ 635395.153309954330325, 5189895.880521275103092 ], [ 635383.237083573942073, 5189890.698966464027762 ], [ 635375.340255658840761, 5189893.414431960321963 ], [ 635364.225524139706977, 5189896.721100747585297 ], [ 635364.345343149965629, 5189905.309717234224081 ], [ 635353.965049028396606, 5189907.295950500294566 ], [ 635351.987539113382809, 5189903.277491915039718 ], [ 635340.784374674549326, 5189898.149070851504803 ], [ 635333.803947567124851, 5189904.304963087663054 ], [ 635327.997163316234946, 5189906.248037871904671 ], [ 635320.592078862595372, 5189904.923071312718093 ], [ 635317.281331358943135, 5189905.916674543172121 ], [ 635314.208764945855364, 5189904.372456759214401 ], [ 635312.302508009597659, 5189902.219119224697351 ], [ 635303.983100571436808, 5189901.209575774148107 ], [ 635299.242837889352813, 5189898.771018669009209 ], [ 635300.258893665974028, 5189892.066642668098211 ], [ 635297.271118975710124, 5189888.477969159372151 ], [ 635296.029298629029654, 5189882.184144765138626 ], [ 635288.576508754864335, 5189874.67267254088074 ], [ 635274.483979376382194, 5189863.99235191848129 ], [ 635280.825465714442544, 5189861.771390912123024 ], [ 635293.72078947047703, 5189867.825564255937934 ], [ 635302.240178453153931, 5189871.538377090357244 ], [ 635302.862593305530027, 5189866.69420952629298 ], [ 635309.383878165506758, 5189862.604400743730366 ], [ 635317.169228585902601, 5189863.618853756226599 ], [ 635321.114064874243923, 5189868.258764147758484 ], [ 635327.049716320121661, 5189856.628359895199537 ], [ 635331.651686029275879, 5189852.503886600024998 ], [ 635339.700844669248909, 5189858.170600047335029 ], [ 635345.581749146687798, 5189854.868852946907282 ], [ 635349.476641943561845, 5189858.212977401912212 ], [ 635358.442712977761403, 5189844.84523393958807 ], [ 635362.906247613020241, 5189833.754747034981847 ], [ 635371.658862434211187, 5189831.401827641762793 ], [ 635378.949208461097442, 5189834.415757125243545 ], [ 635389.815137681667693, 5189828.982956539839506 ], [ 635388.074570183525793, 5189822.675643157213926 ], [ 635377.208904524683021, 5189824.802611010149121 ], [ 635363.880501358071342, 5189822.92586141359061 ], [ 635352.386390538886189, 5189811.09682078845799 ], [ 635351.079229802708142, 5189798.771180870011449 ], [ 635350.961371406214312, 5189787.775716660544276 ], [ 635352.231851502321661, 5189770.998165865428746 ], [ 635351.555941571481526, 5189763.944009848870337 ], [ 635369.22743451804854, 5189756.813117085956037 ], [ 635390.074819798930548, 5189757.787876487709582 ], [ 635382.665049594012089, 5189742.871501230634749 ], [ 635393.766082514426671, 5189737.960673742927611 ], [ 635407.614598885644227, 5189736.421440361067653 ], [ 635411.199637067038566, 5189734.058570962399244 ], [ 635398.863365208962932, 5189728.116909307427704 ], [ 635381.072392468573526, 5189727.814136078581214 ], [ 635371.660168339381926, 5189733.377673761919141 ], [ 635347.357584544690326, 5189732.307115633040667 ], [ 635336.658003684715368, 5189729.728144342079759 ], [ 635324.017599569982849, 5189724.030295790173113 ], [ 635325.396890691947192, 5189714.314249493181705 ], [ 635324.115510251373053, 5189704.997901058755815 ], [ 635313.216648332891054, 5189696.677822430618107 ], [ 635312.471719387103803, 5189692.915330117568374 ], [ 635308.717576794908382, 5189682.181967852637172 ], [ 635303.504200590774417, 5189678.282433526590466 ], [ 635300.2452289898647, 5189672.70824415795505 ], [ 635301.715114191756584, 5189665.953593837097287 ], [ 635301.245886021875776, 5189659.03494973666966 ], [ 635301.750643646926619, 5189656.638658573850989 ], [ 635289.541291808942333, 5189649.056242047809064 ], [ 635290.179391965968534, 5189642.761412961408496 ], [ 635293.54416211694479, 5189640.179805506952107 ], [ 635292.099567915545776, 5189636.458403870463371 ], [ 635286.168158562853932, 5189635.324513419531286 ], [ 635283.210139730013907, 5189620.350911229848862 ], [ 635277.843448680941947, 5189610.947040896862745 ], [ 635257.985062022344209, 5189604.975368389859796 ], [ 635254.728462596423924, 5189599.144233352504671 ], [ 635261.471104512922466, 5189596.854098919779062 ], [ 635269.093349733622745, 5189596.993814050219953 ], [ 635270.485721372184344, 5189592.149750284850597 ], [ 635260.207840652437881, 5189589.410967987962067 ], [ 635243.021415148396045, 5189580.495916304178536 ], [ 635233.400754398666322, 5189573.805515457876027 ], [ 635223.098090253188275, 5189582.335753279738128 ], [ 635222.692732113297097, 5189575.248206020332873 ], [ 635215.295581351034343, 5189571.165517757646739 ], [ 635219.221800090395845, 5189562.738755294121802 ], [ 635226.125820430926979, 5189556.606557421386242 ], [ 635221.879638709593564, 5189552.516495442017913 ], [ 635216.591362224309705, 5189558.130217029713094 ], [ 635216.027460428420454, 5189557.009675693698227 ], [ 635212.436126614687964, 5189558.567478293552995 ], [ 635199.836131788673811, 5189559.309004915878177 ], [ 635195.011499149375595, 5189555.012108919210732 ], [ 635194.887770710512996, 5189552.411132377572358 ], [ 635177.788793414481916, 5189550.873205309733748 ], [ 635168.585880414582789, 5189540.142116723582149 ], [ 635172.657102179015055, 5189534.887665001675487 ], [ 635163.141641511581838, 5189532.180858640931547 ], [ 635155.230960049200803, 5189540.822798978537321 ], [ 635137.576902654953301, 5189527.422016590833664 ], [ 635125.488553427741863, 5189528.124253534711897 ], [ 635123.113852070411667, 5189531.521669859066606 ], [ 635111.06805211736355, 5189530.193732028827071 ], [ 635101.436293432489038, 5189532.910676325671375 ], [ 635097.305085776839405, 5189532.34739656932652 ], [ 635088.054043387528509, 5189534.60984271671623 ], [ 635082.354643174563535, 5189531.007026121020317 ], [ 635088.439074167748913, 5189528.319709493778646 ], [ 635097.91102448257152, 5189527.295960948802531 ], [ 635105.948380222427659, 5189524.724874602630734 ], [ 635110.519775772001594, 5189514.464185527525842 ], [ 635108.801188119221479, 5189508.040257845073938 ], [ 635102.86365598696284, 5189508.265197793953121 ], [ 635093.439396724803373, 5189503.431050833314657 ], [ 635081.347128602443263, 5189498.546500748023391 ], [ 635073.371719754999503, 5189494.186987996101379 ], [ 635076.835021566716023, 5189506.792298913002014 ], [ 635074.408921633614227, 5189518.96840161178261 ], [ 635070.883491476764902, 5189522.118246018886566 ], [ 635071.469534555100836, 5189530.692791245877743 ], [ 635068.34146936959587, 5189534.46636700257659 ], [ 635057.783324622781947, 5189534.799664168618619 ], [ 635050.720253869192675, 5189539.290235078893602 ], [ 635041.637834212044254, 5189543.513452416285872 ], [ 635037.35293394420296, 5189541.46363137383014 ], [ 635038.383763124467805, 5189537.886353839188814 ], [ 635033.817549984785728, 5189535.855744326487184 ], [ 635034.232233508257195, 5189530.526068528182805 ], [ 635027.810478833154775, 5189529.237843015231192 ], [ 635020.180823788512498, 5189537.877563280053437 ], [ 635019.405798084335402, 5189545.519990446977317 ], [ 635013.940942318295129, 5189553.812569847330451 ], [ 635010.437689340906218, 5189559.9486412294209 ], [ 635002.909041779581457, 5189562.065406613983214 ], [ 634992.239032188779674, 5189556.574091373942792 ], [ 634993.557309694238938, 5189545.801067258231342 ], [ 634999.122615208500065, 5189542.299957414157689 ], [ 634992.369561359286308, 5189538.621213450096548 ], [ 634995.879233754239976, 5189535.222114133648574 ], [ 635002.150552254053764, 5189529.779116927646101 ], [ 635006.655311270500533, 5189524.90302658546716 ], [ 635004.038163968361914, 5189522.921585476025939 ], [ 634990.512401193613186, 5189522.477416882291436 ], [ 634982.818436760688201, 5189526.082294694148004 ], [ 634965.496691312757321, 5189533.992103642784059 ], [ 634950.443427393212914, 5189543.453440613113344 ], [ 634939.451462307479233, 5189544.835301585495472 ], [ 634928.108338771853596, 5189548.284082177095115 ], [ 634924.071844150545076, 5189553.672114810906351 ], [ 634917.118938627303578, 5189554.509742682799697 ], [ 634910.072779622161761, 5189546.431232579983771 ], [ 634903.991487702238373, 5189540.708024910651147 ], [ 634893.208567491732538, 5189534.506825760006905 ], [ 634881.185446032090113, 5189527.733549166470766 ], [ 634870.532201706897467, 5189524.136426201090217 ], [ 634861.520371839171275, 5189521.215204022824764 ], [ 634849.846962791052647, 5189514.692867327481508 ], [ 634841.111586006125435, 5189501.343877456150949 ], [ 634842.560912747285329, 5189493.622933273203671 ], [ 634842.551209901459515, 5189488.846009582281113 ], [ 634838.573755783028901, 5189490.412239631637931 ], [ 634831.708682282711379, 5189486.617597432807088 ], [ 634828.870052074082196, 5189484.136413375847042 ], [ 634825.974834171589464, 5189473.698668784461915 ], [ 634822.240130561287515, 5189466.582469466142356 ], [ 634826.758493402972817, 5189457.733813095837831 ], [ 634833.17929873499088, 5189447.854585393331945 ], [ 634827.527687073801644, 5189447.143439320847392 ], [ 634818.99212863179855, 5189455.72174271568656 ], [ 634801.867992014158517, 5189451.667520307935774 ], [ 634795.153038457036018, 5189442.165723076090217 ], [ 634797.683810853981413, 5189429.244447574019432 ], [ 634801.872298392117955, 5189426.382874149829149 ], [ 634800.428677948657423, 5189423.779437812976539 ], [ 634808.742537184618413, 5189416.594290639273822 ], [ 634811.233443345641717, 5189413.301848646253347 ], [ 634815.093355876859277, 5189408.829764641821384 ], [ 634818.931021035066806, 5189399.906527182087302 ], [ 634820.053400874137878, 5189394.2399150300771 ], [ 634826.928088202956133, 5189384.307413511909544 ], [ 634836.046389308176003, 5189375.096057757735252 ], [ 634847.668748671654612, 5189363.523435746319592 ], [ 634859.379466376500204, 5189354.456190238706768 ], [ 634880.850398541428149, 5189343.702131148427725 ], [ 634905.933332863845862, 5189332.878544269129634 ], [ 634926.077111975988373, 5189320.550976200029254 ], [ 634934.404449765221216, 5189320.212709478102624 ], [ 634950.801421071286313, 5189314.995018635876477 ], [ 634963.195732128340751, 5189299.074747183360159 ], [ 634958.260421028127894, 5189292.350095338188112 ], [ 634958.629333506338298, 5189289.063538712449372 ], [ 634969.67748077516444, 5189290.197500395588577 ], [ 634972.203997549950145, 5189292.568877854384482 ], [ 634978.064596112701111, 5189289.954445513896644 ], [ 634997.760075670783408, 5189298.224010674282908 ], [ 635010.505556888645515, 5189295.267163238488138 ], [ 635029.515693055232987, 5189297.177584508433938 ], [ 635048.444939963752404, 5189303.847291245125234 ], [ 635065.021592993638478, 5189308.890043104998767 ], [ 635075.387386139133014, 5189305.892599613405764 ], [ 635086.397925069089979, 5189311.634191931225359 ], [ 635094.181650083744898, 5189320.494514377787709 ], [ 635101.199140022043139, 5189327.75497705116868 ], [ 635096.003336431575008, 5189335.761854132637382 ], [ 635100.727798107895069, 5189340.445222389884293 ], [ 635101.385700180544518, 5189347.55906374938786 ], [ 635102.992955605499446, 5189354.473071455024183 ], [ 635113.588414532016031, 5189360.291097743436694 ], [ 635126.369284050073475, 5189354.238407915458083 ], [ 635129.511973547516391, 5189342.518875040113926 ], [ 635134.419742363505065, 5189333.874427285045385 ], [ 635153.551470803329721, 5189328.645875507034361 ], [ 635157.463531847926788, 5189331.886190536431968 ], [ 635162.236413821927272, 5189331.174051903188229 ], [ 635167.090189753449522, 5189325.702426638454199 ], [ 635182.350254283985123, 5189314.853864624164999 ], [ 635192.797139033558778, 5189307.097236800938845 ], [ 635204.668407097924501, 5189308.886075059883296 ], [ 635222.105689135030843, 5189309.976271394640207 ], [ 635234.918670850922354, 5189303.053267912007868 ], [ 635250.877479652641341, 5189297.77071881480515 ], [ 635271.757655338617042, 5189283.050588600337505 ], [ 635298.673019460053183, 5189286.682357263751328 ], [ 635309.670167832751758, 5189293.21708513610065 ], [ 635326.219734551035799, 5189299.846300488337874 ], [ 635334.918080180417746, 5189301.581244513392448 ], [ 635346.964831443270668, 5189293.058277827687562 ], [ 635364.388721056166105, 5189294.941706812009215 ], [ 635373.826305914204568, 5189299.862974517047405 ], [ 635380.776309476001188, 5189311.089498211629689 ], [ 635383.007419551955536, 5189319.855436339974403 ], [ 635379.950832750415429, 5189320.080907704308629 ], [ 635379.95707673439756, 5189320.225206864997745 ], [ 635372.937948455335572, 5189325.541492393240333 ], [ 635358.840489130700007, 5189327.019506289623678 ], [ 635352.282120023388416, 5189345.510983537882566 ], [ 635339.441328450571746, 5189352.352118503302336 ], [ 635332.50292680086568, 5189357.801770180463791 ], [ 635332.787375963525847, 5189362.475380510091782 ], [ 635348.326813913648948, 5189366.576633014716208 ], [ 635346.124107571551576, 5189373.910785224288702 ], [ 635338.609179457416758, 5189378.746655369177461 ], [ 635327.889637331245467, 5189373.932464174926281 ], [ 635324.073905957746319, 5189370.754683647304773 ], [ 635313.036992531386204, 5189371.956794700585306 ], [ 635310.439529791590758, 5189380.159185265190899 ], [ 635324.142098466632888, 5189392.895751692354679 ], [ 635322.144350381335244, 5189402.053301398642361 ], [ 635325.554518394987099, 5189406.793103105388582 ], [ 635333.918808521702886, 5189407.339422985911369 ], [ 635340.749456316931173, 5189404.284820270724595 ], [ 635348.847557200817391, 5189390.329324644058943 ], [ 635356.375968862324953, 5189382.820815718732774 ], [ 635356.827094756416045, 5189373.292962474748492 ], [ 635363.477398952818476, 5189371.199242541566491 ], [ 635368.899448527721688, 5189365.010821311734617 ], [ 635375.835373878013343, 5189358.120198028162122 ], [ 635393.247401882661507, 5189351.545843971893191 ], [ 635401.327353612054139, 5189351.525351687334478 ], [ 635405.580637793405913, 5189360.839277501218021 ], [ 635412.250955727417022, 5189361.682753416709602 ], [ 635419.651775786071084, 5189353.798089834861457 ], [ 635438.535845261067152, 5189353.269489830359817 ], [ 635448.009147164179012, 5189359.86438559461385 ], [ 635457.46007331868168, 5189359.665233838371933 ], [ 635466.132991520105861, 5189353.005158220417798 ], [ 635491.109326742822304, 5189365.42960412055254 ], [ 635493.310423081624322, 5189361.833238948136568 ], [ 635516.287952437065542, 5189361.407097824849188 ], [ 635521.718206942314282, 5189346.892120452597737 ], [ 635532.394476063316688, 5189325.650748849846423 ], [ 635545.288458441267721, 5189313.968451073393226 ], [ 635560.251571285538375, 5189320.570673843845725 ], [ 635584.169707318302244, 5189313.836644795723259 ], [ 635601.364032644545659, 5189329.204812882468104 ], [ 635613.046333886915818, 5189342.098697671666741 ], [ 635625.204467364004813, 5189354.677896342240274 ], [ 635636.277001527370885, 5189348.827015736140311 ], [ 635642.398226424353197, 5189343.819331345148385 ], [ 635656.526720959693193, 5189329.847251158207655 ], [ 635680.049524039844982, 5189301.945118806324899 ], [ 635693.99151474609971, 5189275.933644834905863 ], [ 635703.141920861089602, 5189247.09076293092221 ], [ 635709.255843619117513, 5189172.744406768120825 ], [ 635701.931857293704525, 5189116.646483985707164 ], [ 635692.479360614204779, 5189065.655394047498703 ], [ 635684.622548186336644, 5189025.807721097022295 ], [ 635678.170214126002975, 5188997.968368214555085 ], [ 635672.099209431326017, 5188962.292885371483862 ], [ 635667.215628533158451, 5188942.678531349636614 ], [ 635664.050515740760602, 5188929.965886530466378 ], [ 635653.579235509852879, 5188882.189813351258636 ], [ 635645.289822684368119, 5188833.686306810937822 ], [ 635646.576610141084529, 5188806.839507477357984 ], [ 635649.711911670863628, 5188792.544654496945441 ], [ 635657.912202284554951, 5188762.404560184106231 ], [ 635667.725800207816064, 5188742.77250817604363 ], [ 635675.271578616346233, 5188732.967787997797132 ], [ 635686.753064313088544, 5188719.261129184626043 ], [ 635690.103771910071373, 5188715.260940860956907 ], [ 635707.36109602637589, 5188696.887192210182548 ], [ 635715.600147444289178, 5188688.480699693784118 ], [ 635720.237641547224484, 5188683.748942920006812 ], [ 635737.30236587265972, 5188671.563815054483712 ], [ 635743.940707231173292, 5188666.823605725541711 ], [ 635751.517896537785418, 5188662.395257109776139 ], [ 635772.874865865567699, 5188649.913280656561255 ], [ 635812.928923019440845, 5188631.108765509910882 ], [ 635838.306493013980798, 5188625.890852405689657 ], [ 635854.30552869127132, 5188620.613352419808507 ], [ 635879.377344844746403, 5188609.423021780326962 ], [ 635917.043670681770891, 5188601.963723791763186 ], [ 635945.932940357131884, 5188596.242687789723277 ], [ 635957.329801118699834, 5188593.985728654079139 ], [ 635975.179894694709219, 5188591.320899270474911 ], [ 635995.919892216916196, 5188588.224665783345699 ], [ 635996.212294280296192, 5188588.270739198662341 ], [ 635987.46629103180021, 5188582.553887024521828 ], [ 635978.285125048132613, 5188562.561511605978012 ], [ 635965.796060007298365, 5188550.447272900491953 ], [ 635947.082708206609823, 5188531.086067656055093 ], [ 635927.751582838012837, 5188501.399546248838305 ], [ 635909.993425561580807, 5188472.533154133707285 ], [ 635893.902710030670278, 5188438.934564624913037 ], [ 635878.591729408246465, 5188406.142607012763619 ], [ 635881.565178139135242, 5188371.281475389376283 ], [ 635881.468554530292749, 5188367.627706564031541 ], [ 635876.483867822447792, 5188357.309383386746049 ], [ 635870.151864505140111, 5188341.812383500859141 ], [ 635887.40918655844871, 5188316.415247411467135 ], [ 635902.566266846260987, 5188288.922472721897066 ], [ 635908.969725996721536, 5188269.248373956419528 ], [ 635903.781539186951704, 5188268.980107023380697 ], [ 635887.723520045983605, 5188284.424130427651107 ], [ 635881.295089098974131, 5188296.04518938716501 ], [ 635881.089373213937506, 5188306.196201953105628 ], [ 635866.985417041694745, 5188305.763235023245215 ], [ 635860.14973326807376, 5188292.599553843028843 ], [ 635871.490765954367816, 5188273.994421435520053 ], [ 635880.133144227205776, 5188262.664019940420985 ], [ 635885.505527601460926, 5188249.932044608518481 ], [ 635885.057055279728957, 5188240.557863332331181 ], [ 635882.599971668561921, 5188225.465779009275138 ], [ 635896.693776041851379, 5188221.029803815297782 ], [ 635893.79568532446865, 5188197.417623827233911 ], [ 635899.205786384642124, 5188184.114316379651427 ], [ 635907.630610542255454, 5188169.643360916525126 ], [ 635912.491053902194835, 5188165.07828146032989 ], [ 635916.743805100210011, 5188137.634957622736692 ], [ 635916.189040967612527, 5188116.347537815570831 ], [ 635929.759340935968794, 5188092.959558031521738 ], [ 635940.170226514805108, 5188068.546868139877915 ], [ 635955.073497674544342, 5188051.974240033887327 ], [ 635955.649875595467165, 5188040.313604497350752 ], [ 635943.421518425806426, 5188037.606668912805617 ], [ 635945.542023919406347, 5188016.765745990909636 ], [ 635938.473329585744068, 5188015.768520534038544 ], [ 635933.054481560830027, 5188005.724800041876733 ], [ 635928.892335323034786, 5187996.63541673310101 ], [ 635923.30756044795271, 5187995.462448760867119 ], [ 635909.914411848061718, 5187987.750935820862651 ], [ 635899.86736979172565, 5187981.434289901517332 ], [ 635886.358214259147644, 5187977.837606627494097 ], [ 635883.02120779978577, 5187973.02805888094008 ], [ 635875.80621804180555, 5187981.804875972680748 ], [ 635864.772010360844433, 5187981.084165523760021 ], [ 635852.857682752655819, 5187979.726510648615658 ], [ 635856.154115112964064, 5187966.409238764084876 ], [ 635868.830804591765627, 5187958.751297616399825 ], [ 635880.888911300571635, 5187952.839647145010531 ], [ 635872.158902764553204, 5187927.698315371759236 ], [ 635864.377367751789279, 5187909.831873189657927 ], [ 635856.502591324504465, 5187894.418927346356213 ], [ 635846.168870321474969, 5187879.350527674891055 ], [ 635834.694446008070372, 5187870.850504264235497 ], [ 635818.396664804429747, 5187858.523698478937149 ], [ 635799.832381376880221, 5187849.888552406802773 ], [ 635794.526010170811787, 5187844.547624677419662 ], [ 635780.110533884144388, 5187827.719064773060381 ], [ 635781.381659712991677, 5187814.131347784772515 ], [ 635786.446872204076499, 5187815.044885294511914 ], [ 635801.604818085557781, 5187823.879962941631675 ], [ 635803.772403024020605, 5187822.946088162250817 ], [ 635795.032844874309376, 5187814.416800795122981 ], [ 635783.119819889659993, 5187807.299251122400165 ], [ 635775.343476718873717, 5187805.637021632865071 ], [ 635765.068839545827359, 5187797.651590595021844 ], [ 635758.959483149461448, 5187791.694931500591338 ], [ 635756.981609878595918, 5187786.720819553360343 ], [ 635745.553563357214443, 5187781.519230345264077 ], [ 635726.752894470235333, 5187766.91255637910217 ], [ 635710.440722041064873, 5187745.998429111205041 ], [ 635689.570253755897284, 5187713.101128774695098 ], [ 635685.064672207459807, 5187700.435184262692928 ], [ 635676.175589200225659, 5187694.241144794039428 ], [ 635668.619165366049856, 5187699.577320027165115 ], [ 635654.498367023537867, 5187701.368980047293007 ], [ 635646.313405338791199, 5187708.619367823936045 ], [ 635640.1763024055399, 5187705.998077666386962 ], [ 635644.54227124073077, 5187699.404681229032576 ], [ 635645.770023021497764, 5187690.482003866694868 ], [ 635649.222393039613962, 5187686.394941371865571 ], [ 635652.05813217558898, 5187681.112445464357734 ], [ 635640.410655381623656, 5187676.001522812992334 ], [ 635638.781971495598555, 5187681.218558713793755 ], [ 635635.142851747805253, 5187690.05221302062273 ], [ 635623.341336744837463, 5187690.05742063652724 ], [ 635610.929986840346828, 5187685.411478847265244 ], [ 635605.43782689422369, 5187667.33391491882503 ], [ 635612.415913222474046, 5187656.259179383516312 ], [ 635611.934738822747022, 5187646.161484157666564 ], [ 635608.670377133064903, 5187641.196186058223248 ], [ 635604.567354279803112, 5187641.444365239702165 ], [ 635599.139119508559816, 5187637.947179709561169 ], [ 635599.077423260896467, 5187631.405448624864221 ], [ 635592.835905576823279, 5187625.752531156875193 ], [ 635590.797737760352902, 5187620.302119471132755 ], [ 635588.660479795071296, 5187623.14461780898273 ], [ 635581.599651318625547, 5187617.39476565271616 ], [ 635588.105111939948983, 5187610.883766321465373 ], [ 635578.546953197102994, 5187600.928630138747394 ], [ 635574.963800481753424, 5187602.593585628084838 ], [ 635556.768685346469283, 5187589.251667348667979 ], [ 635552.164840694167651, 5187576.089980838820338 ], [ 635545.310878737363964, 5187573.462497124448419 ], [ 635548.074198808637448, 5187587.835809817537665 ], [ 635545.220007178373635, 5187586.797299767844379 ], [ 635542.441945722559467, 5187581.460294968448579 ], [ 635541.687770696706139, 5187577.910936952568591 ], [ 635530.782475991290994, 5187574.738651280291378 ], [ 635515.244928798172623, 5187567.897533012554049 ], [ 635506.747250408632681, 5187563.095190261490643 ], [ 635489.864583781454712, 5187553.931601049378514 ], [ 635474.781119455466978, 5187546.437841912731528 ], [ 635459.855171664385125, 5187533.682221404276788 ], [ 635459.176274982281029, 5187533.102099312469363 ], [ 635446.733930870890617, 5187520.491927894763649 ], [ 635436.110848048701882, 5187505.421930345706642 ], [ 635428.435825357446447, 5187482.287486986257136 ], [ 635423.788696190691553, 5187472.198918495327234 ], [ 635419.063494369271211, 5187457.530247108079493 ], [ 635414.373771602171473, 5187449.53385160304606 ], [ 635406.839219840592705, 5187447.824746557511389 ], [ 635408.381611204240471, 5187459.082434297539294 ], [ 635404.051613776478916, 5187472.437108756043017 ], [ 635405.162138579878956, 5187478.28071526158601 ], [ 635396.583404675475322, 5187482.05157474335283 ], [ 635381.179709483054467, 5187476.670767698436975 ], [ 635373.287487616762519, 5187478.881383892148733 ], [ 635365.11181374383159, 5187481.178173214197159 ], [ 635359.723514564801008, 5187481.975459625944495 ], [ 635349.562897657509893, 5187485.391422579996288 ], [ 635348.374627211131155, 5187473.831776137463748 ], [ 635341.031228812877089, 5187460.181512461043894 ], [ 635346.912879309500568, 5187457.363719135522842 ], [ 635347.709410503623076, 5187443.164971491321921 ], [ 635355.650381103157997, 5187432.093621134757996 ], [ 635358.95856038085185, 5187427.959108590148389 ], [ 635367.581982523202896, 5187417.62333220243454 ], [ 635383.44858869316522, 5187404.84590679872781 ], [ 635374.140121593256481, 5187402.43165715970099 ], [ 635368.885980186518282, 5187404.5711609730497 ], [ 635354.126339998445474, 5187392.484645591117442 ], [ 635347.704268507659435, 5187393.330342841334641 ], [ 635341.167781541589648, 5187387.970399755053222 ], [ 635343.73238416062668, 5187378.699489766731858 ], [ 635339.738427233998664, 5187378.708538822829723 ], [ 635331.314738766290247, 5187386.59083460457623 ], [ 635328.560251580784097, 5187398.794368844479322 ], [ 635333.481396996998228, 5187415.464271063916385 ], [ 635325.430812897044234, 5187415.698291535489261 ], [ 635318.649979690439068, 5187412.299094332382083 ], [ 635313.622429448645562, 5187403.118012325838208 ], [ 635314.231018597143702, 5187381.216448960825801 ], [ 635316.44832031650003, 5187371.317661845125258 ], [ 635315.429430708289146, 5187370.726356386207044 ], [ 635308.00890236441046, 5187371.543068267405033 ], [ 635311.906688834307715, 5187347.151588215492666 ], [ 635300.63787910877727, 5187346.173917495645583 ], [ 635301.709166048793122, 5187341.275385833345354 ], [ 635292.545525691122748, 5187333.345875016413629 ], [ 635282.486092498060316, 5187323.173235311172903 ], [ 635273.964060295023955, 5187320.966357653029263 ], [ 635265.066394813475199, 5187313.625343761406839 ], [ 635259.891396849416196, 5187305.587699023075402 ], [ 635249.824238130822778, 5187302.922557127662003 ], [ 635246.361362562165596, 5187294.520059474743903 ], [ 635238.673216977505945, 5187286.968634803779423 ], [ 635231.315056212595664, 5187283.531620266847312 ], [ 635219.638454873580486, 5187284.423920844681561 ], [ 635209.882990380632691, 5187281.188110975548625 ], [ 635197.179821275523864, 5187269.185587616637349 ], [ 635196.456079266034067, 5187261.178672675043344 ], [ 635191.656416384736076, 5187245.537793724797666 ], [ 635190.210089431609958, 5187241.270399621687829 ], [ 635182.311073691351339, 5187236.827234841883183 ], [ 635171.445852741366252, 5187229.2307632798329 ], [ 635171.902318586828187, 5187236.608161833137274 ], [ 635161.966803682036698, 5187237.84306763112545 ], [ 635157.460626697284169, 5187227.168935926631093 ], [ 635153.178149639046751, 5187227.32707045879215 ], [ 635155.210526345879771, 5187234.117308856919408 ], [ 635148.587106842198409, 5187231.3987603103742 ], [ 635134.72502833919134, 5187212.340875824913383 ], [ 635131.853934797109105, 5187196.660812357440591 ], [ 635120.112320856191218, 5187189.795396395027637 ], [ 635108.915653636679053, 5187174.643665778450668 ], [ 635100.154046597075649, 5187177.526462058536708 ], [ 635098.733107889886014, 5187176.94511691480875 ], [ 635093.696105030714534, 5187179.887276184745133 ], [ 635085.761298024794087, 5187179.752289351075888 ], [ 635080.287975262617692, 5187174.896915445104241 ], [ 635072.542149776127189, 5187163.653199644759297 ], [ 635068.742558436002582, 5187147.276177555322647 ], [ 635065.060113603482023, 5187142.593163422308862 ], [ 635057.07049890444614, 5187141.183308742009103 ], [ 635049.719600255484693, 5187138.965360904112458 ], [ 635034.119927727500908, 5187133.878222810104489 ], [ 635018.795987496967427, 5187131.039663244970143 ], [ 634998.981206186348572, 5187121.269050643779337 ], [ 634982.715696429251693, 5187112.882752008736134 ], [ 634968.03006263053976, 5187109.848062754608691 ], [ 634955.985690363449976, 5187107.848256514407694 ], [ 634939.196478561498225, 5187104.324804810807109 ], [ 634930.988865907071158, 5187094.627660189755261 ], [ 634920.06601914355997, 5187096.590734872967005 ], [ 634893.490928568411618, 5187098.085547093302011 ], [ 634887.98405568767339, 5187090.394249056465924 ], [ 634861.624850475345738, 5187085.547055004164577 ], [ 634845.211222881567664, 5187077.756210646592081 ], [ 634837.638144287164323, 5187074.25655013974756 ], [ 634828.355696968501434, 5187073.722658794373274 ], [ 634813.783450672868639, 5187063.964241891168058 ], [ 634795.90791558730416, 5187064.813090283423662 ], [ 634788.879972897004336, 5187053.486101814545691 ], [ 634773.125632906914689, 5187053.553077221848071 ], [ 634770.141496257507242, 5187048.338574374094605 ], [ 634756.443567488342524, 5187043.966760324314237 ], [ 634754.235696082469076, 5187037.617521659471095 ], [ 634746.362733356421813, 5187033.641785127110779 ], [ 634741.115454872255214, 5187029.147744498215616 ], [ 634733.676069863839075, 5187029.310173909179866 ], [ 634726.785682293120772, 5187023.005272331647575 ], [ 634727.141190607100725, 5187019.447501501999795 ], [ 634713.990675256005488, 5187015.813964133150876 ], [ 634706.917105401400477, 5187018.043511855416 ], [ 634685.85827377345413, 5187020.389130005612969 ], [ 634674.394880123552866, 5187017.331265643239021 ], [ 634658.209903968614526, 5187013.440118392929435 ], [ 634640.106422739336267, 5187007.174454415217042 ], [ 634632.383630327181891, 5186997.780551445670426 ], [ 634620.34976204787381, 5186989.697240143083036 ], [ 634600.16405205684714, 5186985.685038762167096 ], [ 634587.182796027511358, 5186984.916236282326281 ], [ 634574.040417348267511, 5186980.745867224410176 ], [ 634572.958872251911089, 5186989.128037672489882 ], [ 634564.837007877766155, 5186994.493590156547725 ], [ 634558.713514375966042, 5187006.943775894120336 ], [ 634551.191443667281419, 5187007.734766647219658 ], [ 634542.119355068891309, 5186997.421958168037236 ], [ 634544.817563648684882, 5186986.174438840709627 ], [ 634531.03676026687026, 5186983.618126098997891 ], [ 634524.657429343438707, 5186978.013886719942093 ], [ 634521.328013194724917, 5186993.860430721193552 ], [ 634517.201760490541346, 5187008.700470094569027 ], [ 634507.929889280349016, 5187021.535072705708444 ], [ 634500.015224119531922, 5187038.879532056860626 ], [ 634493.454189548036084, 5187051.891842472366989 ], [ 634485.332394761848263, 5187067.404671137221158 ], [ 634479.621575753670186, 5187077.950572070665658 ], [ 634469.054662339971401, 5187099.549688028171659 ], [ 634455.203727265587077, 5187121.982889723964036 ], [ 634434.974382182583213, 5187145.517518599517643 ], [ 634387.394874788122252, 5187182.076167439110577 ], [ 634364.163463705335744, 5187198.100104459561408 ], [ 634345.496338605298661, 5187215.621613906696439 ], [ 634326.524569796165451, 5187230.478077127598226 ], [ 634301.384322307887487, 5187246.439537041820586 ], [ 634285.434762560296804, 5187257.971187085844576 ], [ 634271.427389905089512, 5187268.098751860670745 ], [ 634246.486773203359917, 5187283.493633048608899 ], [ 634220.95716692134738, 5187294.128740002401173 ], [ 634213.795529500464909, 5187299.360625004395843 ], [ 634199.450368803809397, 5187314.578773849643767 ], [ 634184.875769525300711, 5187326.70817949436605 ], [ 634182.123867276008241, 5187325.241437395103276 ], [ 634163.331632902380079, 5187329.662489580921829 ], [ 634109.206266094581224, 5187337.427034540101886 ], [ 634101.956435175845399, 5187335.681982817128301 ], [ 634080.585298470687121, 5187342.868012837134302 ], [ 634062.71389992989134, 5187359.463089662604034 ], [ 634044.694336162763648, 5187385.355155198834836 ], [ 634033.836305962060578, 5187404.669406947679818 ], [ 634013.805719842552207, 5187449.436259847134352 ], [ 634004.616839249618351, 5187481.138253826647997 ], [ 634000.457499253330752, 5187506.386157656088471 ], [ 633994.136950578074902, 5187532.887224644422531 ], [ 633988.959035587846301, 5187565.107429790310562 ], [ 633986.301869233604521, 5187624.900067806243896 ], [ 633978.197650521527976, 5187683.948067544959486 ], [ 633975.381382444058545, 5187740.58996260818094 ], [ 633965.209998603793792, 5187800.810925060883164 ], [ 633961.23700031475164, 5187831.561703295446932 ], [ 633954.307241323520429, 5187864.482058337889612 ], [ 633943.598714578896761, 5187900.867934691719711 ], [ 633931.328986268723384, 5187927.337769881822169 ], [ 633912.60583412880078, 5187951.677912383340299 ], [ 633892.45217522396706, 5187967.824146708473563 ], [ 633853.281453162082471, 5187989.146531620062888 ], [ 633824.29605109943077, 5187999.669088868424296 ], [ 633776.526454711100087, 5188018.795574233867228 ], [ 633701.023866800358519, 5188048.252725400030613 ], [ 633609.535993121680804, 5188101.415501452982426 ], [ 633556.013657864416018, 5188127.110726552084088 ], [ 633490.856206145486794, 5188148.101323370821774 ], [ 633447.947003492154181, 5188155.830792213790119 ], [ 633379.745921800727956, 5188159.672820080071688 ], [ 633309.806893421104178, 5188163.329884791746736 ], [ 633251.255654533859342, 5188154.839178202673793 ], [ 633176.663939302670769, 5188141.203821965493262 ], [ 633132.538550703553483, 5188132.06531661003828 ], [ 633063.985780656337738, 5188137.603567431680858 ], [ 633007.958957684808411, 5188140.936370739713311 ], [ 632933.75496048736386, 5188150.439341170713305 ], [ 632901.357456554775126, 5188158.602434460073709 ], [ 632874.940370709169656, 5188166.880279061384499 ], [ 632829.72624435974285, 5188174.910497293807566 ], [ 632790.113957745372318, 5188192.805481685325503 ], [ 632756.425048712873831, 5188200.491821230389178 ], [ 632714.246452026767656, 5188204.073932776227593 ], [ 632685.942638231557794, 5188201.840455106459558 ], [ 632658.390222301124595, 5188200.715500982478261 ], [ 632640.651522290077992, 5188200.944355960004032 ], [ 632605.341528681805357, 5188202.506152299232781 ], [ 632582.57591988495551, 5188205.473317941650748 ], [ 632557.679392843041569, 5188211.469454118981957 ], [ 632524.835083783254959, 5188222.409975247457623 ], [ 632477.063459270400926, 5188237.356271773576736 ], [ 632423.839296229649335, 5188270.688745331950486 ], [ 632355.030116467503831, 5188304.955966444686055 ], [ 632308.028121722512878, 5188328.596747572533786 ], [ 632265.736812787363306, 5188346.663297263905406 ], [ 632220.148918621009216, 5188366.597342079505324 ], [ 632185.320440451265313, 5188379.553963129408658 ], [ 632162.700228751637042, 5188390.643924145959318 ], [ 632138.319641372305341, 5188403.131249256432056 ], [ 632108.60037642181851, 5188420.366157255135477 ], [ 632070.154445073683746, 5188437.957748571410775 ], [ 632036.459091060329229, 5188454.994104836136103 ], [ 632001.642136218724772, 5188474.103053323924541 ], [ 631978.203160957898945, 5188487.715225954540074 ], [ 631953.576901462161914, 5188503.064193488098681 ], [ 631932.656588699552231, 5188517.821954743936658 ], [ 631910.946777830016799, 5188535.256225132383406 ], [ 631890.754979335935786, 5188549.587604485452175 ], [ 631864.34341373317875, 5188566.171413701958954 ], [ 631836.204127260367386, 5188579.741796087473631 ], [ 631808.228450572118163, 5188594.274904617108405 ], [ 631776.415002361871302, 5188610.388613577000797 ], [ 631756.868030150537379, 5188618.569515451788902 ], [ 631730.061309547396377, 5188632.572540889494121 ], [ 631698.268379610148259, 5188641.081037105992436 ], [ 631684.01865289802663, 5188647.578175460919738 ], [ 631651.220615422935225, 5188657.900759716518223 ], [ 631624.380679073161446, 5188664.271460874937475 ], [ 631574.155417493544519, 5188676.042703579179943 ], [ 631486.428588300128467, 5188693.513153748586774 ], [ 631378.329008869593963, 5188709.142726509831846 ], [ 631327.976519409450702, 5188721.805138072930276 ], [ 631319.141603670199402, 5188729.764323463663459 ], [ 631315.400197338312864, 5188747.489604032598436 ], [ 631313.479634342482314, 5188763.395977438427508 ], [ 631302.331228449009359, 5188787.434837768785655 ], [ 631291.586081448476762, 5188818.920116434805095 ], [ 631276.39910517912358, 5188847.384385935030878 ], [ 631254.301311937975697, 5188881.961686669848859 ], [ 631232.197304474771954, 5188913.525157434865832 ], [ 631187.826900173560716, 5188973.449216289445758 ], [ 631173.96681111282669, 5188988.240869581699371 ], [ 631153.633368991315365, 5189006.431358293630183 ], [ 631125.814452577964403, 5189033.496329466812313 ], [ 631085.001284484402277, 5189065.487369804643095 ], [ 631048.347755431896076, 5189090.574605805799365 ], [ 631019.093663393403403, 5189103.845969596877694 ], [ 630991.310741406050511, 5189122.33205368835479 ], [ 630935.828634390374646, 5189153.795971403829753 ], [ 630908.28319978422951, 5189178.975085511803627 ], [ 630896.672916441457346, 5189191.114268757402897 ], [ 630885.455686149420217, 5189206.445547348819673 ], [ 630878.960722132935189, 5189225.563859983347356 ], [ 630884.047892981092446, 5189290.936482432298362 ], [ 630888.915172886452638, 5189327.269519339315593 ], [ 630889.334355678060092, 5189348.122992979362607 ], [ 630891.121282960637473, 5189386.491085259243846 ], [ 630893.168818850535899, 5189419.533934845589101 ], [ 630902.735972881666385, 5189451.984794275835156 ], [ 630913.433822318678722, 5189480.865113816224039 ], [ 630916.298195612384006, 5189508.802175580523908 ], [ 630914.251633144100197, 5189535.39544037822634 ], [ 630913.778421688824892, 5189552.866632277145982 ], [ 630919.423495033406653, 5189573.701447878032923 ], [ 630941.755755643243901, 5189590.235522605478764 ], [ 630972.806214174255729, 5189610.957722262479365 ], [ 631001.03674697666429, 5189642.643873172812164 ], [ 631023.233986566890962, 5189661.441921128891408 ], [ 631051.478162328246981, 5189684.01225885655731 ], [ 631079.740900357603095, 5189698.852379047311842 ], [ 631096.434943603002466, 5189708.721008105203509 ], [ 631110.17458615405485, 5189715.691629624925554 ], [ 631123.120111666619778, 5189724.364134468138218 ], [ 631149.626934685860761, 5189731.919810939580202 ], [ 631166.564773566089571, 5189740.630461484193802 ], [ 631184.152169060194865, 5189749.206275849603117 ], [ 631217.45813762024045, 5189764.033239095471799 ], [ 631242.960390340071172, 5189772.713255759328604 ], [ 631268.253077891189605, 5189778.025307117961347 ], [ 631276.829877854557708, 5189779.481892927549779 ], [ 631311.503426129929721, 5189783.212496227584779 ], [ 631332.910067364573479, 5189786.325941038317978 ], [ 631367.616521751158871, 5189802.095492504537106 ], [ 631381.552781763952225, 5189811.262338216416538 ], [ 631404.14910559693817, 5189824.326144537888467 ], [ 631423.232359667425044, 5189838.170115218497813 ], [ 631439.971625217120163, 5189852.844144401140511 ], [ 631450.554305254714563, 5189863.631421141326427 ], [ 631456.602126286481507, 5189869.79618928488344 ], [ 631468.750823418959044, 5189886.575966716744006 ], [ 631476.25451792171225, 5189906.603496926836669 ], [ 631478.318531316937879, 5189927.51239359844476 ], [ 631488.080685672233813, 5189937.927930038422346 ], [ 631497.811178897041827, 5189943.153233770281076 ], [ 631513.54656478704419, 5189956.472263908945024 ], [ 631519.14391391526442, 5189968.06584803853184 ], [ 631532.93395537417382, 5189973.656224657781422 ], [ 631549.722861420013942, 5189989.585034686140716 ], [ 631557.10213802556973, 5190001.117952303960919 ], [ 631570.005589217063971, 5190015.206741888076067 ], [ 631579.066341886878945, 5190018.362770973704755 ], [ 631595.874882177216932, 5190025.852413779124618 ], [ 631618.9470860355068, 5190040.038272940553725 ], [ 631626.100192483514547, 5190054.637164481915534 ], [ 631642.448841528967023, 5190069.407556158490479 ], [ 631646.99317939649336, 5190080.065277927555144 ], [ 631649.690579094924033, 5190095.837265438400209 ], [ 631648.893914530402981, 5190103.458260145038366 ], [ 631642.397257290314883, 5190109.688320814631879 ], [ 631643.492609429871663, 5190116.890542523004115 ], [ 631654.773770138970576, 5190116.548571077175438 ], [ 631659.880772475618869, 5190108.892941392958164 ], [ 631659.961840887321159, 5190101.955726878717542 ], [ 631676.738506458932534, 5190112.434657487086952 ], [ 631691.172384277684614, 5190128.843267727643251 ], [ 631706.106097743264399, 5190134.449217005632818 ], [ 631728.135083001689054, 5190145.831493819132447 ], [ 631739.726482956670225, 5190149.998540692031384 ], [ 631750.134199398220517, 5190159.850109929218888 ], [ 631757.129984633531421, 5190158.781243151053786 ], [ 631784.913465853198431, 5190153.076460496522486 ], [ 631799.456647483748384, 5190151.841062630526721 ], [ 631809.935903406934813, 5190157.783078155480325 ], [ 631818.602096981718205, 5190154.980742827989161 ], [ 631824.113554621930234, 5190159.400293265469372 ], [ 631830.849730520276353, 5190156.723100978881121 ], [ 631835.644837945117615, 5190147.94622490927577 ], [ 631849.928989923559129, 5190134.434129994362593 ], [ 631858.355264397105202, 5190127.808932033367455 ], [ 631881.111382298287936, 5190122.965528631582856 ], [ 631883.052421111380681, 5190130.947103380225599 ], [ 631881.759090045350604, 5190131.493858812376857 ], [ 631884.275718650664203, 5190143.804179634898901 ], [ 631897.670198679203168, 5190149.588123486377299 ], [ 631897.562163164839149, 5190155.935917249880731 ], [ 631909.410309113212861, 5190159.31238177139312 ], [ 631916.528498812811449, 5190169.147567246109247 ], [ 631926.913710532826371, 5190169.734393836930394 ], [ 631936.282233606441878, 5190178.837323884479702 ], [ 631940.977624686784111, 5190186.553795642219484 ], [ 631946.314478264423087, 5190199.234898815862834 ], [ 631945.250660675927065, 5190204.04551425203681 ], [ 631930.709660739405081, 5190215.375364420004189 ], [ 631926.625046690925956, 5190218.186679639853537 ], [ 631917.058085122145712, 5190224.973452402278781 ], [ 631913.379293792764656, 5190223.974895128048956 ], [ 631909.464419903350063, 5190218.810560613870621 ], [ 631906.161122550372966, 5190214.726573043502867 ], [ 631896.387520451797172, 5190212.856329511851072 ], [ 631890.257438485743478, 5190208.064269816502929 ], [ 631878.06463984248694, 5190206.448835821822286 ], [ 631872.961802485864609, 5190200.111350195482373 ], [ 631871.956968967919238, 5190193.054656352847815 ], [ 631870.025445857550949, 5190186.629153293557465 ], [ 631864.106843596673571, 5190198.317738470621407 ], [ 631861.535666012321599, 5190198.806947435252368 ], [ 631857.564853160176426, 5190190.642835660837591 ], [ 631850.144864874193445, 5190191.842474457807839 ], [ 631849.035898287314922, 5190180.681246725842357 ], [ 631842.700462619774044, 5190171.32795752491802 ], [ 631829.436485454905778, 5190172.488131796009839 ], [ 631821.912003208417445, 5190165.080492151901126 ], [ 631806.896001088898629, 5190168.010743530467153 ], [ 631798.796648277435452, 5190165.944009393453598 ], [ 631788.385344343609177, 5190164.939863217063248 ], [ 631761.033558264258318, 5190172.364892571233213 ], [ 631761.091520589427091, 5190176.714625854976475 ], [ 631751.563553661224432, 5190187.790810602717102 ], [ 631752.597263986710459, 5190193.562068679369986 ], [ 631751.270548883359879, 5190201.834005537442863 ], [ 631741.329139650799334, 5190211.351243261247873 ], [ 631734.974490528344177, 5190213.349967344664037 ], [ 631735.637409908580594, 5190221.342784706503153 ], [ 631732.600341808167286, 5190227.878711158409715 ], [ 631724.628831941634417, 5190236.102552049793303 ], [ 631711.375879611936398, 5190236.908932073973119 ], [ 631708.1493781930767, 5190230.075413909740746 ], [ 631691.857801925158128, 5190237.626681125722826 ], [ 631680.466725835809484, 5190240.90160702727735 ], [ 631679.813135941745713, 5190253.452749236486852 ], [ 631671.891404144000262, 5190255.931771535426378 ], [ 631666.12069721147418, 5190263.102131294086576 ], [ 631661.859354286803864, 5190262.490636227652431 ], [ 631646.180705745238811, 5190277.68188666831702 ], [ 631647.226138251484372, 5190288.992018940858543 ], [ 631645.653732451261021, 5190302.710452822968364 ], [ 631639.496001238236204, 5190317.638769964687526 ], [ 631645.186432932503521, 5190323.645274143666029 ], [ 631654.249159342958592, 5190342.019454357214272 ], [ 631657.225000873440877, 5190354.826356769539416 ], [ 631648.207560258219019, 5190365.987219097092748 ], [ 631639.374073617742397, 5190365.399899522773921 ], [ 631625.205333366058767, 5190379.709896779619157 ], [ 631637.20756056252867, 5190401.216927230358124 ], [ 631626.740731301601045, 5190413.228068099357188 ], [ 631631.593746929429471, 5190440.647066284902394 ], [ 631623.749293786007911, 5190446.223218583501875 ], [ 631628.704205637332052, 5190460.252735287882388 ], [ 631621.89957562694326, 5190479.700773774646223 ], [ 631617.148989707464352, 5190497.787853707559407 ], [ 631615.213925849413499, 5190512.897031452506781 ], [ 631622.915412064641714, 5190524.004470115527511 ], [ 631629.375649540103041, 5190535.130780406296253 ], [ 631631.633001081529073, 5190545.853575854562223 ], [ 631636.744892485206947, 5190568.872240048833191 ], [ 631646.931335922097787, 5190591.717591325752437 ], [ 631649.219554376672022, 5190621.588493000715971 ], [ 631648.791258059092797, 5190646.751930905506015 ], [ 631649.326661357423291, 5190670.067280646413565 ], [ 631654.69653428485617, 5190683.21011630166322 ], [ 631669.719182864646427, 5190676.940093693323433 ], [ 631686.590020195464604, 5190671.633773589506745 ], [ 631701.454041297547519, 5190674.683506052941084 ], [ 631701.18437235429883, 5190690.527091227471828 ], [ 631688.672114685876295, 5190713.620362740941346 ], [ 631684.579362212214619, 5190734.992448735050857 ], [ 631679.744891248992644, 5190745.164863034151495 ], [ 631671.642645287443884, 5190728.246536345221102 ], [ 631654.574319858220406, 5190738.005931871011853 ], [ 631643.175663300091401, 5190757.593859891407192 ], [ 631636.810465372633189, 5190748.163064086809754 ], [ 631630.746665748301893, 5190721.024635422043502 ], [ 631619.6739011767786, 5190714.310450294055045 ], [ 631628.775612324243411, 5190672.514224302954972 ], [ 631627.403410483850166, 5190643.591160393320024 ], [ 631619.22184751695022, 5190631.332715009339154 ], [ 631608.293105683871545, 5190627.66570552252233 ], [ 631591.166521078208461, 5190630.208835193887353 ], [ 631578.63340288377367, 5190643.888699323870242 ], [ 631559.269120088312775, 5190657.719276142306626 ], [ 631544.572763026109897, 5190669.364435913972557 ], [ 631550.718860354507342, 5190684.847143366932869 ], [ 631545.231136738089845, 5190705.000548980198801 ], [ 631531.547138332738541, 5190711.451244110241532 ], [ 631513.889091955963522, 5190710.633720942772925 ], [ 631509.523407645057887, 5190715.800105292350054 ], [ 631508.285907332552597, 5190734.456943073309958 ], [ 631521.689451182610355, 5190750.593147037550807 ], [ 631510.729540052940138, 5190763.902805806137621 ], [ 631527.723331727553159, 5190787.061711013317108 ], [ 631527.506249440833926, 5190815.677333570085466 ], [ 631535.747672658646479, 5190843.998954962007701 ], [ 631533.831025742460042, 5190844.337309713475406 ], [ 631512.895812230999582, 5190850.120608110912144 ], [ 631491.085821943357587, 5190844.085711156018078 ], [ 631487.229806166607887, 5190844.240964506752789 ], [ 631478.341224372037686, 5190871.317767027765512 ], [ 631498.47575319185853, 5190886.597001156769693 ], [ 631504.643846447113901, 5190900.493178049102426 ], [ 631520.556900316965766, 5190909.83450466953218 ], [ 631544.724061305285431, 5190915.792534585110843 ], [ 631552.602409455226734, 5190928.022923856042325 ], [ 631553.235081801307388, 5190942.902819653041661 ], [ 631564.288828783319332, 5190959.915981865487993 ], [ 631575.639799202326685, 5190978.501112278550863 ], [ 631593.700111247366294, 5191003.975049609318376 ], [ 631609.867293441202492, 5191018.301416307687759 ], [ 631619.131108337198384, 5191037.31399669777602 ], [ 631614.914325824240223, 5191050.533441994339228 ], [ 631598.555828486569226, 5191060.664383833296597 ], [ 631582.27297733607702, 5191071.344580332748592 ], [ 631580.288864364963956, 5191073.284891633316875 ], [ 631573.697231112862937, 5191115.288720266893506 ], [ 631576.99527651257813, 5191116.285103728994727 ], [ 631590.273308451054618, 5191143.612530799582601 ], [ 631611.662117646425031, 5191165.109370285645127 ], [ 631629.474112010328099, 5191187.841251827776432 ], [ 631635.248075054259971, 5191212.496099279262125 ], [ 631637.249637709581293, 5191234.308895842172205 ], [ 631646.124114617938176, 5191253.400850266218185 ], [ 631668.932102398248389, 5191271.240071267820895 ], [ 631687.26631936384365, 5191276.333880357444286 ], [ 631695.246815437101759, 5191269.698121006600559 ], [ 631692.218039701110683, 5191250.368689788505435 ], [ 631689.300911044236273, 5191234.172976532950997 ], [ 631700.505189835559577, 5191234.000717850401998 ], [ 631711.479027269873768, 5191231.916647828184068 ], [ 631723.187873487826437, 5191218.315761065110564 ], [ 631731.28345419827383, 5191215.31674715038389 ], [ 631746.914350932114758, 5191221.202489593997598 ], [ 631759.854894512100145, 5191227.529408787377179 ], [ 631780.602900665253401, 5191234.331207766197622 ], [ 631795.335328267887235, 5191235.371938467025757 ], [ 631793.062635422684252, 5191222.438001863658428 ], [ 631791.412479929043911, 5191208.001750186085701 ], [ 631794.89934589760378, 5191199.068626213818789 ], [ 631806.965139727341011, 5191200.331948646344244 ], [ 631812.544391749892384, 5191210.57832922693342 ], [ 631819.379882809822448, 5191232.261431243270636 ], [ 631833.469727219780907, 5191243.20764858648181 ], [ 631854.656864288379438, 5191255.933581613004208 ], [ 631874.566039910772815, 5191266.311896983534098 ], [ 631891.118791078217328, 5191277.079053880646825 ], [ 631920.269910920644179, 5191276.444335175678134 ], [ 631940.543133422499523, 5191262.91023123357445 ], [ 631939.712704541510902, 5191246.020070048049092 ], [ 631938.801972612272948, 5191221.569978507235646 ], [ 631957.692951288074255, 5191207.702360477298498 ], [ 631953.949159123003483, 5191194.95536554325372 ], [ 631963.053715541725978, 5191189.46386890951544 ], [ 631977.333703564712778, 5191186.473128915764391 ], [ 631992.161213631741703, 5191189.312573225237429 ], [ 632004.966334119904786, 5191211.696565238758922 ], [ 632018.228359541622922, 5191253.787202523089945 ], [ 632034.195032658288255, 5191265.700919867493212 ], [ 632042.611719945212826, 5191265.197427276521921 ], [ 632036.663061528350227, 5191234.697716239839792 ], [ 632030.220658432459459, 5191213.70695417188108 ], [ 632015.036800289759412, 5191200.409144555218518 ], [ 632003.080385264242068, 5191183.214900928549469 ], [ 631999.915211895015091, 5191160.243243472650647 ], [ 631998.666053465567529, 5191144.642477813176811 ], [ 632004.267384140053764, 5191122.516102571040392 ], [ 631998.50655362685211, 5191090.9208571491763 ], [ 631981.414583505364135, 5191049.620286369696259 ], [ 631978.234144920599647, 5191032.503133911639452 ], [ 631986.164837960503064, 5191013.343238917179406 ], [ 631983.878643675125204, 5191000.497062622569501 ], [ 631965.372929728473537, 5190990.438629704527557 ], [ 631952.366574217099696, 5190977.461978605948389 ], [ 631945.248871389077976, 5190957.024998070672154 ], [ 631933.150382013991475, 5190953.981228898279369 ], [ 631914.538101384416223, 5190950.888582630082965 ], [ 631901.777124235522933, 5190945.114694701507688 ], [ 631892.687994467676617, 5190939.807283543050289 ], [ 631889.560064302757382, 5190944.924742680042982 ], [ 631879.58780344366096, 5190940.509247086010873 ], [ 631870.013894346891902, 5190918.03657861892134 ], [ 631870.502528778626584, 5190912.299228643067181 ], [ 631875.024704858311452, 5190886.953674265183508 ], [ 631891.874676622450352, 5190876.676092689856887 ], [ 631907.817693554563448, 5190887.782835138961673 ], [ 631920.968395932228304, 5190895.040269549936056 ], [ 631935.087956936447881, 5190885.266180443577468 ], [ 631936.701326539274305, 5190866.263741192407906 ], [ 631924.90235513728112, 5190842.568266815505922 ], [ 631912.225909061729908, 5190819.549818299710751 ], [ 631923.130229412578046, 5190816.321618569083512 ], [ 631944.102101002819836, 5190823.190205602906644 ], [ 631970.877822128473781, 5190815.302437943406403 ], [ 631973.811491821194068, 5190797.041428094729781 ], [ 631961.81869835476391, 5190789.197739695198834 ], [ 631932.382371667539701, 5190785.321899816393852 ], [ 631919.54275852732826, 5190765.133511710911989 ], [ 631910.045296692638658, 5190741.576209327206016 ], [ 631893.651708388933912, 5190716.933486563153565 ], [ 631879.78416798193939, 5190697.096685176715255 ], [ 631847.408033227548003, 5190690.86994855850935 ], [ 631846.18971592746675, 5190675.148122514598072 ], [ 631860.128473926568404, 5190661.250189031474292 ], [ 631873.109893704997376, 5190662.650072957389057 ], [ 631888.644027529517189, 5190658.770713969133794 ], [ 631894.615211967146024, 5190673.250515239313245 ], [ 631921.428093638387509, 5190673.98887246940285 ], [ 631939.066703246440738, 5190664.434662901796401 ], [ 631947.40637103759218, 5190670.653258665464818 ], [ 631956.648514775442891, 5190688.120567061938345 ], [ 631985.803354046423919, 5190698.547230959869921 ], [ 632004.105173423886299, 5190693.796033197082579 ], [ 631990.0265256826533, 5190683.541981479153037 ], [ 631991.886541035142727, 5190665.08770564198494 ], [ 632010.773509797640145, 5190680.770289793610573 ], [ 632038.940945802605711, 5190681.295716687105596 ], [ 632034.278234003344551, 5190690.811802071519196 ], [ 632043.111522982711904, 5190704.218388793990016 ], [ 632018.340944878058508, 5190702.749834999442101 ], [ 632013.09647169848904, 5190709.375183486379683 ], [ 632069.345331863267347, 5190725.231726884841919 ], [ 632074.370928745949641, 5190718.42366249486804 ], [ 632089.946439010789618, 5190713.465069856494665 ], [ 632102.195372048765421, 5190725.294889758341014 ], [ 632098.984373796964064, 5190730.122955870814621 ], [ 632113.703881729044951, 5190738.327038115821779 ], [ 632118.489434855058789, 5190740.863351583480835 ], [ 632116.60088709986303, 5190754.061448555439711 ], [ 632123.347270904458128, 5190758.011058248579502 ], [ 632133.851573845604435, 5190744.739621261134744 ], [ 632143.533446359680966, 5190739.544721935875714 ], [ 632151.520237982855178, 5190741.762544768862426 ], [ 632170.151002142345533, 5190746.472405129112303 ], [ 632178.682790909428149, 5190744.928720120340586 ], [ 632150.427919141715392, 5190732.091505016200244 ], [ 632133.520247962675057, 5190719.90940367244184 ], [ 632103.416710852528922, 5190709.702573384158313 ], [ 632085.981368446839042, 5190704.964065293781459 ], [ 632085.55101019423455, 5190694.529338771477342 ], [ 632058.370470239082351, 5190685.194215837866068 ], [ 632060.302009832928888, 5190680.632356040179729 ], [ 632088.670146263903007, 5190674.947555609978735 ], [ 632097.605895787477493, 5190682.15824328083545 ], [ 632118.551674304995686, 5190683.745684678666294 ], [ 632134.516110032098368, 5190693.124889084137976 ], [ 632149.265589500311762, 5190695.455817005597055 ], [ 632151.050893694511615, 5190703.891723127104342 ], [ 632164.126386056188494, 5190709.869948733597994 ], [ 632173.006900391774252, 5190700.057671677321196 ], [ 632166.149626463185996, 5190689.169571800157428 ], [ 632169.32123481691815, 5190685.480768915265799 ], [ 632180.010547837009653, 5190684.897752396762371 ], [ 632189.278084952384233, 5190674.789079105481505 ], [ 632205.290570848039351, 5190669.53693810198456 ], [ 632212.969713754137047, 5190679.725068232044578 ], [ 632209.672165469964966, 5190698.332876172848046 ], [ 632205.688051147619262, 5190701.877857289277017 ], [ 632214.484034303692169, 5190717.887666366994381 ], [ 632232.360647810506634, 5190708.509492769837379 ], [ 632246.865799082559533, 5190703.634673577733338 ], [ 632260.731402039877139, 5190706.431530837900937 ], [ 632277.239895835868083, 5190697.065067212097347 ], [ 632284.607326973695308, 5190684.854168321006 ], [ 632311.14299475774169, 5190685.783797211945057 ], [ 632330.478689050418325, 5190683.446056054905057 ], [ 632351.982607392128557, 5190680.794239274226129 ], [ 632354.834736899007112, 5190663.798751355148852 ], [ 632361.726706316228956, 5190664.376831117086112 ], [ 632368.672362901037559, 5190652.242245433852077 ], [ 632383.130487469024956, 5190642.170116472989321 ], [ 632396.619615753064863, 5190642.399709662422538 ], [ 632400.38435931969434, 5190654.369413894601166 ], [ 632408.373135057277977, 5190651.330467647872865 ], [ 632418.688363168388605, 5190651.50603936240077 ], [ 632425.721645111567341, 5190657.975491208955646 ], [ 632425.519063827581704, 5190669.877569901756942 ], [ 632428.611931939842179, 5190674.692443354055285 ], [ 632431.691293659619987, 5190680.300842124968767 ], [ 632437.232064282521605, 5190681.188905090093613 ], [ 632446.753867798135616, 5190681.350972928106785 ], [ 632447.38522687414661, 5190690.886181036010385 ], [ 632445.67672728211619, 5190698.000397545285523 ], [ 632424.965334967244416, 5190702.410204823128879 ], [ 632415.462618445977569, 5190703.670580910518765 ], [ 632415.349762551486492, 5190706.012427425011992 ], [ 632398.021679062047042, 5190716.355887816287577 ], [ 632384.860321807209402, 5190723.940428709611297 ], [ 632386.091896765283309, 5190727.251204765401781 ], [ 632389.450948130106553, 5190731.713629080913961 ], [ 632396.720955750788562, 5190729.709191168658435 ], [ 632407.870126421330497, 5190727.517794045619667 ], [ 632432.629976292140782, 5190718.414765496738255 ], [ 632454.928318112157285, 5190714.032070082612336 ], [ 632465.956039220560342, 5190718.982001798227429 ], [ 632482.659489367739297, 5190716.885142240673304 ], [ 632500.116047961637378, 5190717.18226679880172 ], [ 632522.211808853317052, 5190724.701752094551921 ], [ 632531.530929358443245, 5190736.76600107550621 ], [ 632536.882723972434178, 5190748.762623257003725 ], [ 632526.966039357008412, 5190752.143132782541215 ], [ 632511.453388856258243, 5190777.212266692891717 ], [ 632498.437438181252219, 5190778.368645205162466 ], [ 632490.507920269970782, 5190797.929566763341427 ], [ 632481.021995059913024, 5190798.544063062407076 ], [ 632478.145624066935852, 5190782.126027780584991 ], [ 632461.94808474148158, 5190777.981548521667719 ], [ 632443.508157063974068, 5190763.58647904265672 ], [ 632423.700279678334482, 5190765.23121880646795 ], [ 632403.568014488788322, 5190758.028937445953488 ], [ 632386.024971750215627, 5190759.852218897081912 ], [ 632374.809428106760606, 5190763.74008905980736 ], [ 632373.322633672389202, 5190779.594882439821959 ], [ 632379.863624741323292, 5190799.964968503452837 ], [ 632392.625866214628331, 5190816.962744445540011 ], [ 632407.69613425177522, 5190807.896783730946481 ], [ 632427.22016751090996, 5190811.025844654068351 ], [ 632434.369700597366318, 5190826.327379091642797 ], [ 632464.049840088118799, 5190836.149040970951319 ], [ 632480.594006744679064, 5190834.145769695751369 ], [ 632472.916255069663748, 5190856.89179517980665 ], [ 632465.97086167242378, 5190881.964154823683202 ], [ 632495.037669547367841, 5190888.517565569840372 ], [ 632509.556461368920282, 5190876.967357790097594 ], [ 632527.280655881855637, 5190875.311155025847256 ], [ 632527.184749413398094, 5190886.467894501052797 ], [ 632537.253776077763177, 5190883.319468420930207 ], [ 632551.472695291391574, 5190884.86341849155724 ], [ 632567.031743226572871, 5190892.563834656961262 ], [ 632573.341773011139594, 5190885.021668870002031 ], [ 632578.598180338507518, 5190883.159248949959874 ], [ 632583.195754991960712, 5190868.952307337895036 ], [ 632599.000922896782868, 5190868.655361692421138 ], [ 632611.152643550536595, 5190863.109520901925862 ], [ 632614.376574500231072, 5190854.525880330242217 ], [ 632637.213095835992135, 5190829.804990536533296 ], [ 632671.422914784867316, 5190802.326848096214235 ], [ 632682.373907840345055, 5190799.706402009353042 ], [ 632692.799622380407527, 5190810.557261780835688 ], [ 632677.984085680218413, 5190821.564456481486559 ], [ 632678.181144093396142, 5190837.480920888483524 ], [ 632672.846631133463234, 5190841.640883877873421 ], [ 632682.112530155107379, 5190870.050020481459796 ], [ 632693.680430189357139, 5190870.487906360067427 ], [ 632707.742690483806655, 5190878.004856327548623 ], [ 632718.910507569555193, 5190870.694364612922072 ], [ 632725.098526524147019, 5190866.266944929026067 ], [ 632744.106865747016855, 5190865.538547826930881 ], [ 632758.189817219157703, 5190859.385612315498292 ], [ 632768.181876111775637, 5190856.470860506407917 ], [ 632780.117370464955457, 5190853.994165500625968 ], [ 632786.285626676632091, 5190848.730455001816154 ], [ 632801.467068899306469, 5190847.479944223538041 ], [ 632803.839914250536822, 5190853.825982144102454 ], [ 632815.431605292251334, 5190853.806298046372831 ], [ 632810.149706248659641, 5190858.34113703109324 ], [ 632799.027806783444248, 5190862.307598360814154 ], [ 632801.327290091780014, 5190869.791324302554131 ], [ 632794.486889405641705, 5190876.193630013614893 ], [ 632793.25793431152124, 5190883.532502349466085 ], [ 632787.46054381353315, 5190897.720628824084997 ], [ 632791.978292219806463, 5190912.084231857210398 ], [ 632788.320872250013053, 5190940.43669702950865 ], [ 632802.306306709069759, 5190958.136277316138148 ], [ 632821.052595343906432, 5190975.916995470412076 ], [ 632838.897410443634726, 5191000.031918434426188 ], [ 632856.717912845662795, 5191025.575150476768613 ], [ 632858.021233414998278, 5191042.265210696496069 ], [ 632859.081440037349239, 5191073.237840595655143 ], [ 632879.198676754720509, 5191103.741199053823948 ], [ 632889.014079230721109, 5191133.275448314845562 ], [ 632903.617449804791249, 5191161.303787293843925 ], [ 632915.019900999846868, 5191190.865054538473487 ], [ 632924.081758736283518, 5191227.371095613576472 ], [ 632937.030537275248207, 5191259.339856559410691 ], [ 632948.635583890834823, 5191276.998935230076313 ], [ 632972.304905556491576, 5191285.338901412673295 ], [ 632983.977385035366751, 5191299.030649051070213 ], [ 632986.935182070359588, 5191311.78029737342149 ], [ 633008.129477598587982, 5191325.634129742160439 ], [ 633002.156480096047744, 5191350.137400014325976 ], [ 633006.106922161416151, 5191397.827123095281422 ], [ 633013.93024027813226, 5191451.138767816126347 ], [ 633004.08425375027582, 5191470.020113951526582 ], [ 633000.518640886060894, 5191492.976949669420719 ], [ 632997.047577878576703, 5191510.379400610923767 ], [ 633005.55975284660235, 5191523.223602157086134 ], [ 633015.888502208516002, 5191522.605770283378661 ], [ 633044.615739873144776, 5191513.570312459021807 ], [ 633063.135893875034526, 5191498.011349233798683 ], [ 633081.534481378039345, 5191489.593823110684752 ], [ 633090.627466375473887, 5191468.318486293777823 ], [ 633082.987056244164705, 5191450.885575625114143 ], [ 633080.279856067965738, 5191432.742985230870545 ], [ 633080.658053947612643, 5191410.525542980059981 ], [ 633086.401437347871251, 5191399.511419706046581 ], [ 633097.189426122233272, 5191371.91528204921633 ], [ 633102.878881107200868, 5191364.075065696612 ], [ 633120.794601373374462, 5191337.393913248553872 ], [ 633129.053531330660917, 5191318.485543022863567 ], [ 633118.147461383952759, 5191306.394248938187957 ], [ 633095.795049090520479, 5191313.950824578292668 ], [ 633071.318786576855928, 5191306.390874649398029 ], [ 633064.393557943985797, 5191293.573589098639786 ], [ 633054.510528780752793, 5191268.006753611378372 ], [ 633050.907877547550015, 5191246.515306592918932 ], [ 633069.752180139301345, 5191211.912894780747592 ], [ 633054.179694719146937, 5191194.186278996057808 ], [ 633053.750945457839407, 5191172.748858690261841 ], [ 633052.528668579412624, 5191151.297931104898453 ], [ 633052.086309778038412, 5191130.65403567161411 ], [ 633046.022133430000395, 5191113.882928712293506 ], [ 633054.159494858351536, 5191102.115795612335205 ], [ 633066.007666881079786, 5191105.492298034019768 ], [ 633084.875519750989042, 5191116.131696068681777 ], [ 633092.661715682363138, 5191124.994952126406133 ], [ 633105.988788669230416, 5191134.746380966156721 ], [ 633115.307911972748116, 5191146.810557139106095 ], [ 633117.485793817555532, 5191158.753276295028627 ], [ 633121.922495683887973, 5191177.877853678539395 ], [ 633109.925751689821482, 5191183.229541024193168 ], [ 633104.074321382096969, 5191200.591480607166886 ], [ 633115.706286944448948, 5191216.663710069842637 ], [ 633122.604507370619103, 5191231.067849188111722 ], [ 633136.833060268545523, 5191234.484875079244375 ], [ 633155.782052903668955, 5191240.363422772847116 ], [ 633175.619020541431382, 5191240.701089912094176 ], [ 633179.117088356055319, 5191221.711575428023934 ], [ 633168.413611936732195, 5191197.718182019889355 ], [ 633171.871157204732299, 5191181.109147580340505 ], [ 633180.332678980659693, 5191150.29857090394944 ], [ 633188.52407001319807, 5191135.357527667656541 ], [ 633199.983911776100285, 5191114.916222135536373 ], [ 633204.261993399937637, 5191096.733739335089922 ], [ 633216.285653533181176, 5191089.794992886483669 ], [ 633225.189530187519267, 5191079.628415075130761 ], [ 633249.047962831100449, 5191076.859599458985031 ], [ 633256.901691980427131, 5191081.755623983219266 ], [ 633264.042934106313623, 5191081.877180203795433 ], [ 633283.893414475489408, 5191081.421312694437802 ], [ 633299.131602734443732, 5191072.156210540793836 ], [ 633304.122072754078545, 5191058.748090028762817 ], [ 633308.30560825089924, 5191046.11999072227627 ], [ 633317.2093875965802, 5191035.953307939693332 ], [ 633329.125098390155472, 5191035.362475547939539 ], [ 633340.085209072218277, 5191044.279760560020804 ], [ 633336.762730933725834, 5191052.954032844863832 ], [ 633327.159968660213053, 5191057.55281949415803 ], [ 633323.993785130674951, 5191070.28033187892288 ], [ 633335.940339513239451, 5191089.360658160410821 ], [ 633335.297478051390499, 5191101.926033125258982 ], [ 633317.76615047082305, 5191112.399033950641751 ], [ 633325.485596447484568, 5191129.090533810667694 ], [ 633335.443952281726524, 5191146.250121446326375 ], [ 633344.98570631176699, 5191156.631985790096223 ], [ 633348.671200257726014, 5191149.953085503540933 ], [ 633359.933372970786877, 5191143.915126620791852 ], [ 633368.309850648860447, 5191134.931204441934824 ], [ 633363.955299477325752, 5191130.865298226475716 ], [ 633367.810621653450653, 5191124.043196093291044 ], [ 633366.560344394296408, 5191120.9264818103984 ], [ 633376.943129884079099, 5191117.134630628861487 ], [ 633391.374288124148734, 5191108.649547573179007 ], [ 633408.158917194465175, 5191101.791838292963803 ], [ 633405.214617627905682, 5191088.248650907538831 ], [ 633394.227493468788452, 5191080.918317532166839 ], [ 633385.647765292203985, 5191072.041448472067714 ], [ 633409.506205754936673, 5191069.272731306031346 ], [ 633412.491025886498392, 5191080.435437173582613 ], [ 633417.964278261992149, 5191085.290843902155757 ], [ 633429.073059364804067, 5191085.479934576898813 ], [ 633455.176820790278725, 5191090.68650880549103 ], [ 633462.155989931430668, 5191100.329792637377977 ], [ 633458.806496742996387, 5191110.591021643020213 ], [ 633440.448418149491772, 5191116.628191349096596 ], [ 633436.359523201477714, 5191123.702005154453218 ], [ 633436.990873178001493, 5191133.237237498164177 ], [ 633444.723147918586619, 5191145.274512366391718 ], [ 633451.756341520696878, 5191151.743887860327959 ], [ 633466.724408092908561, 5191158.348330294713378 ], [ 633471.363712531048805, 5191165.570714959874749 ], [ 633469.549261514563113, 5191173.386606368236244 ], [ 633473.270477062207647, 5191177.97360482532531 ], [ 633475.134066928643733, 5191185.246736396104097 ], [ 633480.43972367560491, 5191191.917594512924552 ], [ 633489.866906603216194, 5191197.633964684791863 ], [ 633495.971705016214401, 5191212.024711186997592 ], [ 633494.935058455797844, 5191226.293795865029097 ], [ 633492.446623220806941, 5191232.601095486432314 ], [ 633497.004886595881544, 5191244.584345534443855 ], [ 633482.506087393499911, 5191257.036860746331513 ], [ 633467.322014701552689, 5191263.128052618354559 ], [ 633463.621392291854136, 5191262.800374252721667 ], [ 633462.615564328152686, 5191263.768599724397063 ], [ 633436.835956209106371, 5191269.055465491488576 ], [ 633423.907559973071329, 5191275.934012313373387 ], [ 633420.453543160809204, 5191276.791867786087096 ], [ 633412.166731024626642, 5191286.00050245411694 ], [ 633402.212787979166023, 5191311.229690353386104 ], [ 633388.561544580501504, 5191320.521799385547638 ], [ 633388.358941261656582, 5191332.424006243236363 ], [ 633389.770305608515628, 5191342.766272569075227 ], [ 633398.417563076713122, 5191347.675711788237095 ], [ 633404.846421647118405, 5191343.022903848439455 ], [ 633418.335583845851943, 5191343.252521416172385 ], [ 633418.993942328961566, 5191351.200799278914928 ], [ 633398.981372326612473, 5191361.178379259072244 ], [ 633382.963254238129593, 5191369.636439511552453 ], [ 633367.76557589287404, 5191376.521150966174901 ], [ 633367.603492625639774, 5191386.042875941842794 ], [ 633378.71217218064703, 5191386.231973232701421 ], [ 633387.386442789342254, 5191389.554459013044834 ], [ 633375.322152320179157, 5191398.873578972183168 ], [ 633360.850465029361658, 5191409.739232344552875 ], [ 633359.060906611848623, 5191421.614324314519763 ], [ 633380.538866438670084, 5191418.805106281302869 ], [ 633392.821716411970556, 5191411.173616116866469 ], [ 633396.298116542282514, 5191407.690884910523891 ], [ 633399.377401502337307, 5191407.100436923094094 ], [ 633405.406848030630499, 5191403.354281517677009 ], [ 633421.99269601830747, 5191402.764261669479311 ], [ 633426.081722383620217, 5191401.980213336646557 ], [ 633429.303829423384741, 5191402.5041363844648 ], [ 633435.238383552408777, 5191403.469010818749666 ], [ 633450.675621308502741, 5191401.743698886595666 ], [ 633465.052860282827169, 5191396.43253537081182 ], [ 633469.195788157521747, 5191386.184814741834998 ], [ 633476.580258828354999, 5191372.023786830715835 ], [ 633479.1362315522274, 5191361.749051836319268 ], [ 633481.11488664150238, 5191338.765173754654825 ], [ 633491.767813879530877, 5191319.10378057602793 ], [ 633510.193431018502451, 5191309.099282558076084 ], [ 633518.276780543965288, 5191300.506049391813576 ], [ 633532.856522966409102, 5191283.292668473906815 ], [ 633548.216286764130928, 5191266.886221335269511 ], [ 633556.15106147620827, 5191267.021288542076945 ], [ 633559.875377641641535, 5191281.371417412534356 ], [ 633568.522639535716735, 5191286.280857417732477 ], [ 633584.311149312765338, 5191291.311857720836997 ], [ 633603.246556354453787, 5191297.983840649016201 ], [ 633621.402042499510571, 5191303.848890660330653 ], [ 633636.262058330699801, 5191316.801162539049983 ], [ 633640.026793170138262, 5191328.770910148508847 ], [ 633653.340373300248757, 5191339.31578684411943 ], [ 633654.498599969316274, 5191346.365626796148717 ], [ 633654.655225338879973, 5191346.005312336608768 ], [ 633663.221347130602226, 5191355.675619219429791 ], [ 633677.19338570733089, 5191374.168782148510218 ], [ 633671.503922304371372, 5191382.009009565226734 ], [ 633670.602438905509189, 5191388.343324919231236 ], [ 633683.996960401069373, 5191394.127336449921131 ], [ 633701.318500863853842, 5191402.359269121661782 ], [ 633710.664642175775953, 5191412.836613942869008 ], [ 633720.885355109698139, 5191418.566500498913229 ], [ 633720.763790940167382, 5191425.707850496284664 ], [ 633719.014750724309124, 5191435.202569723129272 ], [ 633723.815400894731283, 5191442.268917164765298 ], [ 633747.417228493606672, 5191454.576348626986146 ], [ 633766.943560595158488, 5191473.164068010635674 ], [ 633781.69541895983275, 5191492.46417236700654 ], [ 633793.368014752282761, 5191506.155955521389842 ], [ 633809.882521580788307, 5191515.167915165424347 ], [ 633820.775097535923123, 5191528.052663889713585 ], [ 633833.764503405545838, 5191557.641023938544095 ], [ 633845.450606655911542, 5191570.53928276989609 ], [ 633861.627428978681564, 5191599.388247523456812 ], [ 633883.250488668098114, 5191634.679490685462952 ], [ 633891.722155009862036, 5191649.904207701794803 ], [ 633892.350146740907803, 5191668.963991289027035 ], [ 633900.095822484348901, 5191680.207760357297957 ], [ 633925.04137277463451, 5191706.824831853620708 ], [ 633927.985655120341107, 5191720.368041293695569 ], [ 633949.071924699470401, 5191740.569753801450133 ], [ 633981.226368093048222, 5191763.340961357578635 ], [ 634000.296963155851699, 5191762.078191809356213 ], [ 634040.750903535285033, 5191763.56051498092711 ], [ 634069.424289341899566, 5191757.69896724447608 ], [ 634091.709224975202233, 5191754.10984081029892 ], [ 634085.564013184746727, 5191742.099551825784147 ], [ 634089.801609131973237, 5191726.297521166503429 ], [ 634117.721993144252338, 5191718.041975917294621 ], [ 634131.021971999085508, 5191729.380305069498718 ], [ 634130.120482035214081, 5191735.71462688036263 ], [ 634132.379297856474295, 5191742.896506271325052 ], [ 634138.740735216415487, 5191742.211040917783976 ], [ 634148.113893160480075, 5191751.101447909139097 ], [ 634144.8184083790984, 5191758.188774515874684 ], [ 634153.767786317039281, 5191768.659384966827929 ], [ 634166.395906904013827, 5191772.842852097935975 ], [ 634170.147226030239835, 5191785.606050178408623 ], [ 634185.962768692988902, 5191789.050120458938181 ], [ 634193.870540246949531, 5191790.772155703045428 ], [ 634210.6552128798794, 5191783.914561477489769 ], [ 634210.925369749660604, 5191768.04488680511713 ], [ 634223.756207355065271, 5191760.326224791817367 ], [ 634232.430393129237927, 5191763.648724072612822 ], [ 634241.118185919011012, 5191766.177796386182308 ], [ 634248.489177518291399, 5191752.810177148319781 ], [ 634240.137726368382573, 5191730.523458092473447 ], [ 634221.756010006298311, 5191691.318763138726354 ], [ 634222.752153310459107, 5191679.430040155537426 ], [ 634214.483093181042932, 5191652.303178659640253 ], [ 634205.795400201808661, 5191649.774110686033964 ], [ 634201.976538127055392, 5191640.978356316685677 ], [ 634204.546130761737004, 5191629.910077468492091 ], [ 634220.442720982246101, 5191628.593269341625273 ], [ 634231.700005253427662, 5191620.054157256148756 ], [ 634262.7132678325288, 5191616.613504523411393 ], [ 634275.517089345026761, 5191610.481794392690063 ], [ 634289.745679870829917, 5191613.898843804374337 ], [ 634294.384985523414798, 5191621.121248609386384 ], [ 634302.171193614602089, 5191629.984541342593729 ], [ 634314.08693452575244, 5191629.393725339323282 ], [ 634320.623870768002234, 5191618.393079689703882 ], [ 634315.495661808177829, 5191602.590295831672847 ], [ 634318.051645912230015, 5191592.315540832467377 ], [ 634352.198408045805991, 5191591.309403576888144 ], [ 634371.403994214255363, 5191582.111832427792251 ], [ 634416.240703720366582, 5191568.588323508389294 ], [ 634437.033352542901412, 5191559.41766622941941 ], [ 634460.90526545769535, 5191555.855540227144957 ], [ 634478.294373681768775, 5191560.120049671269953 ], [ 634508.57999028894119, 5191557.46076256595552 ], [ 634551.495513521367684, 5191554.222813535481691 ], [ 634564.822626072447747, 5191563.974192445166409 ], [ 634585.412569783511572, 5191566.705872122198343 ], [ 634614.004947715089656, 5191565.605179755017161 ], [ 634640.875194825115614, 5191572.412266800180078 ], [ 634654.202309893560596, 5191582.163648504763842 ], [ 634665.311025034636259, 5191582.35275202896446 ], [ 634673.850247727474198, 5191593.610049497336149 ], [ 634684.111404037801549, 5191596.959563807584345 ], [ 634702.884868436842225, 5191613.15333809889853 ], [ 634709.782999952090904, 5191627.557639504782856 ], [ 634719.237320428714156, 5191631.687079817056656 ], [ 634723.535935566644184, 5191645.354065374471247 ], [ 634724.957262343959883, 5191646.19411940779537 ], [ 634724.053249589866027, 5191647.190278902649879 ], [ 634728.971681252936833, 5191665.982456415891647 ], [ 634754.147013945272192, 5191679.110377263277769 ], [ 634754.038953172042966, 5191685.458215794526041 ], [ 634762.659220558474772, 5191691.954638957045972 ], [ 634776.625778623390943, 5191710.765254788100719 ], [ 634788.875702561694197, 5191737.166263423860073 ], [ 634799.741282347706147, 5191751.638009613379836 ], [ 634831.021314764628187, 5191779.156739630736411 ], [ 634830.818698556628078, 5191791.058889112435281 ], [ 634843.352282867883332, 5191800.796874008141458 ], [ 634847.870021638227627, 5191815.160560970194638 ], [ 634858.884286030312069, 5191820.904082895256579 ], [ 634876.783071970334277, 5191841.845244611613452 ], [ 634893.122013279353268, 5191861.172433810308576 ], [ 634904.902692447183654, 5191868.516424988396466 ], [ 634900.840685157803819, 5191874.003294947557151 ], [ 634904.673055836232379, 5191882.005636783316731 ], [ 634914.974840428796597, 5191882.97467177733779 ], [ 634926.701387788983993, 5191893.492582895793021 ], [ 634930.398677852819674, 5191909.429726992733777 ], [ 634929.280952228582464, 5191928.459841741248965 ], [ 634935.480305354343727, 5191937.296140018850565 ], [ 634948.699254480889067, 5191953.395480841398239 ], [ 634958.838942170026712, 5191963.886280310340226 ], [ 634940.950113805360161, 5191988.980566248297691 ], [ 634943.087356317322701, 5192003.303733231499791 ], [ 634939.724320015404373, 5192014.358422645367682 ], [ 634941.000589074450545, 5192032.635533115826547 ], [ 634938.954343909630552, 5192059.586942167021334 ], [ 634943.499091197969392, 5192072.363675090484321 ], [ 634940.355472608353011, 5192117.154905261471868 ], [ 634916.588019693968818, 5192161.19814551435411 ], [ 634898.83416858734563, 5192178.357517453841865 ], [ 634838.137835146859288, 5192200.341832175850868 ], [ 634788.009879882913083, 5192254.254456027410924 ], [ 634772.312307533342391, 5192290.497961280867457 ], [ 634765.761835759272799, 5192302.292138025164604 ], [ 634758.336880790186115, 5192318.833685166202486 ], [ 634745.411452315864153, 5192332.106747817248106 ], [ 634722.775241857976653, 5192356.326420538127422 ], [ 634704.146907533286139, 5192378.233145521953702 ], [ 634702.906230165506713, 5192378.212023016996682 ], [ 634703.52703382645268, 5192378.961754633113742 ], [ 634677.220572778838687, 5192385.657324290834367 ], [ 634670.510694196796976, 5192406.814506195485592 ], [ 634651.169984354986809, 5192423.946840264834464 ], [ 634628.182434689020738, 5192468.797068213112652 ], [ 634602.97660526575055, 5192504.084910389967263 ], [ 634585.962245948147029, 5192524.431681560352445 ], [ 634567.46910006843973, 5192538.403698804788291 ], [ 634551.639940557535738, 5192535.753023280762136 ], [ 634535.837898463010788, 5192531.515490947291255 ], [ 634512.718873348203488, 5192537.471555672585964 ], [ 634517.854489270830527, 5192562.164030096493661 ], [ 634506.610585489310324, 5192569.909690637141466 ], [ 634486.411602348089218, 5192590.837201674468815 ], [ 634470.393313226755708, 5192599.295333597809076 ], [ 634444.718279994791374, 5192615.526145152747631 ], [ 634424.006665237946436, 5192619.935772933065891 ], [ 634404.719996175961569, 5192633.894169847480953 ], [ 634391.83519807853736, 5192644.78672515694052 ], [ 634370.605234857648611, 5192656.330956781283021 ], [ 634350.795328538166359, 5192654.406261928379536 ], [ 634336.539625955279917, 5192652.576131237670779 ], [ 634316.702602339093573, 5192652.238392855040729 ], [ 634303.010867302422412, 5192663.910965380258858 ], [ 634279.905364104779437, 5192669.073490238748491 ], [ 634250.438519686809741, 5192674.921566902659833 ], [ 634223.406103483401239, 5192677.636155677028 ], [ 634194.881299384171143, 5192674.769324360415339 ], [ 634175.77026287978515, 5192678.412538538686931 ], [ 634142.511609747540206, 5192673.877693173475564 ], [ 634132.101870700600557, 5192679.256469827145338 ], [ 634112.318895405856892, 5192675.74481634888798 ], [ 634087.842598678660579, 5192668.184663796797395 ], [ 634071.220030547352508, 5192665.520477755926549 ], [ 634044.21464554942213, 5192666.648109279572964 ], [ 634032.271990529843606, 5192668.825952393934131 ], [ 634020.15361279505305, 5192681.318961828015745 ], [ 634003.517537171952426, 5192679.448303978890181 ], [ 633972.774476574501023, 5192667.019307717680931 ], [ 633948.217131181852892, 5192664.22002743370831 ], [ 633921.774100654176436, 5192646.308237910270691 ], [ 633894.12390262610279, 5192638.694052996113896 ], [ 633861.7803844982991, 5192627.031472465023398 ], [ 633810.150128519628197, 5192629.327268677763641 ], [ 633776.85097604105249, 5192627.172915183007717 ], [ 633742.086556279915385, 5192617.850195015780628 ], [ 633688.963925390155055, 5192614.564679324626923 ], [ 633670.177140538813546, 5192599.16432889085263 ], [ 633625.809842473128811, 5192594.440365066751838 ], [ 633582.249485242646188, 5192588.936483333818614 ], [ 633540.249168751877733, 5192585.046577927656472 ], [ 633507.176333150709979, 5192572.596036478877068 ], [ 633452.017759136855602, 5192574.019909702241421 ], [ 633408.457420513383113, 5192568.516032674349844 ], [ 633404.368502013268881, 5192575.589730990119278 ], [ 633382.674382200697437, 5192591.094619973562658 ], [ 633343.56429925840348, 5192603.921720312908292 ], [ 633329.146518181310967, 5192611.613419590517879 ], [ 633320.310246534296311, 5192617.812632771208882 ], [ 633314.512688694288954, 5192632.000650794245303 ], [ 633321.437880342127755, 5192644.81786734983325 ], [ 633330.702923359815031, 5192660.056092745624483 ], [ 633315.54575435584411, 5192664.560273457318544 ], [ 633316.903045995160937, 5192678.076450115069747 ], [ 633293.703032096382231, 5192688.793349860236049 ], [ 633259.705061824293807, 5192681.071198057383299 ], [ 633242.099968109279871, 5192689.502183375880122 ], [ 633230.170747335301712, 5192690.886493127793074 ], [ 633190.939087580656633, 5192710.855018898844719 ], [ 633154.962296496611089, 5192726.116617916151881 ], [ 633136.293585618957877, 5192750.403721541166306 ], [ 633142.371205148636363, 5192766.381330181844532 ], [ 633209.02334449114278, 5192767.516144806519151 ], [ 633222.444949756609276, 5192771.713243873789907 ], [ 633231.804554504225962, 5192781.397081163711846 ], [ 633266.785183250205591, 5192778.024076027795672 ], [ 633281.793744071037509, 5192782.248195488937199 ], [ 633294.367785842041485, 5192789.605692750774324 ], [ 633298.980040983762592, 5192798.414946854114532 ], [ 633284.52182934503071, 5192808.487020540051162 ], [ 633280.35174753004685, 5192820.321673535741866 ], [ 633280.122080064611509, 5192833.810829877853394 ], [ 633243.122181103099138, 5192862.548067265190184 ], [ 633236.598739264300093, 5192872.755136162042618 ], [ 633248.392860178370029, 5192879.30569957010448 ], [ 633275.317032599705271, 5192882.938943658024073 ], [ 633285.537713214289397, 5192888.668861353769898 ], [ 633287.783094506361522, 5192896.644160545431077 ], [ 633285.213472903589718, 5192907.712405764497817 ], [ 633297.07514707359951, 5192910.29543668217957 ], [ 633311.627930449903943, 5192894.669078031554818 ], [ 633323.557154326350428, 5192893.284774085506797 ], [ 633336.401395716704428, 5192884.772636576555669 ], [ 633353.064462470822036, 5192885.056345725432038 ], [ 633365.692544291261584, 5192889.239939482882619 ], [ 633399.126760314684361, 5192883.459541608579457 ], [ 633422.998624360654503, 5192879.897403574548662 ], [ 633450.716335692675784, 5192883.544160117395222 ], [ 633463.989339347695932, 5192896.469464931637049 ], [ 633477.45148248388432, 5192898.286089356057346 ], [ 633496.278775836341083, 5192911.306064482778311 ], [ 633510.97661456768401, 5192933.780119271017611 ], [ 633559.80753904057201, 5192956.041682137176394 ], [ 633588.251235311850905, 5192963.669393399730325 ], [ 633612.578885512193665, 5192979.957756877876818 ], [ 633622.745431109215133, 5192988.861690245568752 ], [ 633622.914793694042601, 5192989.538737837225199 ], [ 633635.868910240009427, 5192987.25953461881727 ], [ 633648.659221447072923, 5192981.921405488625169 ], [ 633661.354863043874502, 5192982.137567487545311 ], [ 633679.685959254973568, 5192977.687435464002192 ], [ 633690.727096736314707, 5192981.843915385194123 ], [ 633731.947506451164372, 5192984.926926910877228 ], [ 633756.42377707362175, 5192992.486991997808218 ], [ 633792.856305883382447, 5192997.075899917632341 ], [ 633839.68506408110261, 5192997.079472433775663 ], [ 633883.917279042769223, 5193009.73826383985579 ], [ 633902.933732364443131, 5193011.649464555084705 ], [ 633913.073364131036215, 5193022.140363103710115 ], [ 633938.410623556817882, 5193025.746602601371706 ], [ 633976.592249386478215, 5193020.840697631239891 ], [ 634012.898237943649292, 5193009.553289455361664 ], [ 634041.544619163265452, 5193005.278788150288165 ], [ 634066.183030622079968, 5193003.317119693383574 ], [ 634085.898448848165572, 5193010.796231078915298 ], [ 634098.621124688535929, 5193009.425437385216355 ], [ 634128.908511571935378, 5193002.003941530361772 ], [ 634161.400651517091319, 5193004.938345762901008 ], [ 634176.449674872565083, 5193006.781995808705688 ], [ 634207.449533450882882, 5193004.134981389157474 ], [ 634237.520663746865466, 5193009.409241174347699 ], [ 634254.021645308472216, 5193019.214701538905501 ], [ 634286.513795269886032, 5193022.1491081379354 ], [ 634312.712159227579832, 5193021.801417821086943 ], [ 634313.132671437459067, 5193024.58903378713876 ], [ 634332.742966382298619, 5193026.044972182251513 ], [ 634354.892826961702667, 5193030.390603828243911 ], [ 634380.29597603622824, 5193034.791728425770998 ], [ 634402.486469064722769, 5193036.756975587457418 ] ], [ [ 632648.95657169772312, 5190808.648072875104845 ], [ 632639.417206379584968, 5190811.344542942941189 ], [ 632632.411718475981615, 5190797.708059623837471 ], [ 632621.669490789296106, 5190792.704486377537251 ], [ 632614.911433125962503, 5190797.371189435943961 ], [ 632602.522741229855455, 5190808.144705262035131 ], [ 632593.156439981539734, 5190808.428256336599588 ], [ 632582.00126165477559, 5190816.523918484337628 ], [ 632573.252478926442564, 5190815.60004856903106 ], [ 632575.604627553955652, 5190800.602929223328829 ], [ 632572.441061806515791, 5190799.119162475690246 ], [ 632563.755132707417943, 5190809.130748292431235 ], [ 632561.232846106635407, 5190820.259188493713737 ], [ 632544.846650970634073, 5190820.67723894212395 ], [ 632537.117141214432195, 5190816.50290197879076 ], [ 632522.647192769334652, 5190809.028015293180943 ], [ 632549.313193650916219, 5190783.208375566639006 ], [ 632577.794092096970417, 5190787.64392604213208 ], [ 632596.38601860566996, 5190771.666293171234429 ], [ 632617.147646489902399, 5190756.52154444810003 ], [ 632638.894906367291696, 5190736.107866522856057 ], [ 632664.307892434066162, 5190719.164389286190271 ], [ 632678.436382730025798, 5190708.749463377520442 ], [ 632685.24400326621253, 5190715.152982915751636 ], [ 632672.369155474123545, 5190744.384195616468787 ], [ 632667.136032774811611, 5190767.907802381552756 ], [ 632666.22620535583701, 5190789.696096493862569 ], [ 632648.95657169772312, 5190808.648072875104845 ] ], [ [ 631650.861607272760011, 5190853.746266114525497 ], [ 631635.918173116049729, 5190855.356402888894081 ], [ 631613.661705615348183, 5190848.451854824088514 ], [ 631619.19537003536243, 5190833.019653173163533 ], [ 631639.158270445419475, 5190829.308680257759988 ], [ 631663.278690743260086, 5190836.244954177178442 ], [ 631650.861607272760011, 5190853.746266114525497 ] ], [ [ 631661.781394178746268, 5190921.233099442906678 ], [ 631651.112083135056309, 5190939.188033368438482 ], [ 631633.186541886068881, 5190926.79192416369915 ], [ 631639.671220383606851, 5190900.992917729541659 ], [ 631656.061012194375508, 5190902.135541945695877 ], [ 631661.781394178746268, 5190921.233099442906678 ] ], [ [ 631762.484671804471873, 5190539.614011658355594 ], [ 631764.570700529497117, 5190526.597976248711348 ], [ 631789.670697141438723, 5190530.754169256426394 ], [ 631783.840802322723903, 5190544.638729315251112 ], [ 631774.536906789289787, 5190543.548127919435501 ], [ 631762.484671804471873, 5190539.614011658355594 ] ], [ [ 631647.530591464368626, 5189754.829456253908575 ], [ 631634.771215419983491, 5189748.314681060612202 ], [ 631625.119748792145401, 5189747.611460440792143 ], [ 631611.974453466711566, 5189750.200584165751934 ], [ 631599.956827020272613, 5189746.048295248299837 ], [ 631597.972986785927787, 5189740.463859060779214 ], [ 631613.631865506409667, 5189732.014858066104352 ], [ 631634.003882993594743, 5189732.472549189813435 ], [ 631660.741384949302301, 5189737.874287419952452 ], [ 631666.248868270544335, 5189743.937666572630405 ], [ 631660.738338682684116, 5189753.741307539865375 ], [ 631647.530591464368626, 5189754.829456253908575 ] ], [ [ 634826.696291109081358, 5189613.39788091275841 ], [ 634833.934890464879572, 5189612.871100758202374 ], [ 634840.908340991591103, 5189616.055620456114411 ], [ 634848.388040651800111, 5189609.940225961618125 ], [ 634868.08887077588588, 5189604.544785151258111 ], [ 634875.617436857777648, 5189612.186527537181973 ], [ 634873.301215185550973, 5189617.200854902155697 ], [ 634877.091682691941969, 5189624.976972309872508 ], [ 634884.183729914482683, 5189630.241406050510705 ], [ 634887.34641983686015, 5189626.078441697172821 ], [ 634885.56667381839361, 5189614.669727626256645 ], [ 634895.296155142248608, 5189610.264535048045218 ], [ 634909.470364916836843, 5189611.561699445359409 ], [ 634912.223854636074975, 5189606.412820195779204 ], [ 634910.774263405706733, 5189593.583795913495123 ], [ 634900.163719206000678, 5189593.882201317697763 ], [ 634891.211585511220619, 5189584.985294600948691 ], [ 634889.081367873237468, 5189576.719457526691258 ], [ 634910.048902085633017, 5189562.759003755636513 ], [ 634921.047173223341815, 5189559.596340359188616 ], [ 634929.125270110089332, 5189558.567871571518481 ], [ 634933.082753516733646, 5189562.112044825218618 ], [ 634930.193896335316822, 5189565.637702533043921 ], [ 634947.703475024318323, 5189570.546447874978185 ], [ 634952.629260262590833, 5189582.178694232366979 ], [ 634941.1237365816487, 5189585.827699950896204 ], [ 634951.309060778236017, 5189606.578999415971339 ], [ 634945.488164662267081, 5189620.398239264264703 ], [ 634935.595989326364361, 5189627.782513414509594 ], [ 634924.207779541262425, 5189641.049030140042305 ], [ 634904.910209801164456, 5189642.608526300638914 ], [ 634899.569228174514137, 5189652.847112156450748 ], [ 634887.194507562555373, 5189660.682111372239888 ], [ 634862.907521634246223, 5189656.698971125297248 ], [ 634860.611794625991024, 5189660.332716586999595 ], [ 634870.345391464652494, 5189666.262073876336217 ], [ 634871.132692562649027, 5189672.76414486952126 ], [ 634865.808667820645496, 5189676.424350122921169 ], [ 634851.433682711445726, 5189671.41295415814966 ], [ 634851.023918183869682, 5189676.394728687591851 ], [ 634839.463568939827383, 5189670.456282258965075 ], [ 634829.682799857575446, 5189665.301083339378238 ], [ 634829.164344108430669, 5189663.155368222855031 ], [ 634818.437100234208629, 5189658.971012395806611 ], [ 634814.30407537939027, 5189648.937180058099329 ], [ 634805.309249036828987, 5189636.085747618228197 ], [ 634807.676950230030343, 5189629.515376121737063 ], [ 634809.427328234305605, 5189622.554518119432032 ], [ 634809.635603819973767, 5189617.778304530307651 ], [ 634816.192367673385888, 5189613.542108074761927 ], [ 634826.696291109081358, 5189613.39788091275841 ] ], [ [ 631157.060535309254192, 5189520.195876570418477 ], [ 631145.789878348470666, 5189529.52850550878793 ], [ 631133.094214176293463, 5189529.31245307251811 ], [ 631128.508917924133129, 5189518.916338643059134 ], [ 631120.736229956848547, 5189509.259534696117043 ], [ 631106.507733632926829, 5189505.842587646096945 ], [ 631095.480134705430828, 5189500.892707983963192 ], [ 631090.020296915667132, 5189495.243926799856126 ], [ 631100.470524330623448, 5189487.484641326591372 ], [ 631106.818305881228298, 5189487.592666016891599 ], [ 631125.956171860103495, 5189482.362481064163148 ], [ 631138.70584813633468, 5189479.40464102756232 ], [ 631150.359002755023539, 5189477.368584331125021 ], [ 631150.991838709451258, 5189476.794288706034422 ], [ 631169.300550242536701, 5189470.342264490202069 ], [ 631182.448754565790296, 5189473.280854185111821 ], [ 631188.551459798589349, 5189476.508521607145667 ], [ 631207.395117720589042, 5189488.919476046226919 ], [ 631203.100399139104411, 5189500.434698633849621 ], [ 631199.645566847641021, 5189500.818878769874573 ], [ 631196.963831430533901, 5189507.381947447545826 ], [ 631172.285104194423184, 5189511.724186461418867 ], [ 631157.060535309254192, 5189520.195876570418477 ] ], [ [ 634216.484687793417834, 5187865.810327977873385 ], [ 634199.230652267928235, 5187853.611094611696899 ], [ 634183.293575431220233, 5187857.308439296670258 ], [ 634173.825829004636034, 5187853.972524113021791 ], [ 634184.303003909531981, 5187844.62627674639225 ], [ 634211.510886548319831, 5187831.59608574397862 ], [ 634237.232961562578566, 5187812.587824223563075 ], [ 634243.084361894638278, 5187795.22578695230186 ], [ 634232.985082769650035, 5187782.354624559171498 ], [ 634213.982088196091354, 5187779.650141661055386 ], [ 634184.126785683678463, 5187761.680611397139728 ], [ 634175.641565881087445, 5187747.249395346269011 ], [ 634160.781413869932294, 5187734.297237880527973 ], [ 634145.033236003248021, 5187726.885882317088544 ], [ 634134.880058281705715, 5187717.188641562126577 ], [ 634131.182608218863606, 5187701.251567049883306 ], [ 634113.955570599646308, 5187687.465385932475328 ], [ 634103.923790168017149, 5187670.626786910928786 ], [ 634101.033365958486684, 5187653.909785768017173 ], [ 634096.366991543676704, 5187648.27438747510314 ], [ 634094.229497412219644, 5187633.951271569356322 ], [ 634093.800556540489197, 5187612.513798374682665 ], [ 634094.232541349250823, 5187587.122380402870476 ], [ 634097.768155846744776, 5187584.34818047657609 ], [ 634097.258827556972392, 5187580.713205527514219 ], [ 634100.910599554190412, 5187565.950910623185337 ], [ 634092.59452329215128, 5187543.44050351344049 ], [ 634074.239500889671035, 5187502.64905768353492 ], [ 634065.889166473876685, 5187480.28306298237294 ], [ 634049.901026412961073, 5187440.325547972694039 ], [ 634051.757966433186084, 5187424.48297406360507 ], [ 634058.510868476005271, 5187400.786609995178878 ], [ 634069.93004885816481, 5187382.72553816344589 ], [ 634078.295010905363597, 5187370.629089646041393 ], [ 634077.264679547050036, 5187363.310444626957178 ], [ 634094.109689078293741, 5187353.853530528955162 ], [ 634106.333915197406895, 5187343.634040954522789 ], [ 634121.78377613867633, 5187337.893194561824203 ], [ 634128.774170292774215, 5187334.733289512805641 ], [ 634149.709484196035191, 5187337.589317822828889 ], [ 634166.643504229490645, 5187331.011764681898057 ], [ 634183.297968135564588, 5187328.582238064147532 ], [ 634169.14889008901082, 5187348.673465898260474 ], [ 634176.772172219352797, 5187353.805894712917507 ], [ 634174.88993337249849, 5187359.409578691236675 ], [ 634163.773842362686992, 5187353.45376864913851 ], [ 634162.550501245073974, 5187359.002665342763066 ], [ 634165.270563175552525, 5187369.629386850632727 ], [ 634165.147522023878992, 5187370.084769695065916 ], [ 634166.856150288484059, 5187377.231065461412072 ], [ 634172.799009491107427, 5187401.14342334959656 ], [ 634182.709310064208694, 5187425.123378404416144 ], [ 634199.034837515791878, 5187445.243881870061159 ], [ 634205.072286717360839, 5187463.601941959932446 ], [ 634202.286823034635745, 5187487.365810739807785 ], [ 634201.155811439966783, 5187507.189333241432905 ], [ 634198.450940534472466, 5187514.866212613880634 ], [ 634199.01996568380855, 5187538.837742308154702 ], [ 634197.067559435265139, 5187556.970577757805586 ], [ 634199.129287942312658, 5187569.616995370015502 ], [ 634198.660591493942775, 5187575.595708903856575 ], [ 634192.969442014815286, 5187578.031753303483129 ], [ 634192.084573870059103, 5187584.139379312284291 ], [ 634196.775469004409388, 5187586.776051945053041 ], [ 634196.859990882221609, 5187589.566344304010272 ], [ 634193.088856518035755, 5187592.407034295611084 ], [ 634194.683803029591218, 5187610.743213078938425 ], [ 634191.969590132241137, 5187610.928623935207725 ], [ 634193.644090769113973, 5187622.14952783845365 ], [ 634194.988056948059238, 5187636.459146845154464 ], [ 634199.478939101565629, 5187652.409722049720585 ], [ 634192.067585333017632, 5187668.157902531325817 ], [ 634192.672119491966441, 5187679.280107319355011 ], [ 634190.560536252101883, 5187694.443588683381677 ], [ 634197.903347744140774, 5187707.150956978090107 ], [ 634211.971282314509153, 5187732.032013311050832 ], [ 634213.820632140967064, 5187735.596892638131976 ], [ 634228.716954188421369, 5187753.311518992297351 ], [ 634254.46981533523649, 5187779.148440655320883 ], [ 634266.19655360467732, 5187789.666116335429251 ], [ 634273.888344703475013, 5187804.083837524056435 ], [ 634275.836834718706086, 5187829.515667285770178 ], [ 634268.398472626227885, 5187846.850805493071675 ], [ 634253.913351270603016, 5187858.509940965101123 ], [ 634238.715699498308823, 5187865.394800913520157 ], [ 634216.484687793417834, 5187865.810327977873385 ] ], [ [ 636139.682875378639437, 5190929.760247972793877 ], [ 636126.87768905737903, 5190923.344579162076116 ], [ 636119.509814817691222, 5190921.830233625136316 ], [ 636108.309726386214606, 5190914.111949260346591 ], [ 636103.613750752760097, 5190927.165395621210337 ], [ 636102.805635909782723, 5190927.115642104297876 ], [ 636095.835853495867923, 5190925.301087192259729 ], [ 636089.268956960295327, 5190919.673571006394923 ], [ 636087.586009999038652, 5190909.864388468675315 ], [ 636085.391052377643064, 5190901.878404100425541 ], [ 636099.305625897832215, 5190889.762833346612751 ], [ 636109.376728994073346, 5190877.391850089654326 ], [ 636118.324266164330766, 5190868.699566789902747 ], [ 636118.57470057811588, 5190863.151092207990587 ], [ 636113.209385293535888, 5190860.775876136496663 ], [ 636103.83157514128834, 5190851.978663505986333 ], [ 636109.658912151004188, 5190842.71929467190057 ], [ 636124.45405004103668, 5190850.894750298000872 ], [ 636139.859429045813158, 5190853.825841901823878 ], [ 636150.735258537577465, 5190861.031629833392799 ], [ 636158.694020154885948, 5190872.420566241256893 ], [ 636171.027780046919361, 5190889.554703555069864 ], [ 636172.238389019737951, 5190902.263711050152779 ], [ 636167.407458763569593, 5190910.38009540271014 ], [ 636159.000950259156525, 5190916.36671606451273 ], [ 636148.890314442804083, 5190915.139669289812446 ], [ 636152.06126631249208, 5190927.353068875148892 ], [ 636139.682875378639437, 5190929.760247972793877 ] ], [ [ 635788.314876889577135, 5190691.581662201322615 ], [ 635793.562570035574026, 5190687.531181269325316 ], [ 635810.970741835422814, 5190690.409357558004558 ], [ 635813.449394694413058, 5190700.645056040026248 ], [ 635810.971772173186764, 5190710.088428796269 ], [ 635793.916807729401626, 5190704.78838037699461 ], [ 635788.314876889577135, 5190691.581662201322615 ] ], [ [ 635910.644083206541836, 5190655.211640273220837 ], [ 635912.021417871583253, 5190640.500788281671703 ], [ 635919.359528698259965, 5190641.178661267273128 ], [ 635923.017832408542745, 5190644.851755355484784 ], [ 635921.872979011735879, 5190649.370052237994969 ], [ 635917.867634349735454, 5190658.801424296572804 ], [ 635924.015308376634493, 5190658.862064099870622 ], [ 635922.645046537742019, 5190664.697461191564798 ], [ 635907.557692222297192, 5190664.760648375377059 ], [ 635910.644083206541836, 5190655.211640273220837 ] ], [ [ 636272.627100210404024, 5191983.980793716385961 ], [ 636266.080877507803962, 5191984.364327510818839 ], [ 636260.21667911100667, 5191975.933886243961751 ], [ 636259.874926190706901, 5191961.705735675059259 ], [ 636265.471167687210254, 5191949.69357387535274 ], [ 636274.137801601085812, 5191932.480928111821413 ], [ 636272.728926286334172, 5191927.837160235270858 ], [ 636271.279207797953859, 5191917.192978478968143 ], [ 636268.678245204035193, 5191908.857089032419026 ], [ 636276.490616162889637, 5191883.086300080642104 ], [ 636286.334914427250624, 5191872.997367744334042 ], [ 636289.526739706750959, 5191865.304067572578788 ], [ 636299.943179741385393, 5191866.424349951557815 ], [ 636302.716692728106864, 5191878.66299460735172 ], [ 636302.708302080514841, 5191903.238701036199927 ], [ 636297.450474676326849, 5191910.467849988490343 ], [ 636295.642240035813302, 5191923.996431780979037 ], [ 636291.709302264614962, 5191929.701207576319575 ], [ 636290.524724714690819, 5191945.010323254391551 ], [ 636285.838731298223138, 5191951.660233910195529 ], [ 636278.653546497342177, 5191962.557397192344069 ], [ 636276.999250930501148, 5191970.97883836273104 ], [ 636275.9307534720283, 5191981.05517497099936 ], [ 636272.627100210404024, 5191983.980793716385961 ] ], [ [ 636296.536053349263966, 5192223.152638024650514 ], [ 636288.543897771509364, 5192231.759165095165372 ], [ 636281.053212941857055, 5192239.984247464686632 ], [ 636278.104655375005677, 5192223.872802169062197 ], [ 636294.965997486608103, 5192217.169187408871949 ], [ 636296.536053349263966, 5192223.152638024650514 ] ] ] } }
]
}
