{
"type": "FeatureCollection",
"crs": { "type": "name", "properties": { "name": "urn:ogc:def:crs:EPSG::25832" } },
"features": [
{ "type": "Feature", "properties": { "Gletschern": "Gepatsch Ferner", "id": 7022, "Year": 1997.0 }, "geometry": { "type": "MultiPolygon", "coordinates": [ [ [ [ 634330.465661220951006, 5193069.493641103617847 ], [ 634354.446978753665462, 5193066.172171860933304 ], [ 634377.158565410762094, 5193062.545078857801855 ], [ 634391.239976530894637, 5193056.957141978666186 ], [ 634403.98975858441554, 5193057.225224209949374 ], [ 634426.965493423049338, 5193046.30700620636344 ], [ 634448.750407209270634, 5193045.071008492261171 ], [ 634461.787621381226927, 5193040.321245204657316 ], [ 634478.654940230655484, 5193033.90878626331687 ], [ 634508.868865487980656, 5193023.250794016756117 ], [ 634521.789369355421513, 5193017.78007510304451 ], [ 634538.383368305163458, 5193015.967723517678678 ], [ 634553.829130417783745, 5193011.296958363614976 ], [ 634571.740840698126704, 5192999.983540055342019 ], [ 634583.10589533788152, 5192996.422228889539838 ], [ 634598.116534995730035, 5192994.460924877785146 ], [ 634612.461582099553198, 5192986.662578538060188 ], [ 634624.456774080055766, 5192983.620988701470196 ], [ 634632.889003608957864, 5192976.650908381678164 ], [ 634637.994102076510899, 5192967.292317757382989 ], [ 634653.818135484587401, 5192964.130930420011282 ], [ 634656.494309115922078, 5192956.94686171784997 ], [ 634651.044828375568613, 5192946.713577602058649 ], [ 634654.451865540235303, 5192942.825789204798639 ], [ 634664.303905078093521, 5192946.257370045408607 ], [ 634669.810927584767342, 5192938.547539871186018 ], [ 634680.319624507683329, 5192928.314985329285264 ], [ 634694.786899621132761, 5192917.449877753853798 ], [ 634712.190489306813106, 5192905.205834235064685 ], [ 634719.798031442333013, 5192899.513651551678777 ], [ 634740.629213985404931, 5192887.635950872674584 ], [ 634749.085709514096379, 5192876.892483367584646 ], [ 634753.982124103582464, 5192866.342394955456257 ], [ 634766.643669270793907, 5192862.043179724365473 ], [ 634784.999139977851883, 5192851.27228819206357 ], [ 634800.605038400855847, 5192840.307564340531826 ], [ 634815.076072699623182, 5192830.043489689007401 ], [ 634824.469956319313496, 5192819.333969626575708 ], [ 634837.495790826389566, 5192802.155635796487331 ], [ 634835.316434455802664, 5192789.849143478088081 ], [ 634839.883204489480704, 5192787.323031234554946 ], [ 634846.944604009389877, 5192781.817529560998082 ], [ 634861.208832366857678, 5192782.055387241765857 ], [ 634868.462900926591828, 5192778.624096082523465 ], [ 634884.91447101009544, 5192767.206782389432192 ], [ 634890.321246640873142, 5192759.216239222325385 ], [ 634896.269029897172004, 5192750.577949942089617 ], [ 634910.103631183155812, 5192745.568758103065193 ], [ 634918.865594117436558, 5192733.563526982441545 ], [ 634927.275329774711281, 5192722.395306679420173 ], [ 634935.848553964751773, 5192713.371738613583148 ], [ 634943.863308414933272, 5192710.249343507923186 ], [ 634954.767047306289896, 5192699.073573933914304 ], [ 634964.468501014285721, 5192693.968018801882863 ], [ 634978.168912400258705, 5192688.61753895599395 ], [ 634999.825020066346042, 5192684.025496057234704 ], [ 635013.98029738466721, 5192664.468506217934191 ], [ 635013.992553389398381, 5192658.11002503708005 ], [ 635026.295498164370656, 5192654.729675772599876 ], [ 635025.183991380501539, 5192646.363160552456975 ], [ 635024.761040950310417, 5192643.955090628936887 ], [ 635029.720709289656952, 5192634.85498090647161 ], [ 635035.485304622561671, 5192632.806232794187963 ], [ 635040.473533882992342, 5192632.896165394224226 ], [ 635053.17539090802893, 5192626.289763182401657 ], [ 635063.304530349909328, 5192612.801903751678765 ], [ 635078.022809873800725, 5192604.930911946110427 ], [ 635080.784959991113283, 5192594.165457256138325 ], [ 635087.010078009334393, 5192579.5151879908517 ], [ 635097.278829366667196, 5192558.886052626185119 ], [ 635104.049250846263021, 5192562.600142943672836 ], [ 635120.653830826631747, 5192547.481610375456512 ], [ 635130.82177592557855, 5192531.950490427203476 ], [ 635146.56424116215203, 5192519.131170177832246 ], [ 635155.469015813199803, 5192509.89823892340064 ], [ 635175.899430809775367, 5192505.820300958119333 ], [ 635192.364645158988424, 5192495.773134818300605 ], [ 635193.386496604420245, 5192487.263958831317723 ], [ 635196.795923493802547, 5192463.795168722048402 ], [ 635201.565386333153583, 5192452.76990894600749 ], [ 635215.91521564766299, 5192455.382101253606379 ], [ 635237.965318258968182, 5192449.496826078742743 ], [ 635249.47903061658144, 5192444.429110498167574 ], [ 635249.986074656131677, 5192431.680374559946358 ], [ 635253.440375704900362, 5192418.143850473687053 ], [ 635258.101879149558954, 5192409.642647090367973 ], [ 635269.096382459392771, 5192405.11705612577498 ], [ 635282.869333155802451, 5192390.690256461501122 ], [ 635293.376986202085391, 5192377.34782500192523 ], [ 635302.483669160865247, 5192351.908124635927379 ], [ 635306.911971923429519, 5192339.602132807485759 ], [ 635314.948327941470779, 5192329.338450316339731 ], [ 635315.609926861012354, 5192316.555357341654599 ], [ 635318.655824579764158, 5192311.207471683621407 ], [ 635328.5465860622935, 5192314.070726036094129 ], [ 635339.273136946256272, 5192321.584982343018055 ], [ 635341.694365676958114, 5192326.673958728089929 ], [ 635351.866233625682071, 5192326.183160935528576 ], [ 635357.526281500468031, 5192310.951286554336548 ], [ 635373.644782782532275, 5192304.591020344756544 ], [ 635387.105885284021497, 5192297.32056996691972 ], [ 635396.415317001403309, 5192272.718279254622757 ], [ 635401.888074741465971, 5192253.040414787828922 ], [ 635403.199086687061936, 5192233.76967666298151 ], [ 635404.969656779081561, 5192217.872596410103142 ], [ 635423.041952180908993, 5192199.71317673753947 ], [ 635428.256677776342258, 5192190.727406254969537 ], [ 635427.375161354197189, 5192172.140299040824175 ], [ 635436.547555727534927, 5192161.637008984573185 ], [ 635448.432126408210024, 5192157.516520332545042 ], [ 635455.876283574267291, 5192149.497646733187139 ], [ 635468.001753536751494, 5192152.839935610070825 ], [ 635482.605923375929706, 5192156.549394843168557 ], [ 635493.234374370076694, 5192150.030668870545924 ], [ 635492.232661059941165, 5192127.226716266945004 ], [ 635497.23419691005256, 5192114.024507994763553 ], [ 635507.952583565027453, 5192099.405705272220075 ], [ 635518.381445284001529, 5192093.62654869351536 ], [ 635539.999171270988882, 5192097.517398398369551 ], [ 635562.855517331510782, 5192104.243199844844639 ], [ 635568.372432045056485, 5192098.652424843050539 ], [ 635566.821108716074377, 5192081.290837866254151 ], [ 635542.789493916206993, 5192066.887391391210258 ], [ 635531.400829853257164, 5192054.447115670889616 ], [ 635528.921571186743677, 5192039.785624962300062 ], [ 635539.587632915005088, 5192021.836074301972985 ], [ 635554.261134601896629, 5191993.218291098251939 ], [ 635560.674186243675649, 5191959.952092839404941 ], [ 635567.004772334359586, 5191925.419540420174599 ], [ 635569.753629757789895, 5191897.402705023996532 ], [ 635574.034641830483451, 5191885.759150916710496 ], [ 635586.324131694156677, 5191849.864129424095154 ], [ 635583.54203791404143, 5191823.504044861532748 ], [ 635580.5570295418147, 5191790.854813759215176 ], [ 635578.369986961013637, 5191758.262163207866251 ], [ 635581.715460702311248, 5191736.434178023599088 ], [ 635578.667748804902658, 5191722.26798546127975 ], [ 635594.364769879961386, 5191713.998609880916774 ], [ 635600.267676519230008, 5191713.752115185372531 ], [ 635595.55080049415119, 5191665.356164707802236 ], [ 635590.037278652074747, 5191632.801883465610445 ], [ 635579.205826380522922, 5191594.912347983568907 ], [ 635569.039446600247175, 5191552.669326887466013 ], [ 635565.982298095826991, 5191524.550659068860114 ], [ 635561.973379781004041, 5191491.719999314285815 ], [ 635561.293968784622848, 5191479.352048221044242 ], [ 635570.667452398105524, 5191457.973656548187137 ], [ 635592.896042463253252, 5191463.455786977894604 ], [ 635624.56074682646431, 5191466.554695565253496 ], [ 635647.613994586165063, 5191471.408902266994119 ], [ 635671.340385075076483, 5191470.554855149239302 ], [ 635690.646004494396038, 5191476.573211881332099 ], [ 635709.349000871181488, 5191483.628266397863626 ], [ 635734.162725318456069, 5191496.203071098774672 ], [ 635747.253190862713382, 5191495.963928177021444 ], [ 635762.036633119219914, 5191510.697887300513685 ], [ 635770.255278747528791, 5191527.496984573081136 ], [ 635779.461337163462304, 5191544.090916239656508 ], [ 635780.327081475988962, 5191549.154400011524558 ], [ 635797.417593687423505, 5191559.414879157207906 ], [ 635805.58730446419213, 5191582.08084425330162 ], [ 635807.883292974438518, 5191606.042788374237716 ], [ 635803.449526557931677, 5191620.080625311471522 ], [ 635807.990116918343119, 5191634.131250449456275 ], [ 635825.3319676554529, 5191640.965149519965053 ], [ 635833.718382179038599, 5191642.618838195689023 ], [ 635831.43949910858646, 5191660.300186175853014 ], [ 635826.401426405180246, 5191666.308134405873716 ], [ 635822.219033960253, 5191674.685531402938068 ], [ 635811.82152370933909, 5191686.551953845657408 ], [ 635805.301970570581034, 5191683.90009375102818 ], [ 635803.456424990901724, 5191687.403502565808594 ], [ 635807.848587701679207, 5191691.846059220843017 ], [ 635807.6648388489848, 5191695.884742112830281 ], [ 635815.644476088578813, 5191717.266563314944506 ], [ 635816.829481077147648, 5191720.961564681492746 ], [ 635810.676685387268662, 5191734.653145868331194 ], [ 635807.161663983599283, 5191739.011106556281447 ], [ 635802.077910259133205, 5191743.006336715072393 ], [ 635793.780056381132454, 5191747.837862771935761 ], [ 635793.389488072134554, 5191750.632075195200741 ], [ 635798.461951177101582, 5191756.582143406383693 ], [ 635797.827530525391921, 5191766.065888568758965 ], [ 635793.501714539015666, 5191778.285664143972099 ], [ 635790.112669345224276, 5191792.747281104326248 ], [ 635788.819496440701187, 5191807.915526126511395 ], [ 635795.869702644064091, 5191814.521206672303379 ], [ 635805.833115388988517, 5191822.868452786467969 ], [ 635811.693023425759748, 5191836.602558110840619 ], [ 635812.676522209309042, 5191851.783570353873074 ], [ 635814.519894786644727, 5191859.275586383417249 ], [ 635819.211579363793135, 5191875.198694569058716 ], [ 635824.049013278912753, 5191879.095857638865709 ], [ 635823.765134438406676, 5191884.257783602923155 ], [ 635827.328916642582044, 5191889.255216828547418 ], [ 635835.247390716685914, 5191903.594349691644311 ], [ 635840.237809110200033, 5191913.129851055331528 ], [ 635845.040171059663408, 5191916.913430206477642 ], [ 635852.742706189630553, 5191921.735326776280999 ], [ 635863.611029765103012, 5191936.252662074752152 ], [ 635870.004206860554405, 5191944.271109146997333 ], [ 635872.66930072393734, 5191955.595947357825935 ], [ 635874.114367208909243, 5191960.697296109981835 ], [ 635878.777212778804824, 5191962.337612379342318 ], [ 635895.324223056552, 5191975.212693825364113 ], [ 635899.486739756772295, 5191983.806163916364312 ], [ 635912.768177128047682, 5191987.267108146101236 ], [ 635914.650253391824663, 5191978.740559536032379 ], [ 635917.526672547799535, 5191979.58847929444164 ], [ 635926.248474861844443, 5191987.563593349419534 ], [ 635933.949813332874328, 5191996.509275904856622 ], [ 635932.703428718727082, 5192011.57233008928597 ], [ 635930.016102513065562, 5192016.12136918399483 ], [ 635933.573969542281702, 5192033.388143443502486 ], [ 635941.714713446446694, 5192048.241008555516601 ], [ 635946.705034456914291, 5192037.342480656690896 ], [ 635938.646489197271876, 5192026.118829375132918 ], [ 635940.733852749224752, 5192017.456777528859675 ], [ 635948.927990100579336, 5192007.734743957407773 ], [ 635963.658276431262493, 5192005.561623955145478 ], [ 635964.639670684700832, 5191996.784760981798172 ], [ 635966.152849145350046, 5191996.241544877178967 ], [ 635981.708049597800709, 5192002.001085269264877 ], [ 635999.046594448620453, 5192010.084902122616768 ], [ 636006.759871316724457, 5192023.439585463143885 ], [ 636007.400510509149171, 5192040.374684953130782 ], [ 636007.602589639718644, 5192063.630008834414184 ], [ 636025.733287141891196, 5192079.983910311944783 ], [ 636031.581628215964884, 5192097.157661247067153 ], [ 636040.570053417235613, 5192102.688404706306756 ], [ 636038.243913721758872, 5192110.692468254826963 ], [ 636047.537504917476326, 5192118.031339023262262 ], [ 636050.401358816539869, 5192122.612853881902993 ], [ 636059.819370725075714, 5192126.464020675979555 ], [ 636062.930240447865799, 5192136.035533278249204 ], [ 636067.21006612025667, 5192136.974362345412374 ], [ 636075.615511503419839, 5192146.381012403406203 ], [ 636073.197551111923531, 5192151.317620950751007 ], [ 636057.757030544336885, 5192158.910377666354179 ], [ 636045.090204478125088, 5192165.984373049810529 ], [ 636039.134119593538344, 5192171.703699043951929 ], [ 636031.72992548532784, 5192178.784290666691959 ], [ 636025.655830288305879, 5192191.493290820159018 ], [ 636012.995804595062509, 5192208.563950301147997 ], [ 636002.922495103441179, 5192217.479018569923937 ], [ 635993.431610630941577, 5192219.437343511730433 ], [ 635987.400575261912309, 5192227.207294093444943 ], [ 635974.388698051217943, 5192231.349561373703182 ], [ 635967.224952024989761, 5192228.887732662260532 ], [ 635965.946273045614362, 5192217.007506659254432 ], [ 635962.45695047872141, 5192209.9884397611022 ], [ 635957.172361226286739, 5192205.691670909523964 ], [ 635942.686496118549258, 5192216.06153748370707 ], [ 635939.706633311696351, 5192214.886863493360579 ], [ 635939.728585760807618, 5192206.842627841979265 ], [ 635936.796186091843992, 5192197.536131727509201 ], [ 635933.095121324877255, 5192199.782014789059758 ], [ 635930.687495804857463, 5192204.054823844693601 ], [ 635929.668647805578075, 5192203.989477538503706 ], [ 635931.257200283464044, 5192214.466024878434837 ], [ 635936.328437301330268, 5192218.07920700404793 ], [ 635936.136362815159373, 5192223.136685580015182 ], [ 635930.821978089632466, 5192224.93511398602277 ], [ 635930.284884101944044, 5192232.871601731516421 ], [ 635923.489842010429129, 5192235.771760554052889 ], [ 635925.569086612900719, 5192243.738799823448062 ], [ 635934.832880464848131, 5192257.997811319306493 ], [ 635940.918482836103067, 5192264.465126260183752 ], [ 635945.761237871949561, 5192275.802037538960576 ], [ 635943.644372566603124, 5192280.146792781539261 ], [ 635946.359391014557332, 5192287.538655638694763 ], [ 635955.889590475708246, 5192296.016514888964593 ], [ 635950.686383414780721, 5192302.093666363507509 ], [ 635946.713585499906912, 5192309.375651366077363 ], [ 635940.933606214122847, 5192314.26601490098983 ], [ 635941.829676205990836, 5192321.54192357044667 ], [ 635936.353659154847264, 5192328.725348600186408 ], [ 635934.953653739532456, 5192336.305148845538497 ], [ 635923.431197442580014, 5192346.290497550740838 ], [ 635926.269836342311464, 5192360.634136612527072 ], [ 635924.312170267105103, 5192373.424208210781217 ], [ 635916.94533119420521, 5192391.408911876380444 ], [ 635915.643726417561993, 5192401.550259102135897 ], [ 635909.623683984507807, 5192410.086358112283051 ], [ 635903.473530953051522, 5192424.97193103749305 ], [ 635907.972385601489805, 5192427.258419449441135 ], [ 635910.774438557215035, 5192435.352743277326226 ], [ 635912.581910163396969, 5192442.837157435715199 ], [ 635917.720982557046227, 5192455.388064350001514 ], [ 635914.04513495019637, 5192463.612085987813771 ], [ 635922.436590110417455, 5192464.324933568015695 ], [ 635921.959943063324317, 5192469.415557999163866 ], [ 635934.863884451333433, 5192473.731054058298469 ], [ 635935.344224440399557, 5192483.808747529052198 ], [ 635925.443242538021877, 5192486.127066281624138 ], [ 635928.589581796666607, 5192497.023129101842642 ], [ 635934.708403170458041, 5192495.724360555410385 ], [ 635935.467770418501459, 5192499.518111051991582 ], [ 635928.737461623153649, 5192506.192208683118224 ], [ 635930.569827507599257, 5192508.397299678996205 ], [ 635941.849554254673421, 5192507.677382088266313 ], [ 635965.539188959170133, 5192518.380216525867581 ], [ 635974.517480355454609, 5192529.497545088641346 ], [ 635981.711176872835495, 5192530.904952075332403 ], [ 635988.773863949347287, 5192537.128921799361706 ], [ 635995.432509993202984, 5192538.717213329859078 ], [ 636007.689755241386592, 5192553.058252756483853 ], [ 636011.431411602417938, 5192560.233583730645478 ], [ 636008.179305513971485, 5192573.874562175944448 ], [ 635998.750493032392114, 5192576.591901050880551 ], [ 635989.0620841414202, 5192581.928693972527981 ], [ 635980.563688025809824, 5192583.502915029413998 ], [ 635979.850813838886097, 5192589.312507197260857 ], [ 635983.784065502346493, 5192588.287530261091888 ], [ 635985.036586305941455, 5192602.995151724666357 ], [ 635987.078067978029139, 5192616.059286719188094 ], [ 635989.970083688851446, 5192623.802153232507408 ], [ 635992.401811409043148, 5192629.685284646227956 ], [ 635992.530339322867803, 5192643.807807835750282 ], [ 635997.399423913098872, 5192650.837365440092981 ], [ 636002.874304629513063, 5192659.167193254455924 ], [ 636011.394390797941014, 5192665.423959670588374 ], [ 636011.998552794218995, 5192673.400884457863867 ], [ 636019.635860859765671, 5192677.119734578765929 ], [ 636026.883895096718334, 5192682.265896491706371 ], [ 636036.844212122261524, 5192687.212242432869971 ], [ 636048.979991783387959, 5192686.074935312382877 ], [ 636060.221013388130814, 5192684.104427427984774 ], [ 636065.534386415267363, 5192675.140309322625399 ], [ 636077.884174710372463, 5192671.946742638014257 ], [ 636084.133558799047023, 5192677.838873052038252 ], [ 636083.666995675768703, 5192693.672168981283903 ], [ 636101.899969563470222, 5192688.102877261117101 ], [ 636104.133045184309594, 5192684.216090087778866 ], [ 636103.988559078541584, 5192668.621360584162176 ], [ 636111.611293186666444, 5192661.275506932288408 ], [ 636119.678070307360031, 5192663.555749179795384 ], [ 636122.956469950149767, 5192665.403483596630394 ], [ 636139.848606510320678, 5192655.657544883899391 ], [ 636144.370470553520136, 5192662.05424465239048 ], [ 636151.403016745578498, 5192660.770029841922224 ], [ 636149.755965833552182, 5192652.085401175543666 ], [ 636152.08726606098935, 5192641.077621481381357 ], [ 636157.832321683759801, 5192640.177483825013041 ], [ 636160.194299472030252, 5192636.002894734032452 ], [ 636158.633738978300244, 5192623.000933315604925 ], [ 636162.391573016531765, 5192616.599226804450154 ], [ 636171.757576850708574, 5192605.06123321224004 ], [ 636174.50486171990633, 5192594.523500193841755 ], [ 636181.598477662657388, 5192593.704313202761114 ], [ 636176.388417472946458, 5192585.147025625221431 ], [ 636178.995561300311238, 5192572.444991540163755 ], [ 636184.373304040404037, 5192564.692925095558167 ], [ 636190.303005043650046, 5192558.703177515417337 ], [ 636200.07719417125918, 5192554.494800085201859 ], [ 636202.710866647190414, 5192547.34197786077857 ], [ 636199.379019109997898, 5192544.99235850200057 ], [ 636200.238892622757703, 5192541.23817387316376 ], [ 636205.485804904368706, 5192530.246021274477243 ], [ 636204.387574886903167, 5192514.229071495123208 ], [ 636212.273826716002077, 5192510.902499621734023 ], [ 636212.894015417783521, 5192504.547354376874864 ], [ 636224.085829225601628, 5192490.72457199729979 ], [ 636218.516110772150569, 5192486.553939867764711 ], [ 636220.648519671754912, 5192481.120499302633107 ], [ 636225.917500019306317, 5192481.106203081086278 ], [ 636232.790523063857108, 5192483.377113709226251 ], [ 636240.655848333844915, 5192484.156986805610359 ], [ 636243.055156527436338, 5192487.305701058357954 ], [ 636245.942728553432971, 5192486.088925817981362 ], [ 636243.923188102198765, 5192481.31076227221638 ], [ 636245.427604077500291, 5192474.644712817855179 ], [ 636239.122520348406397, 5192468.558626499958336 ], [ 636233.638013129355386, 5192466.783326123841107 ], [ 636230.219762318534777, 5192462.167343327775598 ], [ 636234.059417727170512, 5192452.95613366086036 ], [ 636230.614081633044407, 5192452.221521415747702 ], [ 636231.341294703772292, 5192448.154076710343361 ], [ 636239.948887350736186, 5192442.10493075568229 ], [ 636245.963032441330142, 5192450.595925286412239 ], [ 636254.284507738659158, 5192457.300293946638703 ], [ 636262.582845658645965, 5192455.61267062369734 ], [ 636262.227710246574134, 5192449.747885544784367 ], [ 636258.96525272494182, 5192441.794723721221089 ], [ 636253.127383713261224, 5192433.052735034376383 ], [ 636254.096779872779734, 5192427.858493348583579 ], [ 636250.572590332478285, 5192421.477755869738758 ], [ 636253.058564194361679, 5192417.655291861854494 ], [ 636258.390961866942234, 5192419.0260040294379 ], [ 636265.938328799558803, 5192404.182215413078666 ], [ 636261.454600299242884, 5192401.653987872414291 ], [ 636262.295382851036265, 5192396.965527312830091 ], [ 636266.718330016825348, 5192393.549998849630356 ], [ 636267.164274187758565, 5192383.625035950914025 ], [ 636271.385447952081449, 5192382.603953257203102 ], [ 636276.041797091136687, 5192378.930402927100658 ], [ 636282.077933533350006, 5192379.96313747856766 ], [ 636288.618990988237783, 5192378.649563752114773 ], [ 636298.468563655740581, 5192368.721717905253172 ], [ 636312.490060083451681, 5192365.775580648332834 ], [ 636324.899177431710996, 5192348.17268939036876 ], [ 636328.085151357809082, 5192328.489858223125339 ], [ 636337.27934114378877, 5192307.778356791473925 ], [ 636338.046344886650331, 5192287.865353175438941 ], [ 636336.907963313627988, 5192278.023427433334291 ], [ 636330.480980922351591, 5192273.752191132865846 ], [ 636324.290546018513851, 5192275.96769508253783 ], [ 636317.14165203704033, 5192272.104195918887854 ], [ 636317.448241263860837, 5192257.914053363725543 ], [ 636313.494523464236408, 5192255.676846127957106 ], [ 636308.954773228615522, 5192259.903350297361612 ], [ 636303.759581711841747, 5192255.934095619246364 ], [ 636304.393044201424345, 5192233.23393624369055 ], [ 636315.175166145316325, 5192225.032893878407776 ], [ 636334.286846465431154, 5192224.587291688658297 ], [ 636335.745684165740386, 5192228.352972203865647 ], [ 636341.060468463925645, 5192224.415628678165376 ], [ 636338.653931450797245, 5192219.930882619693875 ], [ 636346.278563862433657, 5192213.058989904820919 ], [ 636361.833813419798389, 5192218.112599005922675 ], [ 636362.740634076530114, 5192206.784554246813059 ], [ 636369.584035895182751, 5192208.093005794100463 ], [ 636370.426499019144103, 5192225.977526821196079 ], [ 636369.642435780842789, 5192237.319642568938434 ], [ 636373.064947162522003, 5192241.039738328196108 ], [ 636378.672291151480749, 5192253.455631212331355 ], [ 636378.979472479433753, 5192267.540203664451838 ], [ 636376.182641047635116, 5192278.34508652985096 ], [ 636378.01976987242233, 5192282.914150787517428 ], [ 636387.563552058418281, 5192287.658419971354306 ], [ 636398.692988686612807, 5192285.37099820189178 ], [ 636409.358260141219944, 5192270.171289985068142 ], [ 636416.8575740957167, 5192261.675377111881971 ], [ 636424.188172119786032, 5192265.2030074223876 ], [ 636429.897442841669545, 5192258.299529789946973 ], [ 636421.272538942517713, 5192258.551676922477782 ], [ 636414.183025589212775, 5192257.309045388363302 ], [ 636409.777606171322986, 5192246.244537921622396 ], [ 636405.592258256627247, 5192236.702724481932819 ], [ 636401.879711589077488, 5192228.051934029906988 ], [ 636414.083444366464391, 5192215.348299245350063 ], [ 636427.817066919989884, 5192230.192419866099954 ], [ 636434.189813912613317, 5192229.425940096378326 ], [ 636435.184400141471997, 5192235.262617958709598 ], [ 636433.743967236834578, 5192241.928794520907104 ], [ 636433.264254412730224, 5192249.373274084180593 ], [ 636441.023445860715583, 5192260.85283783916384 ], [ 636450.59880856925156, 5192239.190872276201844 ], [ 636451.529918785323389, 5192232.48603346850723 ], [ 636439.895380215952173, 5192227.1452128123492 ], [ 636436.629835420404561, 5192221.018892018124461 ], [ 636435.402554556610994, 5192212.757374905049801 ], [ 636441.86042547877878, 5192208.57652913313359 ], [ 636450.488608381012455, 5192210.951308885589242 ], [ 636459.563879033201374, 5192215.316617919132113 ], [ 636462.208840889623389, 5192209.319926207885146 ], [ 636461.94211980921682, 5192203.371656525880098 ], [ 636453.760223007760942, 5192197.514629269018769 ], [ 636450.048176235053688, 5192192.710665159858763 ], [ 636446.67672747024335, 5192183.348701127804816 ], [ 636456.550955370184965, 5192190.064487592317164 ], [ 636462.277527784230188, 5192197.707633482292295 ], [ 636469.799274764372967, 5192201.52051305025816 ], [ 636470.419490522937849, 5192188.055699060671031 ], [ 636473.815842308336869, 5192171.697278601117432 ], [ 636465.974829470273107, 5192161.264265754260123 ], [ 636467.270112638594583, 5192152.844723387621343 ], [ 636472.486921273404732, 5192146.791813425719738 ], [ 636470.78451946831774, 5192138.597203792072833 ], [ 636477.58754524635151, 5192130.941391885280609 ], [ 636482.65075943490956, 5192125.392852345481515 ], [ 636490.953973471187055, 5192122.304349334910512 ], [ 636499.92737447284162, 5192130.596752738580108 ], [ 636499.881924754474312, 5192121.930380072444677 ], [ 636497.179227565415204, 5192102.419254685752094 ], [ 636508.20352790330071, 5192103.486914355307817 ], [ 636515.464981121127494, 5192112.075126119889319 ], [ 636518.674776241532527, 5192120.712373283691704 ], [ 636516.708906411193311, 5192128.992536659352481 ], [ 636514.809850531863049, 5192141.276620931923389 ], [ 636520.092120051616803, 5192144.712391642853618 ], [ 636525.80979278520681, 5192154.87727165222168 ], [ 636528.760563170420937, 5192154.88252049125731 ], [ 636540.378349412931129, 5192166.553768452256918 ], [ 636544.527450729627162, 5192161.77762368042022 ], [ 636537.921549633494578, 5192158.26532703731209 ], [ 636532.919765206752345, 5192146.224732559174299 ], [ 636539.504325024667196, 5192143.413952355273068 ], [ 636547.757384670898318, 5192150.965113341808319 ], [ 636553.385990116279572, 5192146.920140898786485 ], [ 636551.84614760032855, 5192138.457315925508738 ], [ 636553.89916175766848, 5192128.993703967891634 ], [ 636563.629550460726023, 5192119.076821450144053 ], [ 636569.092819524928927, 5192101.01467103138566 ], [ 636571.033582951873541, 5192094.912981797009706 ], [ 636579.716616828925908, 5192087.723171882331371 ], [ 636584.961576873902231, 5192061.984630823135376 ], [ 636579.085605004336685, 5192037.328731785528362 ], [ 636566.690118492115289, 5192029.872040110640228 ], [ 636564.149009883403778, 5192017.668347683735192 ], [ 636563.554916247841902, 5191996.589220654219389 ], [ 636564.711865153163671, 5191989.657224412076175 ], [ 636571.152283925563097, 5191973.051638933829963 ], [ 636565.391722665750422, 5191941.967995930463076 ], [ 636549.620722083374858, 5191941.659511010162532 ], [ 636536.638563526328653, 5191939.471605462953448 ], [ 636530.430490580270998, 5191925.865539683960378 ], [ 636522.585514689795673, 5191910.202698729000986 ], [ 636519.590045523829758, 5191896.082385955378413 ], [ 636522.552931784419343, 5191874.641796736046672 ], [ 636529.102936959010549, 5191851.949358638375998 ], [ 636533.283881040522829, 5191830.736503598280251 ], [ 636543.488077248213813, 5191813.544020687229931 ], [ 636550.552315436885692, 5191797.770015932619572 ], [ 636547.150080649531446, 5191782.285824337974191 ], [ 636549.029327032505535, 5191776.921052875928581 ], [ 636540.109509255737066, 5191776.582226846367121 ], [ 636537.270083395764232, 5191758.229724704287946 ], [ 636530.80403969087638, 5191753.491868947632611 ], [ 636534.839200634509325, 5191745.071950667537749 ], [ 636533.047728025820106, 5191732.592031300999224 ], [ 636538.684422731632367, 5191719.554589651525021 ], [ 636541.876024849014357, 5191709.349396768957376 ], [ 636549.450866583152674, 5191696.472950680181384 ], [ 636554.876547281397507, 5191690.955580398440361 ], [ 636574.706378462957218, 5191684.920444214716554 ], [ 636583.239955122116953, 5191685.450687367469072 ], [ 636596.682250814279541, 5191679.757798548787832 ], [ 636611.720202547032386, 5191679.015841402113438 ], [ 636633.302998451516032, 5191686.957893759943545 ], [ 636645.960261773783714, 5191691.314197679981589 ], [ 636659.816943169338629, 5191688.240201718173921 ], [ 636674.090090820100158, 5191682.847451723180711 ], [ 636681.236505022854544, 5191676.636381743475795 ], [ 636689.632061492302455, 5191664.775834783911705 ], [ 636695.320998039213009, 5191646.729533837176859 ], [ 636695.915175055270083, 5191636.732105729170144 ], [ 636705.643869275227189, 5191626.561202883720398 ], [ 636705.006738610914908, 5191622.693526182323694 ], [ 636694.720491834799759, 5191617.742636005394161 ], [ 636695.644721223041415, 5191606.330894647166133 ], [ 636694.195766871795058, 5191601.398459489457309 ], [ 636698.453352707321756, 5191586.196641141548753 ], [ 636692.97419264819473, 5191586.044372910633683 ], [ 636688.738737452309579, 5191564.818246672861278 ], [ 636688.974086614791304, 5191550.346930352970958 ], [ 636694.274437325075269, 5191545.141380646266043 ], [ 636699.033546702004969, 5191543.18548433855176 ], [ 636713.703040165826678, 5191542.529251432977617 ], [ 636721.424947829334997, 5191539.046850650571287 ], [ 636722.469974897801876, 5191532.111959671601653 ], [ 636729.219337082584389, 5191531.191914701834321 ], [ 636729.585452466504648, 5191523.782481414265931 ], [ 636738.186318820109591, 5191521.653001746162772 ], [ 636744.296661303029396, 5191512.099451267160475 ], [ 636746.571933961473405, 5191503.031603725627065 ], [ 636742.072259700740688, 5191477.824144341982901 ], [ 636734.888936543138698, 5191452.838003146462142 ], [ 636733.62015330477152, 5191439.729012032039464 ], [ 636742.109242110862397, 5191429.481001010164618 ], [ 636741.655189479817636, 5191421.083654085174203 ], [ 636754.440547356614843, 5191414.684581498615444 ], [ 636745.80126090196427, 5191404.384985913522542 ], [ 636738.018980385968462, 5191399.899709137156606 ], [ 636733.305433387402445, 5191385.964122088626027 ], [ 636730.882587301195599, 5191368.632657996378839 ], [ 636730.601509757107124, 5191356.125458397902548 ], [ 636732.912462085252628, 5191343.668352579697967 ], [ 636731.582738505210727, 5191334.844130328856409 ], [ 636737.813587976619601, 5191327.081553314812481 ], [ 636737.987108037807047, 5191315.596025256440043 ], [ 636732.99770093569532, 5191305.881548020988703 ], [ 636724.765331749804318, 5191295.116891898214817 ], [ 636726.302252922672778, 5191281.60767147038132 ], [ 636714.597346616676077, 5191275.699694867245853 ], [ 636720.554244408849627, 5191255.950996693223715 ], [ 636725.925231045577675, 5191247.478811494074762 ], [ 636731.503170950105414, 5191234.367369778454304 ], [ 636736.535066495998763, 5191220.202669898048043 ], [ 636737.523792178020813, 5191200.771399710327387 ], [ 636738.177666472969577, 5191190.026024295948446 ], [ 636747.461103121517226, 5191198.200652790255845 ], [ 636750.005194588098675, 5191203.636066823266447 ], [ 636754.492169255274348, 5191206.599864801391959 ], [ 636758.489519317401573, 5191214.09275303222239 ], [ 636759.635382381035015, 5191219.474646116606891 ], [ 636766.156119550345466, 5191224.123028882779181 ], [ 636779.952104051946662, 5191237.557591023854911 ], [ 636792.077581320190802, 5191252.201173352077603 ], [ 636791.749442704836838, 5191247.24570993706584 ], [ 636801.58884988212958, 5191247.414840646088123 ], [ 636798.729686348466203, 5191244.382323676720262 ], [ 636797.828280737274326, 5191242.928999030962586 ], [ 636795.922779266955331, 5191239.856733705848455 ], [ 636793.590501852799207, 5191236.646205943077803 ], [ 636790.150325754890218, 5191231.910605411976576 ], [ 636785.331451600999571, 5191225.277102610096335 ], [ 636779.297974670538679, 5191218.714462950825691 ], [ 636773.955657419632189, 5191212.903584064915776 ], [ 636769.230315535911359, 5191207.763819877058268 ], [ 636767.271740866708569, 5191205.081480651162565 ], [ 636767.270947577198967, 5191205.080404323525727 ], [ 636760.221744835842401, 5191195.426230088807642 ], [ 636758.944871344254352, 5191193.504128345288336 ], [ 636758.944533148547634, 5191193.503562192432582 ], [ 636753.597472617519088, 5191185.454509894363582 ], [ 636749.730570525047369, 5191178.857812186703086 ], [ 636745.864843668765388, 5191172.71314368955791 ], [ 636745.864768367959186, 5191172.713026464916766 ], [ 636728.569340940448456, 5191149.695289180614054 ], [ 636712.061416710494086, 5191132.714228898286819 ], [ 636704.319641420501284, 5191125.147634016349912 ], [ 636699.50306491390802, 5191119.795899117365479 ], [ 636683.097892213612795, 5191101.568005055189133 ], [ 636681.040984844090417, 5191099.282551790587604 ], [ 636675.718616976635531, 5191091.514063484966755 ], [ 636664.173114588018507, 5191074.099070494994521 ], [ 636655.780166958458722, 5191060.039351815357804 ], [ 636648.075998006039299, 5191040.91908336058259 ], [ 636639.325857239542529, 5191025.970833678729832 ], [ 636635.986735454876907, 5191022.963657770305872 ], [ 636635.027952262782492, 5191020.044942084699869 ], [ 636626.471521579427645, 5191025.438035453669727 ], [ 636632.721301424084231, 5191042.528637177310884 ], [ 636630.502682671998627, 5191068.243691517040133 ], [ 636624.997880988521501, 5191071.653827692382038 ], [ 636605.253848591004498, 5191068.653871291317046 ], [ 636588.611818628385663, 5191072.401418468914926 ], [ 636577.549856939120218, 5191075.131983958184719 ], [ 636573.175484419451095, 5191082.626175647601485 ], [ 636561.810390572762117, 5191086.011555201373994 ], [ 636560.902561645489186, 5191093.699751080013812 ], [ 636552.635785793070681, 5191093.121056132949889 ], [ 636549.773098294390365, 5191104.448802175931633 ], [ 636551.316789266187698, 5191110.042820571921766 ], [ 636556.09808102378156, 5191109.190256244502962 ], [ 636562.782227266114205, 5191099.470487005077302 ], [ 636562.477564091677777, 5191097.396390919573605 ], [ 636569.095756651367992, 5191094.723173342645168 ], [ 636586.721228354261257, 5191106.278677802532911 ], [ 636582.722548624733463, 5191116.375141478143632 ], [ 636572.221659817616455, 5191122.508095831610262 ], [ 636562.342549548251554, 5191127.239702610298991 ], [ 636549.465485395281576, 5191135.679115248844028 ], [ 636543.830781823839061, 5191143.07886557187885 ], [ 636536.668298670789227, 5191149.588631671853364 ], [ 636524.462846525362693, 5191162.514267910271883 ], [ 636519.153752302168868, 5191164.824774477630854 ], [ 636519.942334703286178, 5191169.781985031440854 ], [ 636511.382556299329735, 5191187.297455941326916 ], [ 636505.076841564499773, 5191195.405738914385438 ], [ 636499.19915785244666, 5191204.684248119592667 ], [ 636499.126293924287893, 5191213.781600432470441 ], [ 636488.388360640499741, 5191218.329596318304539 ], [ 636480.535126585979015, 5191232.581240656785667 ], [ 636473.804811919340864, 5191238.492397112771869 ], [ 636474.847143798833713, 5191243.345924534834921 ], [ 636486.513653683359735, 5191247.74931051954627 ], [ 636494.608251379802823, 5191244.930229060351849 ], [ 636501.784417847171426, 5191243.021483527496457 ], [ 636510.569925227668136, 5191248.372795157134533 ], [ 636516.026278706267476, 5191255.385345442220569 ], [ 636521.653753453399986, 5191254.109207251109183 ], [ 636527.564859629143029, 5191247.508131060749292 ], [ 636530.344442136702128, 5191246.760492868721485 ], [ 636540.694196691038087, 5191253.209370700642467 ], [ 636554.74316019390244, 5191264.745992441661656 ], [ 636548.487775483517908, 5191269.191311241127551 ], [ 636539.338386455900036, 5191274.819294954650104 ], [ 636533.190579520887695, 5191284.928197880275548 ], [ 636523.36728683731053, 5191294.430505346506834 ], [ 636507.522705352748744, 5191301.968444007448852 ], [ 636501.051720016868785, 5191307.330032298341393 ], [ 636507.296231438405812, 5191314.802984088659286 ], [ 636507.365026130806655, 5191327.737566675059497 ], [ 636516.024525475455448, 5191338.729454110376537 ], [ 636514.238602278521284, 5191344.955774517729878 ], [ 636508.247567950398661, 5191357.956173671409488 ], [ 636500.251833721296862, 5191362.015877855941653 ], [ 636489.933749484713189, 5191367.335978403687477 ], [ 636480.040278523927554, 5191371.73735629580915 ], [ 636474.767920868471265, 5191384.05003201123327 ], [ 636473.939502264605835, 5191393.828487485647202 ], [ 636478.051379346754402, 5191393.530494266189635 ], [ 636480.767830159980804, 5191389.441949510015547 ], [ 636487.050665422575548, 5191390.258845443837345 ], [ 636491.975102482596412, 5191389.104734706692398 ], [ 636495.800245762220584, 5191397.014484127052128 ], [ 636495.170461097266525, 5191406.461319664493203 ], [ 636488.714265095652081, 5191411.014195271767676 ], [ 636481.29084838856943, 5191413.173729022964835 ], [ 636473.627791994949803, 5191408.264505197294056 ], [ 636465.248192335246131, 5191412.431666187942028 ], [ 636457.679405512637459, 5191417.610580843873322 ], [ 636458.692787864245474, 5191427.101386779919267 ], [ 636470.801127149257809, 5191436.330093047581613 ], [ 636473.861244023311883, 5191442.247902078554034 ], [ 636464.508708629873581, 5191455.757058677263558 ], [ 636457.750419199001044, 5191453.090138841420412 ], [ 636442.49641267338302, 5191459.887152135372162 ], [ 636439.793912359047681, 5191464.094950295053422 ], [ 636444.5620300876908, 5191467.89294212218374 ], [ 636452.206085275858641, 5191463.111298197880387 ], [ 636457.920939482515678, 5191465.161487933248281 ], [ 636457.146710721659474, 5191482.622482720762491 ], [ 636453.022199500584975, 5191491.884839320555329 ], [ 636429.009974544169381, 5191485.796361192129552 ], [ 636421.844545175437815, 5191490.893133715726435 ], [ 636424.92674665490631, 5191501.153121967799962 ], [ 636422.652428870438598, 5191512.103874687105417 ], [ 636411.891485581640154, 5191522.821212039329112 ], [ 636400.671603345661424, 5191535.473614299669862 ], [ 636391.687429148005322, 5191541.794367230497301 ], [ 636378.789480846840888, 5191550.167435179464519 ], [ 636371.816258767619729, 5191550.200714089907706 ], [ 636371.768859349540435, 5191532.776713457889855 ], [ 636368.764305935706943, 5191523.125016249716282 ], [ 636370.767599672777578, 5191515.583475327119231 ], [ 636374.27077965263743, 5191512.156259975396097 ], [ 636371.824757102294825, 5191507.758828131482005 ], [ 636362.292608740390278, 5191497.514032930135727 ], [ 636360.975093198008835, 5191485.036197738721967 ], [ 636366.333248783601448, 5191474.849878272041678 ], [ 636360.266092741629109, 5191468.532895226031542 ], [ 636354.560164383845404, 5191446.161812411621213 ], [ 636345.271383439307101, 5191442.532843675464392 ], [ 636338.752299137180671, 5191440.382972711697221 ], [ 636336.559089534683153, 5191435.34886683896184 ], [ 636323.96678269142285, 5191436.458460402674973 ], [ 636316.452176344464533, 5191439.980369790457189 ], [ 636312.874294887296855, 5191442.156357518397272 ], [ 636300.549610384739935, 5191433.417952283285558 ], [ 636294.7349464019062, 5191426.895274651236832 ], [ 636285.06023093033582, 5191419.796908402815461 ], [ 636285.62920132803265, 5191405.229274154640734 ], [ 636292.165495374589227, 5191392.976130343973637 ], [ 636296.742299427744001, 5191380.403615616261959 ], [ 636308.532462452538311, 5191372.959685413166881 ], [ 636319.306721487431787, 5191368.215324857272208 ], [ 636331.888425181852654, 5191367.140563829801977 ], [ 636346.872644403716549, 5191366.675657209008932 ], [ 636359.42557321395725, 5191372.226098166778684 ], [ 636373.373858936829492, 5191376.459338705986738 ], [ 636377.647699368768372, 5191374.107193414121866 ], [ 636383.159357433905825, 5191374.758997284807265 ], [ 636380.244579508318566, 5191367.998681754805148 ], [ 636372.930036171339452, 5191369.460094223730266 ], [ 636361.941280440776609, 5191363.658283594064415 ], [ 636355.720177069306374, 5191347.7641412448138 ], [ 636357.041510940995067, 5191343.099877281114459 ], [ 636351.573945875396021, 5191336.80407892819494 ], [ 636346.453619240550324, 5191333.95904961694032 ], [ 636343.039829200133681, 5191325.261334262788296 ], [ 636344.199575602076948, 5191316.520483567379415 ], [ 636351.615449430770241, 5191315.860771763138473 ], [ 636366.471501808147877, 5191318.402531354688108 ], [ 636383.115938234026544, 5191318.212883559055626 ], [ 636398.051355116185732, 5191318.265144588425756 ], [ 636407.780525474227034, 5191318.579746328294277 ], [ 636405.993793173227459, 5191314.987485627643764 ], [ 636393.322647119755857, 5191311.916936258785427 ], [ 636382.921970648574643, 5191305.113195287063718 ], [ 636373.791489516152069, 5191302.580896870233119 ], [ 636360.683087524492294, 5191303.63869427330792 ], [ 636354.089145907666534, 5191295.840815326198936 ], [ 636344.845625832793303, 5191288.905774815939367 ], [ 636339.45065205602441, 5191277.640470925718546 ], [ 636334.129240543581545, 5191267.575340934097767 ], [ 636332.394011109368876, 5191253.729462906718254 ], [ 636325.672837763326243, 5191245.417429156601429 ], [ 636321.574488324229605, 5191243.09877332765609 ], [ 636307.399134070146829, 5191240.103609414771199 ], [ 636299.263239598716609, 5191234.833350102417171 ], [ 636287.738774464931339, 5191237.301055571995676 ], [ 636273.011218052357435, 5191232.498584056273103 ], [ 636266.203836761997081, 5191223.199133458547294 ], [ 636266.193556968821213, 5191207.883674029260874 ], [ 636269.604792234720662, 5191201.986033585853875 ], [ 636267.80275601579342, 5191198.056541599333286 ], [ 636259.261883791186847, 5191188.262609231285751 ], [ 636259.200758873601444, 5191182.571838210336864 ], [ 636253.450614525238052, 5191174.019345672801137 ], [ 636256.844798069214448, 5191167.88941050413996 ], [ 636254.583484209608287, 5191153.169617471285164 ], [ 636253.286583414068446, 5191144.76693925075233 ], [ 636261.468522610608488, 5191141.340366461314261 ], [ 636262.729665760532953, 5191131.518304710276425 ], [ 636266.949843079899438, 5191114.106949961744249 ], [ 636258.02742942806799, 5191114.098071932792664 ], [ 636249.168125574477017, 5191108.089556046761572 ], [ 636239.110157552408054, 5191099.067749755457044 ], [ 636230.398559118970297, 5191091.784797155298293 ], [ 636228.129350887960754, 5191085.81145097874105 ], [ 636224.476967218797654, 5191077.853654408827424 ], [ 636228.773819103254937, 5191057.818745006807148 ], [ 636235.939170555328019, 5191051.316026476211846 ], [ 636241.88465522590559, 5191041.107720571570098 ], [ 636235.363917450187728, 5191035.294977070763707 ], [ 636240.503673886763863, 5191033.238578412681818 ], [ 636242.703922775108367, 5191023.818460918962955 ], [ 636237.194080826942809, 5191012.956182108260691 ], [ 636239.147933742729947, 5191006.850734915584326 ], [ 636237.125922307604924, 5191001.921539044007659 ], [ 636243.489160446100868, 5190992.489304527640343 ], [ 636234.094798987614922, 5190975.56019390001893 ], [ 636238.205459736404009, 5190967.520542334765196 ], [ 636236.242454422521405, 5190952.780823541805148 ], [ 636230.421503623598255, 5190949.503885781392455 ], [ 636236.982616958091967, 5190945.073779399506748 ], [ 636239.428604244254529, 5190940.955605839379132 ], [ 636233.359731206088327, 5190928.157902202568948 ], [ 636230.826440276228823, 5190922.95302327722311 ], [ 636235.233190689352341, 5190914.791432861238718 ], [ 636241.331586442305706, 5190910.050448918715119 ], [ 636250.272733459249139, 5190906.609817819669843 ], [ 636241.228346765507013, 5190893.26248206011951 ], [ 636237.306721669156104, 5190879.681351190432906 ], [ 636231.694077751599252, 5190868.337373690679669 ], [ 636223.139199674013071, 5190866.531824645586312 ], [ 636218.645984768052585, 5190881.127677862532437 ], [ 636213.671558836358599, 5190881.224981307983398 ], [ 636209.478944922913797, 5190886.794361121021211 ], [ 636203.01476133253891, 5190891.523089753463864 ], [ 636197.173493347363546, 5190887.501851387321949 ], [ 636183.860508115380071, 5190887.420216330327094 ], [ 636181.952129778102972, 5190880.926066785119474 ], [ 636186.948702893219888, 5190873.417465636506677 ], [ 636192.579897533985786, 5190871.452426768839359 ], [ 636196.192328924196772, 5190863.251286835409701 ], [ 636197.945312592666596, 5190857.254441948607564 ], [ 636198.902591871330515, 5190853.710881946608424 ], [ 636199.17326918663457, 5190848.970704766921699 ], [ 636202.145694848848507, 5190843.65055107884109 ], [ 636207.838363128481433, 5190834.020907235331833 ], [ 636214.17507291934453, 5190829.553993500769138 ], [ 636218.704489016439766, 5190835.802799249067903 ], [ 636210.777941779000685, 5190844.022471686825156 ], [ 636218.232045117765665, 5190852.5739516755566 ], [ 636224.167764094891027, 5190848.755181597545743 ], [ 636231.588629953796044, 5190839.16695342771709 ], [ 636232.86263158544898, 5190832.112969194538891 ], [ 636220.612169855157845, 5190812.611356145702302 ], [ 636217.048424485838041, 5190807.024951189756393 ], [ 636220.395683747716248, 5190798.481338647194207 ], [ 636220.86823484650813, 5190784.995003167539835 ], [ 636214.780939504737034, 5190767.111231802031398 ], [ 636204.27737010223791, 5190757.949886552989483 ], [ 636198.371403120923787, 5190752.912592720240355 ], [ 636191.13584512763191, 5190733.519337520003319 ], [ 636195.142756290151738, 5190717.416299158707261 ], [ 636194.848986227414571, 5190708.590708919800818 ], [ 636200.497999811545014, 5190698.469373947009444 ], [ 636182.493122579995543, 5190703.564640548080206 ], [ 636173.971926422556862, 5190704.011575255542994 ], [ 636160.52994727587793, 5190686.657593588344753 ], [ 636151.798786275787279, 5190678.348367058672011 ], [ 636158.415043207933195, 5190672.675249885767698 ], [ 636154.81739429582376, 5190663.558445911854506 ], [ 636155.103894738131203, 5190659.239531809464097 ], [ 636137.888188283890486, 5190659.916458780877292 ], [ 636126.296745372586884, 5190656.391315199434757 ], [ 636114.146522909286432, 5190649.093847461976111 ], [ 636107.141937365522608, 5190645.153800479136407 ], [ 636087.105345962336287, 5190642.482885695062578 ], [ 636074.847346487804316, 5190637.640460758469999 ], [ 636060.754878552514128, 5190642.641351069323719 ], [ 636056.491469983477145, 5190639.270946763455868 ], [ 636057.824019040679559, 5190630.422025200910866 ], [ 636050.633439348661341, 5190625.01293140463531 ], [ 636045.272251021699049, 5190617.225017951801419 ], [ 636035.199932298390195, 5190606.991058855317533 ], [ 636016.528762759640813, 5190602.528455004096031 ], [ 635997.139206375926733, 5190595.624749104492366 ], [ 635985.685074808192439, 5190594.253849529661238 ], [ 635969.725254388642497, 5190589.823424119502306 ], [ 635962.289235145668499, 5190587.025970217771828 ], [ 635955.255920214112848, 5190580.542569535784423 ], [ 635947.208648595376872, 5190577.173755086027086 ], [ 635939.389740622369573, 5190574.546773323789239 ], [ 635937.460991534288041, 5190597.625859794206917 ], [ 635941.177413563011214, 5190606.167703212238848 ], [ 635958.352102911449037, 5190606.666020218282938 ], [ 635962.964421167736873, 5190610.688344716094434 ], [ 635973.43102800892666, 5190620.14103745855391 ], [ 635968.508065261645243, 5190621.210174785926938 ], [ 635956.230792598682456, 5190617.853383117355406 ], [ 635946.42674150923267, 5190618.58846100140363 ], [ 635955.884569505229592, 5190624.800157070159912 ], [ 635986.830480507342145, 5190638.935219382867217 ], [ 636006.364736410672776, 5190650.322186725214124 ], [ 636013.03114978550002, 5190652.511556194163859 ], [ 636017.793687689350918, 5190644.00701186992228 ], [ 636041.150139220873825, 5190641.447707730345428 ], [ 636051.805981767131016, 5190645.775877830572426 ], [ 636048.886297277291305, 5190654.282764808274806 ], [ 636045.134304695064202, 5190663.575461198575795 ], [ 636042.508086464717053, 5190670.586426541209221 ], [ 636030.785263621830381, 5190668.904974749311805 ], [ 636016.781838371884078, 5190666.444730701856315 ], [ 636017.299576464341953, 5190674.741153164766729 ], [ 636010.58320297091268, 5190685.297348936088383 ], [ 635994.259215175872669, 5190683.344553844071925 ], [ 635986.323168614879251, 5190682.78249270375818 ], [ 635980.90758734208066, 5190691.173909079283476 ], [ 635980.316158923669718, 5190701.364375563338399 ], [ 635976.329051991691813, 5190713.89490469917655 ], [ 635975.520729710231535, 5190722.552724033594131 ], [ 635972.387686397414654, 5190738.30864991620183 ], [ 635980.798595569911413, 5190750.686216901056468 ], [ 635975.505096558248624, 5190765.064437188208103 ], [ 635954.456785966292955, 5190767.668044700287282 ], [ 635939.150328417308629, 5190770.558353464119136 ], [ 635918.925306190387346, 5190767.679217616096139 ], [ 635901.214949588873424, 5190763.519961762242019 ], [ 635881.1690870084567, 5190755.871114169247448 ], [ 635872.129645598586649, 5190758.156157922931015 ], [ 635850.50662238150835, 5190761.858891574665904 ], [ 635838.733944832230918, 5190768.572178385220468 ], [ 635820.151219534687698, 5190775.246537938714027 ], [ 635800.963330118800513, 5190777.525823045521975 ], [ 635788.013190065743402, 5190767.877850487828255 ], [ 635779.657846556860022, 5190758.521075600758195 ], [ 635778.935722896596417, 5190749.601226123981178 ], [ 635773.908356686239131, 5190741.179044855758548 ], [ 635783.753361198236234, 5190728.754219300113618 ], [ 635796.928462622570805, 5190728.357513141818345 ], [ 635800.290241255192086, 5190724.366932383738458 ], [ 635813.706874397699721, 5190722.17641151510179 ], [ 635818.369952720939182, 5190715.990065979771316 ], [ 635827.874736102763563, 5190718.678730869665742 ], [ 635835.682660978869535, 5190717.603684150613844 ], [ 635833.787087072618306, 5190706.06796882674098 ], [ 635845.383810267085209, 5190705.230418181046844 ], [ 635850.983745848992839, 5190708.390580566599965 ], [ 635856.048805506317876, 5190725.703959424048662 ], [ 635855.186296915169805, 5190732.608957837335765 ], [ 635872.036686615087092, 5190734.59568078443408 ], [ 635878.087274488294497, 5190727.787992695346475 ], [ 635879.446490031434223, 5190719.252539681270719 ], [ 635885.230659595807083, 5190707.652559270150959 ], [ 635893.098350230487995, 5190696.604012315161526 ], [ 635900.006881344364956, 5190692.147818361409009 ], [ 635903.287590877735056, 5190699.381314123980701 ], [ 635910.119667954742908, 5190708.698153462260962 ], [ 635918.804189637070522, 5190721.804349410347641 ], [ 635931.609260303201154, 5190724.936171648092568 ], [ 635933.684044264256954, 5190732.991070572286844 ], [ 635939.715552007430233, 5190734.941668910905719 ], [ 635950.979718123329803, 5190730.729605227708817 ], [ 635961.352282023523003, 5190712.220058466307819 ], [ 635963.463710544398054, 5190701.731496885418892 ], [ 635964.425589475198649, 5190691.866337137296796 ], [ 635961.909040202735923, 5190685.501804459840059 ], [ 635969.298196594230831, 5190676.600994435139 ], [ 635981.928577898070216, 5190679.597839851863682 ], [ 635987.730597103014588, 5190676.526759176515043 ], [ 635975.549873216310516, 5190661.680134757421911 ], [ 635958.956715296139009, 5190657.446892028674483 ], [ 635958.90988379821647, 5190655.02920092549175 ], [ 635959.786802923306823, 5190648.686427039094269 ], [ 635951.084999487968162, 5190640.94368639960885 ], [ 635941.773652384988964, 5190635.526458873413503 ], [ 635934.846038197516464, 5190633.526638100855052 ], [ 635926.119709971244447, 5190623.053595900535583 ], [ 635924.234878233866766, 5190614.823898630216718 ], [ 635916.523562900256366, 5190621.678319130092859 ], [ 635904.778219556086697, 5190632.659882565028965 ], [ 635891.655533950892277, 5190629.681655509397388 ], [ 635881.41946764010936, 5190638.234003027901053 ], [ 635883.687891720677726, 5190641.726452724076807 ], [ 635877.273763586534187, 5190647.685987732373178 ], [ 635871.360867392038926, 5190649.870237393304706 ], [ 635860.61876335053239, 5190648.555456624366343 ], [ 635854.323172041447833, 5190642.792567677795887 ], [ 635845.488054210669361, 5190639.475349134765565 ], [ 635838.40404199087061, 5190637.322873752564192 ], [ 635833.426205601077527, 5190630.805453635752201 ], [ 635839.69772288389504, 5190627.937343882396817 ], [ 635844.871211370686069, 5190632.594176920130849 ], [ 635850.604145832941867, 5190623.358197334222496 ], [ 635847.303494682069868, 5190607.954749526455998 ], [ 635846.841237770277075, 5190605.738996889442205 ], [ 635836.761541725834832, 5190598.111785188317299 ], [ 635823.896401277976111, 5190594.336982213892043 ], [ 635813.675236418144777, 5190590.96716839633882 ], [ 635801.219416010426357, 5190587.409326758235693 ], [ 635785.892717010108754, 5190591.606237675063312 ], [ 635778.902252144180238, 5190594.238126094453037 ], [ 635781.948231399874203, 5190607.919312437064946 ], [ 635787.895096405409276, 5190608.674514028243721 ], [ 635792.860064200358465, 5190603.727260114625096 ], [ 635799.990543352556415, 5190613.137175780721009 ], [ 635804.195226615527645, 5190615.200641958042979 ], [ 635810.827112892409787, 5190628.994883940555155 ], [ 635809.108948869863525, 5190635.765315828844905 ], [ 635819.604171519167721, 5190643.830545353703201 ], [ 635827.016579105751589, 5190652.304316724650562 ], [ 635819.55619529960677, 5190662.686855861917138 ], [ 635812.200540137244388, 5190665.977466802112758 ], [ 635801.524096189881675, 5190669.500565353780985 ], [ 635801.683553752372973, 5190677.756874898448586 ], [ 635797.587009884882718, 5190675.332266413606703 ], [ 635797.824332415591925, 5190670.906526918523014 ], [ 635788.923456330201589, 5190672.921925762668252 ], [ 635779.35377294884529, 5190670.345145073719323 ], [ 635772.582500621443614, 5190663.448227602988482 ], [ 635773.669279138208367, 5190675.85413227789104 ], [ 635763.987373663112521, 5190673.291441790759563 ], [ 635763.092247015796602, 5190679.763895243406296 ], [ 635751.26317181403283, 5190682.739403687417507 ], [ 635741.366288386518136, 5190676.297256551682949 ], [ 635737.402440532459877, 5190683.937421797774732 ], [ 635739.816325864754617, 5190688.520288179628551 ], [ 635737.301599288359284, 5190694.268195929937065 ], [ 635728.88635986589361, 5190698.006788471713662 ], [ 635725.02573791204486, 5190707.983591744676232 ], [ 635716.066821762826294, 5190712.11589362937957 ], [ 635708.216858755447902, 5190718.421968202106655 ], [ 635696.227192269172519, 5190715.382037726230919 ], [ 635688.455836422275752, 5190714.778778704814613 ], [ 635686.95632762578316, 5190707.467602284625173 ], [ 635679.971383471274748, 5190700.612054501660168 ], [ 635663.374838251736946, 5190697.049723661504686 ], [ 635655.768884260905907, 5190708.348713791929185 ], [ 635665.043924633646384, 5190712.725361161865294 ], [ 635665.283154097385705, 5190720.701049788855016 ], [ 635670.742785684997216, 5190723.761835712939501 ], [ 635678.09274041664321, 5190722.157033730298281 ], [ 635675.652159742312506, 5190730.012094127014279 ], [ 635677.791787404683419, 5190735.784245126880705 ], [ 635686.162615307141095, 5190733.94982002582401 ], [ 635678.6810265656095, 5190742.288073418661952 ], [ 635670.161470852093771, 5190751.158620601519942 ], [ 635653.716922855237499, 5190752.001656547188759 ], [ 635647.440751942805946, 5190760.430417830124497 ], [ 635631.969763244851492, 5190756.596242602914572 ], [ 635625.488495332654566, 5190753.341098076663911 ], [ 635630.943174440646544, 5190744.120389477349818 ], [ 635629.202869126806036, 5190736.506134405732155 ], [ 635616.094679695670493, 5190737.552975670434535 ], [ 635607.534610078902915, 5190735.467358190566301 ], [ 635605.298361297696829, 5190730.670527307316661 ], [ 635595.917045835871249, 5190733.711696459911764 ], [ 635586.019173091044649, 5190732.264286120422184 ], [ 635571.752688577282242, 5190732.979406845755875 ], [ 635562.248880528612062, 5190728.765844879671931 ], [ 635542.958209014730528, 5190732.443308433517814 ], [ 635520.244699335889891, 5190729.778810795396566 ], [ 635510.230810637120157, 5190730.270309317857027 ], [ 635493.414407981326804, 5190731.048058901913464 ], [ 635498.940362239954993, 5190744.134471038356423 ], [ 635496.730055504245684, 5190745.039802803657949 ], [ 635489.45500901225023, 5190745.709940051659942 ], [ 635489.216096022049896, 5190756.809327252209187 ], [ 635478.35327113722451, 5190769.049820615909994 ], [ 635466.477652072208002, 5190777.403270110487938 ], [ 635467.538417858886532, 5190782.702071533538401 ], [ 635465.031556570436805, 5190791.043002646416426 ], [ 635454.75811021507252, 5190800.7326521249488 ], [ 635457.086323170573451, 5190813.285670393146574 ], [ 635458.054239288554527, 5190827.446441773325205 ], [ 635460.570733894128352, 5190835.223898501135409 ], [ 635459.164927059900947, 5190845.262477899901569 ], [ 635456.408490265253931, 5190858.866901349276304 ], [ 635452.989196358714253, 5190861.18456700630486 ], [ 635450.717294512200169, 5190865.591691193170846 ], [ 635444.092677755863406, 5190873.460535096935928 ], [ 635450.270108831347898, 5190874.356652396731079 ], [ 635457.0366626677569, 5190866.257215567864478 ], [ 635461.241635308018886, 5190860.312088773585856 ], [ 635465.507410737453029, 5190855.377946201711893 ], [ 635470.653450666344725, 5190852.187704744748771 ], [ 635472.237324384041131, 5190860.064265344291925 ], [ 635472.614780513918959, 5190873.078059615567327 ], [ 635470.618673119228333, 5190883.078591069206595 ], [ 635480.234685726696625, 5190889.452962064184248 ], [ 635472.830163528211415, 5190894.556677913293242 ], [ 635494.264001835137606, 5190899.440291198901832 ], [ 635495.267709698993713, 5190907.560971919447184 ], [ 635493.626014962792397, 5190915.595657523721457 ], [ 635488.82958846737165, 5190913.343099957332015 ], [ 635482.846668361336924, 5190908.8324731355533 ], [ 635461.755280073150061, 5190911.618315285071731 ], [ 635464.38695593981538, 5190915.390940913930535 ], [ 635469.900435183430091, 5190915.697776779532433 ], [ 635475.6488665076904, 5190918.064511341042817 ], [ 635477.437320963595994, 5190921.909761696122587 ], [ 635475.179337747278623, 5190926.380099637433887 ], [ 635463.64509640855249, 5190928.718654524534941 ], [ 635456.010171927046031, 5190932.966491281986237 ], [ 635453.959899835172109, 5190928.111801471561193 ], [ 635444.573157562408596, 5190930.355931502766907 ], [ 635440.599408752750605, 5190942.337693559005857 ], [ 635434.906228034640662, 5190957.345060781575739 ], [ 635436.996745679993182, 5190964.41728440951556 ], [ 635442.923293837113306, 5190974.178692558780313 ], [ 635438.213481484213844, 5190974.70850585680455 ], [ 635427.867345449398272, 5190971.632524543441832 ], [ 635419.697710499400273, 5190974.807317993603647 ], [ 635409.310686260112561, 5190972.665613009594381 ], [ 635403.287904115743004, 5190975.783923191949725 ], [ 635389.436675617238507, 5190971.842353779822588 ], [ 635387.144121636636555, 5190963.715717935934663 ], [ 635382.569623325020075, 5190957.355159213766456 ], [ 635377.955792775610462, 5190944.375270148739219 ], [ 635358.941726368037052, 5190939.675841222517192 ], [ 635361.432474364293739, 5190931.047658340074122 ], [ 635360.719700190122239, 5190926.336761876940727 ], [ 635371.526018501259387, 5190917.651122516952455 ], [ 635366.913452752050944, 5190911.76389551255852 ], [ 635362.43326529476326, 5190913.197574943304062 ], [ 635345.599578488268889, 5190896.249858857132494 ], [ 635341.601883378694765, 5190885.669329607859254 ], [ 635348.006036494742148, 5190880.413609688170254 ], [ 635348.590951892547309, 5190871.486992340534925 ], [ 635357.354097917210311, 5190863.815538816154003 ], [ 635354.930756932124496, 5190859.025535479187965 ], [ 635348.566831099800766, 5190862.800022249110043 ], [ 635331.126462267711759, 5190870.508767287246883 ], [ 635308.538112223497592, 5190862.839644240215421 ], [ 635299.265286415582523, 5190851.577356304973364 ], [ 635307.355531900771894, 5190843.491467280313373 ], [ 635310.771853936370462, 5190835.237035495229065 ], [ 635319.991994959185831, 5190828.152326566167176 ], [ 635325.305558325140737, 5190820.526139387860894 ], [ 635323.622036671848036, 5190810.691969353705645 ], [ 635321.739275425323285, 5190806.101142137311399 ], [ 635317.955715008545667, 5190798.272130682133138 ], [ 635307.146468057530001, 5190801.607972209341824 ], [ 635301.335705785313621, 5190810.952604092657566 ], [ 635289.355617524357513, 5190810.698699029162526 ], [ 635278.339943134575151, 5190799.431733675301075 ], [ 635285.157766976277344, 5190797.482895969413221 ], [ 635286.430505981552415, 5190789.915932225994766 ], [ 635293.739021740038879, 5190789.688344126567245 ], [ 635317.128680173773319, 5190785.4106918964535 ], [ 635318.420314443763345, 5190782.256856271997094 ], [ 635302.772367340978235, 5190779.419610367156565 ], [ 635287.176188437035307, 5190777.94821510836482 ], [ 635273.166922457516193, 5190766.78430911898613 ], [ 635281.732722388580441, 5190758.486509707756341 ], [ 635287.407183105126023, 5190747.810627515427768 ], [ 635282.82461085903924, 5190738.927072769962251 ], [ 635282.793180040083826, 5190738.188573985360563 ], [ 635276.391574389999732, 5190725.259248130023479 ], [ 635274.55137965711765, 5190713.93848530575633 ], [ 635270.123524064081721, 5190706.892454609274864 ], [ 635270.841877421131358, 5190696.706195614300668 ], [ 635270.839010879630223, 5190690.119468846358359 ], [ 635258.381593964528292, 5190681.717831532470882 ], [ 635253.058650893159211, 5190670.627785633318126 ], [ 635251.082772206631489, 5190664.399464195594192 ], [ 635245.37358126649633, 5190661.313429383561015 ], [ 635239.731035150820389, 5190664.18124442640692 ], [ 635232.150467508356087, 5190657.480535931885242 ], [ 635225.522221728460863, 5190646.822252380661666 ], [ 635223.623017292586155, 5190638.733312526717782 ], [ 635236.02910777553916, 5190627.059061013162136 ], [ 635242.89299059798941, 5190622.522131399251521 ], [ 635252.443786190124229, 5190613.282141896896064 ], [ 635262.894782727584243, 5190609.962188846431673 ], [ 635277.385002367896959, 5190607.263999351300299 ], [ 635294.700684043811634, 5190610.991532019339502 ], [ 635302.09580356022343, 5190614.136252789758146 ], [ 635313.368568793637678, 5190625.338583515025675 ], [ 635333.033153523807414, 5190626.480237202718854 ], [ 635339.435250688227825, 5190624.870297108776867 ], [ 635347.840695733204484, 5190619.768618922680616 ], [ 635353.131347180926241, 5190622.357550973072648 ], [ 635351.487001952249557, 5190628.903237479738891 ], [ 635380.535145964589901, 5190636.68428822606802 ], [ 635392.404401910025626, 5190644.036961225792766 ], [ 635401.85148627194576, 5190644.357759445905685 ], [ 635412.392264385474846, 5190651.213842527940869 ], [ 635421.864638282684609, 5190654.218903799541295 ], [ 635440.388057263568044, 5190658.606002206914127 ], [ 635455.997128207469359, 5190661.612556465901434 ], [ 635468.52403336414136, 5190664.871621649712324 ], [ 635479.37299824191723, 5190659.966530811041594 ], [ 635489.725007976288907, 5190662.63859754987061 ], [ 635498.694685201626271, 5190667.038064382039011 ], [ 635500.026929845800623, 5190671.425529128871858 ], [ 635498.939887791522779, 5190675.073852346278727 ], [ 635500.981097600073554, 5190683.515172592364252 ], [ 635511.964865718618967, 5190688.255883116275072 ], [ 635524.54755747364834, 5190694.171789716929197 ], [ 635541.613051475724205, 5190705.432725123129785 ], [ 635555.551498831599019, 5190713.354602576233447 ], [ 635570.976026952615939, 5190712.576176132075489 ], [ 635578.591868553659879, 5190714.032744694501162 ], [ 635590.230148321250454, 5190711.807955668307841 ], [ 635591.956639330019243, 5190707.545558055862784 ], [ 635608.14166323444806, 5190694.806671198457479 ], [ 635616.769186876597814, 5190694.047551088966429 ], [ 635629.239836982334964, 5190682.694374716840684 ], [ 635633.476490313885733, 5190685.404367108829319 ], [ 635638.398981961188838, 5190679.251464028842747 ], [ 635646.369488389464095, 5190673.265418065711856 ], [ 635650.910571849206463, 5190666.198045705445111 ], [ 635659.000693515874445, 5190664.111861329525709 ], [ 635669.103738839155994, 5190666.782706316560507 ], [ 635674.009332540095784, 5190657.805639638565481 ], [ 635676.799964418867603, 5190645.068780424073339 ], [ 635671.834408924682066, 5190632.895821338519454 ], [ 635671.597691030241549, 5190621.189366579987109 ], [ 635676.947662368533202, 5190619.237511529587209 ], [ 635686.555698139825836, 5190622.37989985011518 ], [ 635703.417742324643768, 5190619.743044183589518 ], [ 635717.357342848321423, 5190618.082396899349988 ], [ 635730.408633273094893, 5190617.852568319998682 ], [ 635729.486051741521806, 5190599.265757288783789 ], [ 635723.370864659780636, 5190599.823636752553284 ], [ 635714.869274451746605, 5190607.871542118489742 ], [ 635704.113112181192264, 5190611.731280716136098 ], [ 635691.253587572253309, 5190605.746680491603911 ], [ 635679.704772203229368, 5190606.121079633943737 ], [ 635674.706100588780828, 5190602.768155160360038 ], [ 635672.805131719447672, 5190591.667336631566286 ], [ 635681.645084076793864, 5190579.483398966491222 ], [ 635691.637523313518614, 5190571.263879696838558 ], [ 635692.379723090329207, 5190566.314744620583951 ], [ 635697.894700526027009, 5190563.010794344358146 ], [ 635714.054446471272968, 5190562.920848685316741 ], [ 635715.874184837681241, 5190559.522988529875875 ], [ 635742.60783291910775, 5190564.579788458533585 ], [ 635755.731145512545481, 5190569.223926697857678 ], [ 635772.072980921831913, 5190574.533832672983408 ], [ 635781.809892026940361, 5190581.091266695410013 ], [ 635806.489620172185823, 5190579.333415057510138 ], [ 635812.339622244006023, 5190567.273580939508975 ], [ 635814.688857450964861, 5190560.143912252038717 ], [ 635822.435092770727351, 5190556.70092988293618 ], [ 635835.547870193724521, 5190548.863488621078432 ], [ 635847.746548250201158, 5190547.144201690331101 ], [ 635857.259484071051702, 5190540.541454038582742 ], [ 635871.123650433495641, 5190537.906574442051351 ], [ 635891.002779947593808, 5190532.673192315734923 ], [ 635889.403274903655984, 5190521.662486208602786 ], [ 635870.248908658628352, 5190515.627751707099378 ], [ 635865.593501848401502, 5190519.013349960558116 ], [ 635863.847154999617487, 5190522.446451671421528 ], [ 635851.705947819864377, 5190527.897528094239533 ], [ 635845.414121356792748, 5190526.729492448270321 ], [ 635841.05290363682434, 5190532.982969800941646 ], [ 635834.255710351048037, 5190534.893170090392232 ], [ 635835.677438405808061, 5190523.919916741549969 ], [ 635844.209552909363993, 5190514.782574901357293 ], [ 635844.99496887717396, 5190507.059302699752152 ], [ 635848.470651095965877, 5190502.250701651908457 ], [ 635859.401247119065374, 5190494.430127376690507 ], [ 635875.535762606537901, 5190493.70777674484998 ], [ 635892.681952351354994, 5190497.055471334606409 ], [ 635894.341832193662412, 5190488.0711555108428 ], [ 635891.551634039729834, 5190481.097995509393513 ], [ 635885.928432426415384, 5190477.541452243924141 ], [ 635876.751569484476931, 5190473.916424788534641 ], [ 635867.728796927956864, 5190472.870897117070854 ], [ 635866.496145763201639, 5190476.144758586771786 ], [ 635848.995751119102351, 5190479.388738594949245 ], [ 635839.639667527400889, 5190481.007401783950627 ], [ 635823.263193871127442, 5190490.18721488583833 ], [ 635819.711069937096909, 5190501.602206847630441 ], [ 635811.467177002574317, 5190499.562980400398374 ], [ 635809.385073332348838, 5190509.915050176903605 ], [ 635816.325001875637099, 5190508.842230997979641 ], [ 635820.631979023222812, 5190506.187662614509463 ], [ 635822.90892736800015, 5190507.359364648349583 ], [ 635827.084013782325201, 5190516.271993693895638 ], [ 635828.70164294494316, 5190527.100008121691644 ], [ 635825.898968698922545, 5190534.960929193533957 ], [ 635819.199260860215873, 5190543.071507348679006 ], [ 635809.357957988977432, 5190551.281602162867785 ], [ 635806.215519129647873, 5190549.673190410248935 ], [ 635806.560733194928616, 5190542.842384565621614 ], [ 635809.969586604624055, 5190535.438765101134777 ], [ 635809.288508417550474, 5190529.336475547403097 ], [ 635810.178168917656876, 5190522.596928101964295 ], [ 635803.125314974342473, 5190521.139954130165279 ], [ 635800.850792875280604, 5190533.984618831425905 ], [ 635797.786620798055083, 5190540.699155254289508 ], [ 635794.649878546362743, 5190546.745468755252659 ], [ 635798.358666489715688, 5190549.508467742241919 ], [ 635791.62145197042264, 5190556.70843892917037 ], [ 635785.14703171106521, 5190558.750144201330841 ], [ 635778.481689963606186, 5190556.965769074857235 ], [ 635772.630115887033753, 5190554.314301616512239 ], [ 635764.373890510294586, 5190554.526749479584396 ], [ 635754.714767632074654, 5190552.269459961913526 ], [ 635750.334938986343332, 5190550.334996643476188 ], [ 635746.551612921641208, 5190546.250802734866738 ], [ 635731.316818968043663, 5190539.055823099799454 ], [ 635728.63886324618943, 5190530.013679770752788 ], [ 635714.329463951289654, 5190525.083360510878265 ], [ 635707.263450776808895, 5190520.169329513795674 ], [ 635698.368753444519825, 5190521.586854937486351 ], [ 635684.771621950669214, 5190500.308451768942177 ], [ 635683.73858202714473, 5190491.735280537977815 ], [ 635674.587055432726629, 5190485.974783890880644 ], [ 635659.130722273257561, 5190485.979698386974633 ], [ 635644.103695912868716, 5190484.614002216607332 ], [ 635618.878568788873963, 5190478.525938435457647 ], [ 635601.469600063050166, 5190475.86874271556735 ], [ 635574.162230876623653, 5190460.576696294359863 ], [ 635568.324966707732528, 5190447.860954979434609 ], [ 635571.373871392570436, 5190443.216071730479598 ], [ 635585.525839259615168, 5190444.822876892052591 ], [ 635599.077586012426764, 5190439.62879878282547 ], [ 635596.737317334627733, 5190437.066083113662899 ], [ 635583.311843012808822, 5190437.662540705874562 ], [ 635576.348422386916354, 5190418.023977567441761 ], [ 635566.024800378014334, 5190410.746601147577167 ], [ 635555.690532338107005, 5190406.033937983214855 ], [ 635547.733464223565534, 5190392.899136556312442 ], [ 635544.633440742036328, 5190382.098905685357749 ], [ 635538.30419619102031, 5190371.438692899420857 ], [ 635533.376528487307951, 5190366.674048746936023 ], [ 635528.173685062443838, 5190360.041829627938569 ], [ 635513.786659597186372, 5190346.747601541690528 ], [ 635494.732155132340267, 5190338.253688619472086 ], [ 635476.389367220690474, 5190329.011934956535697 ], [ 635452.456080547301099, 5190320.401982155628502 ], [ 635438.013619050499983, 5190314.830441764555871 ], [ 635428.835739356931299, 5190309.972475802525878 ], [ 635415.79029530135449, 5190309.155458915047348 ], [ 635407.4944991908269, 5190302.998571231029928 ], [ 635399.139564565499313, 5190301.960414924658835 ], [ 635393.022359100403264, 5190303.63521022349596 ], [ 635379.250523580121808, 5190299.31802371609956 ], [ 635380.295291835907847, 5190300.974711965769529 ], [ 635376.540603286121041, 5190302.141765614040196 ], [ 635372.956896146060899, 5190302.252755178138614 ], [ 635367.488945968681946, 5190300.091792676597834 ], [ 635362.996045610168949, 5190293.576647485606372 ], [ 635359.118351401994005, 5190282.877159527502954 ], [ 635353.494822919485159, 5190275.462815060280263 ], [ 635353.505355616216548, 5190268.20534742064774 ], [ 635357.088169930269942, 5190264.915487698279321 ], [ 635358.87397491640877, 5190254.875376306474209 ], [ 635372.318108402891085, 5190253.418288731947541 ], [ 635388.000573707045987, 5190250.467348490841687 ], [ 635393.818365824059583, 5190252.988241535611451 ], [ 635400.217384230112657, 5190251.853226600214839 ], [ 635408.310242662788369, 5190245.492285722866654 ], [ 635397.851830894360319, 5190237.08669089153409 ], [ 635388.609933486906812, 5190237.694356775842607 ], [ 635384.234733524615876, 5190242.5956468321383 ], [ 635380.845277572749183, 5190239.929085130803287 ], [ 635379.62879351968877, 5190236.72954548895359 ], [ 635371.793306761304848, 5190241.833917957730591 ], [ 635364.25138520123437, 5190239.735650003887713 ], [ 635358.087001552688889, 5190244.241516214795411 ], [ 635358.647649389924482, 5190246.492950516752899 ], [ 635351.470472366549075, 5190248.639685260131955 ], [ 635337.491665691952221, 5190244.907935110852122 ], [ 635323.035510826855898, 5190233.267466767691076 ], [ 635322.099042205023579, 5190226.482856350019574 ], [ 635318.637022712384351, 5190221.44118529651314 ], [ 635323.142612533411011, 5190213.814243897795677 ], [ 635302.751869233325124, 5190208.394480957649648 ], [ 635302.884310312336311, 5190202.668988643214107 ], [ 635302.997635366860777, 5190195.187296681106091 ], [ 635305.675127097405493, 5190193.799934535287321 ], [ 635305.997567945858464, 5190191.834510657936335 ], [ 635299.438945197034627, 5190190.067979601211846 ], [ 635296.062207346083596, 5190182.894855986349285 ], [ 635297.827641976065934, 5190179.163082506507635 ], [ 635299.411460865521803, 5190176.64217031840235 ], [ 635298.799451605416834, 5190166.304260774515569 ], [ 635294.626203941879794, 5190165.038296854123473 ], [ 635288.255600471515208, 5190170.027618173509836 ], [ 635280.723807211616077, 5190168.744494260288775 ], [ 635285.659105504513718, 5190158.723976774141192 ], [ 635277.15292277559638, 5190147.890741331502795 ], [ 635268.552759507787414, 5190144.223541055805981 ], [ 635267.756726085208356, 5190131.302632097154856 ], [ 635262.169774604379199, 5190127.672724635340273 ], [ 635253.465091266087256, 5190127.738570324145257 ], [ 635255.446296308073215, 5190119.142718290910125 ], [ 635269.284135571098886, 5190111.649600277654827 ], [ 635269.841432231711224, 5190107.929265588521957 ], [ 635264.614676365512423, 5190106.637372262775898 ], [ 635252.1959933352191, 5190113.294687373563647 ], [ 635248.565097576705739, 5190118.410618959926069 ], [ 635244.070580365136266, 5190118.042139820754528 ], [ 635246.038527896627784, 5190108.698108082637191 ], [ 635251.317360435263254, 5190095.061619896441698 ], [ 635258.547793146688491, 5190080.150421363301575 ], [ 635267.994976145331748, 5190075.352457461878657 ], [ 635261.651134032057598, 5190060.850225904025137 ], [ 635268.480988286086358, 5190054.081772164441645 ], [ 635271.985052138799801, 5190046.312816519290209 ], [ 635278.909749896964058, 5190042.843827657401562 ], [ 635279.396612338139676, 5190038.561318685300648 ], [ 635283.010373546858318, 5190039.328785056248307 ], [ 635279.951997024123557, 5190033.836026588454843 ], [ 635254.142554391408339, 5190038.637495683506131 ], [ 635253.321669275988825, 5190051.735893549397588 ], [ 635242.990634271525778, 5190062.872503480874002 ], [ 635247.218784401309676, 5190067.022249516099691 ], [ 635244.200118753826246, 5190069.30376248434186 ], [ 635235.744333178154193, 5190069.314849354326725 ], [ 635235.153285210137255, 5190075.430493763647974 ], [ 635221.301265625283122, 5190079.762508087791502 ], [ 635208.362318583996966, 5190080.677233318798244 ], [ 635204.800992714241147, 5190087.757279013283551 ], [ 635204.461701253545471, 5190100.053906750865281 ], [ 635199.110396542353556, 5190102.202713014557958 ], [ 635199.488450405886397, 5190107.192899411544204 ], [ 635191.844312327448279, 5190115.860354366712272 ], [ 635192.934479833813384, 5190124.072509410791099 ], [ 635188.135534970089793, 5190128.195617423392832 ], [ 635187.212168735917658, 5190139.266361673362553 ], [ 635181.772943531163037, 5190142.820592235773802 ], [ 635162.192467421526089, 5190145.607201333157718 ], [ 635159.585909857996739, 5190166.799780055880547 ], [ 635159.345880567794666, 5190186.778702444396913 ], [ 635164.410780090256594, 5190197.344377660192549 ], [ 635168.093157738097943, 5190194.550192377530038 ], [ 635177.310725177288987, 5190185.265546671114862 ], [ 635183.758384682238102, 5190181.625463607721031 ], [ 635195.989641811233014, 5190167.179367280565202 ], [ 635206.688331200624816, 5190160.878778050653636 ], [ 635216.736512964009307, 5190152.614196616224945 ], [ 635222.28416132228449, 5190153.029605108313262 ], [ 635225.08699302317109, 5190157.144117758609354 ], [ 635232.883888803888112, 5190165.236404994502664 ], [ 635236.456159687833861, 5190177.19561907555908 ], [ 635228.266064118244685, 5190186.801739040762186 ], [ 635211.02622966945637, 5190191.895060277543962 ], [ 635196.993434366071597, 5190194.391094361431897 ], [ 635178.004667712957598, 5190200.778592912480235 ], [ 635165.172046219930053, 5190209.488737186416984 ], [ 635162.300482515362091, 5190216.463513744063675 ], [ 635161.419589535566047, 5190222.922190746292472 ], [ 635153.949090300826356, 5190233.255542569793761 ], [ 635143.03234662534669, 5190238.26648414041847 ], [ 635130.298585043870844, 5190244.810409545898438 ], [ 635117.457852015271783, 5190254.468370494432747 ], [ 635108.770927720703185, 5190251.668653428554535 ], [ 635111.165464980527759, 5190242.758868551813066 ], [ 635105.202615155372769, 5190235.83472335524857 ], [ 635090.95572658884339, 5190240.217015898786485 ], [ 635079.37775387824513, 5190242.248848648741841 ], [ 635070.92130325245671, 5190240.419002387672663 ], [ 635074.057324467576109, 5190234.709656804800034 ], [ 635087.798210065695457, 5190230.915727966465056 ], [ 635083.456089494517073, 5190228.408957131206989 ], [ 635072.859371185302734, 5190231.47843449935317 ], [ 635066.45178762555588, 5190234.058253447525203 ], [ 635055.901327590690926, 5190239.756385530345142 ], [ 635047.452584898564965, 5190237.121711019426584 ], [ 635039.391807728214189, 5190230.316858702339232 ], [ 635032.472108469577506, 5190218.392679610289633 ], [ 635025.648781733587384, 5190215.318686389364302 ], [ 635018.491265694028698, 5190193.395964950323105 ], [ 635021.363750136923045, 5190186.838198499754071 ], [ 635017.772092932136729, 5190180.011398573406041 ], [ 635014.715874529676512, 5190170.046879547648132 ], [ 635008.629483641823754, 5190168.560372160747647 ], [ 635008.533500996301882, 5190165.50388864800334 ], [ 635007.466896546422504, 5190161.781928637064993 ], [ 635015.166292305802926, 5190160.621025033295155 ], [ 635010.49059563037008, 5190156.739629079587758 ], [ 635005.698672281345353, 5190152.811268894001842 ], [ 635001.413482999196276, 5190141.554896217770875 ], [ 635003.867826901609078, 5190126.016461663879454 ], [ 634998.284302558284253, 5190123.008576397784054 ], [ 634997.352053621201776, 5190100.169859398156404 ], [ 634984.302234701695852, 5190093.560066589154303 ], [ 634976.896914677461609, 5190081.731628269888461 ], [ 634976.441283861640841, 5190076.952108364552259 ], [ 634969.812982285278849, 5190063.006001640111208 ], [ 634970.089736834168434, 5190046.567537139169872 ], [ 634963.820379028795287, 5190043.082002658396959 ], [ 634956.448277663672343, 5190042.346574604511261 ], [ 634950.288132555782795, 5190034.14713478833437 ], [ 634949.466762584052049, 5190022.831723866984248 ], [ 634954.283686249051243, 5190006.782515108585358 ], [ 634947.092889798572287, 5190004.735235047526658 ], [ 634947.310195336351171, 5190001.543096223846078 ], [ 634939.830726262647659, 5189981.96877602674067 ], [ 634948.634512646473013, 5189973.14206213131547 ], [ 634951.253761008847505, 5189963.60212270077318 ], [ 634955.468781070085242, 5189949.78054004535079 ], [ 634959.838156278710812, 5189940.638371927663684 ], [ 634956.131562390830368, 5189936.747481402009726 ], [ 634949.590046153753065, 5189929.687502942048013 ], [ 634944.371039934223518, 5189914.309438860975206 ], [ 634942.031792345223948, 5189911.510763490572572 ], [ 634934.884214302292094, 5189908.041300091892481 ], [ 634926.62992360861972, 5189896.801384145393968 ], [ 634921.917559254914522, 5189879.915031407959759 ], [ 634918.238864437211305, 5189873.56274276226759 ], [ 634926.074960735160857, 5189861.723704962991178 ], [ 634930.628981665009633, 5189857.596408920362592 ], [ 634945.515278097242117, 5189851.07109793368727 ], [ 634950.236286185216159, 5189848.412579315714538 ], [ 634949.047502379398793, 5189844.819538604468107 ], [ 634941.915812286315486, 5189844.940141648985445 ], [ 634941.293772675911896, 5189835.073054406791925 ], [ 634962.848239445593208, 5189830.3401501160115 ], [ 634970.474034440005198, 5189824.630225891247392 ], [ 634985.711545128840953, 5189820.031789808534086 ], [ 634998.62679973943159, 5189820.272575040347874 ], [ 635009.245315859210677, 5189819.152358556166291 ], [ 635018.006854825420305, 5189816.392610212787986 ], [ 635015.820553266676143, 5189814.536494643427432 ], [ 634998.174054408911616, 5189810.269370243884623 ], [ 634973.011105766519904, 5189805.875331965275109 ], [ 634965.484509261208586, 5189814.275817656889558 ], [ 634947.183223383617587, 5189810.880520499311388 ], [ 634939.152989605092444, 5189814.149668799713254 ], [ 634935.387639585649595, 5189815.41552160680294 ], [ 634925.661986340419389, 5189814.54205184429884 ], [ 634922.865333705209196, 5189820.699132631532848 ], [ 634912.052698010695167, 5189818.066248051822186 ], [ 634907.428614284959622, 5189811.033899363130331 ], [ 634900.460850678500719, 5189808.748424683697522 ], [ 634900.677032540785149, 5189814.436829212121665 ], [ 634892.052603201125748, 5189805.261508784256876 ], [ 634877.38520978949964, 5189797.515254018828273 ], [ 634870.931222593411803, 5189794.536580309271812 ], [ 634858.320331934839487, 5189785.930374023504555 ], [ 634858.911586274625733, 5189781.682651206851006 ], [ 634860.272045003715903, 5189778.890920422039926 ], [ 634869.316306990687735, 5189775.911033466458321 ], [ 634874.364537877030671, 5189776.998894431628287 ], [ 634886.795502497581765, 5189773.966613146476448 ], [ 634900.452792534255423, 5189770.031245557591319 ], [ 634914.476491807145067, 5189768.539001347497106 ], [ 634931.530338190495968, 5189768.6152378693223 ], [ 634936.856824294896796, 5189774.446593926288188 ], [ 634951.269645282300189, 5189779.114652276039124 ], [ 634958.265273586031981, 5189774.76793721690774 ], [ 634973.729809475713409, 5189773.104210710152984 ], [ 634991.173831511056051, 5189769.29129712190479 ], [ 635005.46082728903275, 5189771.893317411653697 ], [ 635024.743344560498372, 5189772.276472353376448 ], [ 635041.219994862098247, 5189776.5376768540591 ], [ 635057.516819449141622, 5189777.088013865053654 ], [ 635072.9806711031124, 5189782.28094451315701 ], [ 635075.557356164325029, 5189786.404590030200779 ], [ 635070.618576932698488, 5189791.106296451762319 ], [ 635078.224732606555335, 5189797.42142469715327 ], [ 635088.235159597592428, 5189789.669188050553203 ], [ 635096.819217901094817, 5189787.231408726423979 ], [ 635107.536997141549364, 5189786.507862515747547 ], [ 635115.924463980714791, 5189788.101526393555105 ], [ 635121.997173573588952, 5189793.564612724818289 ], [ 635141.445655395975336, 5189797.827389696612954 ], [ 635163.454599905875511, 5189804.053657373413444 ], [ 635163.484890946536325, 5189809.030929293483496 ], [ 635155.102306246641092, 5189816.433898264542222 ], [ 635143.917278694687411, 5189819.230394823476672 ], [ 635143.888722304604016, 5189823.199711652472615 ], [ 635154.779709514114074, 5189840.090237657539546 ], [ 635155.094326132209972, 5189844.342365572229028 ], [ 635158.853917757165618, 5189850.113068541511893 ], [ 635176.641482530743815, 5189847.677928583696485 ], [ 635188.249233557726257, 5189853.417208983562887 ], [ 635196.378720404580235, 5189857.183369543403387 ], [ 635197.160120215150528, 5189862.211415731348097 ], [ 635206.821644964744337, 5189873.022314293310046 ], [ 635209.865946379257366, 5189878.517864829860628 ], [ 635216.22103180969134, 5189879.141990084201097 ], [ 635233.216927304631099, 5189887.617826078087091 ], [ 635246.441065964056179, 5189895.679514690302312 ], [ 635253.62160720070824, 5189908.258095943368971 ], [ 635249.359845418250188, 5189913.603296692483127 ], [ 635249.036132185952738, 5189920.345453072339296 ], [ 635263.953209676896222, 5189929.227890628390014 ], [ 635268.287431098870002, 5189945.065873368643224 ], [ 635273.876934835570864, 5189963.587099366821349 ], [ 635279.107871716842055, 5189973.27063912153244 ], [ 635289.152258900925517, 5189971.690676332451403 ], [ 635297.99362269428093, 5189967.178384638391435 ], [ 635308.530661477008834, 5189967.497697060927749 ], [ 635315.128946812706999, 5189968.460963561199605 ], [ 635331.587223005713895, 5189964.990241128951311 ], [ 635339.778257817379199, 5189957.913002903573215 ], [ 635347.794828222715296, 5189951.804733987897635 ], [ 635351.204844560939819, 5189940.747318963520229 ], [ 635359.750633718562312, 5189926.457466285675764 ], [ 635370.954896369948983, 5189928.055091302841902 ], [ 635374.278133724350482, 5189923.330873904749751 ], [ 635373.733482456766069, 5189907.506404518149793 ], [ 635377.49086212227121, 5189907.884326889179647 ], [ 635383.815006223507226, 5189901.630265881307423 ], [ 635389.539336745394394, 5189901.182711838744581 ], [ 635394.912911264807917, 5189902.13212960306555 ], [ 635395.153298635734245, 5189895.880522201769054 ], [ 635383.237088758149184, 5189890.698973287828267 ], [ 635375.340251277317293, 5189893.414442631416023 ], [ 635364.225531021133065, 5189896.721109829843044 ], [ 635364.345338557031937, 5189905.309726096689701 ], [ 635353.965044853510335, 5189907.295942314900458 ], [ 635351.987545139156282, 5189903.277487312443554 ], [ 635340.784376443363726, 5189898.149079325608909 ], [ 635333.803941498044878, 5189904.304954494349658 ], [ 635327.997153870062903, 5189906.248038019053638 ], [ 635320.592063549440354, 5189904.923074568621814 ], [ 635317.281321433372796, 5189905.916679367423058 ], [ 635314.208749142708257, 5189904.372459896840155 ], [ 635312.302504568709992, 5189902.219113406725228 ], [ 635303.983065298525617, 5189901.209570256993175 ], [ 635299.242825872264802, 5189898.771022593602538 ], [ 635300.258892836398445, 5189892.066639130935073 ], [ 635297.271105724270456, 5189888.477974089793861 ], [ 635296.029288576799445, 5189882.184137831442058 ], [ 635288.576497116708197, 5189874.672677090391517 ], [ 635274.483979795128107, 5189863.99236027430743 ], [ 635280.825455999816768, 5189861.771395561285317 ], [ 635293.72078039101325, 5189867.825561664998531 ], [ 635302.240168702672236, 5189871.538396772928536 ], [ 635302.862580874236301, 5189866.694204297848046 ], [ 635309.383865134674124, 5189862.604404022917151 ], [ 635317.169222385622561, 5189863.618828246369958 ], [ 635321.114052728866227, 5189868.258754504844546 ], [ 635327.04970502096694, 5189856.628351023420691 ], [ 635331.651682858355343, 5189852.503895912319422 ], [ 635339.700846478110179, 5189858.170596615411341 ], [ 635345.581733748782426, 5189854.868828202597797 ], [ 635349.476634904858656, 5189858.212984978221357 ], [ 635358.442696694983169, 5189844.845235477201641 ], [ 635362.906217954936437, 5189833.75475247297436 ], [ 635371.658850705367513, 5189831.401832956820726 ], [ 635378.949206760968082, 5189834.415749929845333 ], [ 635389.81513968296349, 5189828.982956442050636 ], [ 635388.074566455441527, 5189822.675645210780203 ], [ 635377.208893331699073, 5189824.802610518410802 ], [ 635363.880494851269759, 5189822.925858682021499 ], [ 635352.386387197999284, 5189811.096815652213991 ], [ 635351.07921837316826, 5189798.771177353337407 ], [ 635350.961354379542172, 5189787.775714071467519 ], [ 635352.231846237555146, 5189770.998159161768854 ], [ 635351.555941469618119, 5189763.944027592428029 ], [ 635369.227425792720169, 5189756.813109280541539 ], [ 635390.074817203450948, 5189757.78787094540894 ], [ 635382.66504501842428, 5189742.871493136510253 ], [ 635393.766078290645964, 5189737.960677806288004 ], [ 635407.61459137161728, 5189736.42144831083715 ], [ 635411.199635911500081, 5189734.058574067428708 ], [ 635398.863386139972135, 5189728.116902662441134 ], [ 635381.072377290925942, 5189727.814128817990422 ], [ 635371.660167709924281, 5189733.377676343545318 ], [ 635347.357596743386239, 5189732.307109009474516 ], [ 635336.658003855962306, 5189729.728168153204024 ], [ 635324.017602383391932, 5189724.03029209189117 ], [ 635325.396886513801292, 5189714.314242275431752 ], [ 635324.115527035901323, 5189704.997905597090721 ], [ 635313.216648378642276, 5189696.677837138064206 ], [ 635312.471719415276311, 5189692.915339546278119 ], [ 635308.717564350343309, 5189682.181960773654282 ], [ 635303.504188358783722, 5189678.282431648112833 ], [ 635300.245198755292222, 5189672.708250699564815 ], [ 635301.715110363671556, 5189665.953599019907415 ], [ 635301.245887130033225, 5189659.03494940046221 ], [ 635301.750636795070022, 5189656.638649565167725 ], [ 635289.541289195534773, 5189649.056235616095364 ], [ 635290.179361500428058, 5189642.761406457982957 ], [ 635293.544161409372464, 5189640.179823881946504 ], [ 635292.099564848002046, 5189636.458405927754939 ], [ 635286.168155034072697, 5189635.324519939720631 ], [ 635283.21013272809796, 5189620.350901586934924 ], [ 635277.843449865700677, 5189610.947031947784126 ], [ 635257.985058467835188, 5189604.975365344434977 ], [ 635254.728450607508421, 5189599.144236464984715 ], [ 635261.471070159692317, 5189596.8540931167081 ], [ 635269.093338809092529, 5189596.993818966671824 ], [ 635270.485709905275144, 5189592.149743962101638 ], [ 635260.207840332528576, 5189589.410967009142041 ], [ 635243.021399236749858, 5189580.495912716723979 ], [ 635233.400759561453015, 5189573.805512581020594 ], [ 635223.098074451205321, 5189582.335733692161739 ], [ 635222.692749107140116, 5189575.248199189081788 ], [ 635215.295575388707221, 5189571.165515789762139 ], [ 635219.22178689786233, 5189562.738764179870486 ], [ 635226.125810623401776, 5189556.606551128439605 ], [ 635221.879634412005544, 5189552.516504975035787 ], [ 635216.591359310783446, 5189558.130215544253588 ], [ 635216.027462465572171, 5189557.009683298878372 ], [ 635212.436121303588152, 5189558.567471557296813 ], [ 635199.836128778057173, 5189559.309003174304962 ], [ 635195.01151195121929, 5189555.012105379253626 ], [ 635194.887791644781828, 5189552.41113665420562 ], [ 635177.788778925780207, 5189550.873209034092724 ], [ 635168.585856769117527, 5189540.142124735750258 ], [ 635172.657099118456244, 5189534.887670772150159 ], [ 635163.141637080581859, 5189532.180865964852273 ], [ 635155.230947296484374, 5189540.822789644822478 ], [ 635137.576915706740692, 5189527.422010134905577 ], [ 635125.488539674202912, 5189528.124248416163027 ], [ 635123.113855150877498, 5189531.521649766713381 ], [ 635111.068067116779275, 5189530.193739673122764 ], [ 635101.436266851844266, 5189532.910684485919774 ], [ 635097.305071964976378, 5189532.347386987879872 ], [ 635088.054036627640016, 5189534.609837947413325 ], [ 635082.354638688266277, 5189531.007032174617052 ], [ 635088.439075942500494, 5189528.319710697047412 ], [ 635097.911025483394042, 5189527.295956606976688 ], [ 635105.948376056272537, 5189524.724865845404565 ], [ 635110.519775976776145, 5189514.464177503250539 ], [ 635108.801183796254918, 5189508.040258779190481 ], [ 635102.86365735437721, 5189508.265191296115518 ], [ 635093.439395347610116, 5189503.431055490858853 ], [ 635081.347118309466168, 5189498.546491973102093 ], [ 635073.371710816398263, 5189494.186991079710424 ], [ 635076.835013332893141, 5189506.792292091995478 ], [ 635074.408907408011146, 5189518.968396932817996 ], [ 635070.883480467135087, 5189522.1182497786358 ], [ 635071.469513946678489, 5189530.692783701233566 ], [ 635068.341459390008822, 5189534.466374815441668 ], [ 635057.783310875995085, 5189534.799671867862344 ], [ 635050.720248690224253, 5189539.290251730941236 ], [ 635041.637820672709495, 5189543.51345756277442 ], [ 635037.352906596264802, 5189541.463636598549783 ], [ 635038.383751305984333, 5189537.886359421536326 ], [ 635033.81753964710515, 5189535.855751823633909 ], [ 635034.232225312734954, 5189530.526067780330777 ], [ 635027.810471542296, 5189529.237846808508039 ], [ 635020.180812102626078, 5189537.877554858103395 ], [ 635019.405797056620941, 5189545.519983702339232 ], [ 635013.940938674728386, 5189553.812564292922616 ], [ 635010.437679336639121, 5189559.948637587949634 ], [ 635002.909036209224723, 5189562.065401055850089 ], [ 634992.239032978774048, 5189556.574093909002841 ], [ 634993.557302990928292, 5189545.801074061542749 ], [ 634999.122613498475403, 5189542.299959497526288 ], [ 634992.369555516517721, 5189538.621212766505778 ], [ 634995.879223083145916, 5189535.222122414968908 ], [ 635002.150518466718495, 5189529.779117006808519 ], [ 635006.655307697481476, 5189524.903024848550558 ], [ 635004.03816460177768, 5189522.921586754731834 ], [ 634990.512390335323289, 5189522.477413540706038 ], [ 634982.818421180127189, 5189526.08228596393019 ], [ 634965.496703778626397, 5189533.992099205031991 ], [ 634950.443420774303377, 5189543.453447463922203 ], [ 634939.451463317964226, 5189544.835300728678703 ], [ 634928.108326516230591, 5189548.284079259261489 ], [ 634924.071837989496998, 5189553.672108851373196 ], [ 634917.118924940004945, 5189554.509741545654833 ], [ 634910.07277613284532, 5189546.431234334595501 ], [ 634903.991488189436495, 5189540.708023977465928 ], [ 634893.208542101085186, 5189534.506824420765042 ], [ 634881.185437959153205, 5189527.733555372804403 ], [ 634870.532189073739573, 5189524.136420046910644 ], [ 634861.52037125674542, 5189521.215209128335118 ], [ 634849.846954495995305, 5189514.692881179042161 ], [ 634841.111572387162596, 5189501.343887072056532 ], [ 634842.560899212025106, 5189493.622925804927945 ], [ 634842.551175732631236, 5189488.846011016517878 ], [ 634838.57375621679239, 5189490.41224292293191 ], [ 634831.708680705633014, 5189486.617600155994296 ], [ 634828.870049125747755, 5189484.136425018310547 ], [ 634825.974836897919886, 5189473.698668225668371 ], [ 634822.240130786434747, 5189466.582463576458395 ], [ 634826.758471922599711, 5189457.733808708377182 ], [ 634833.179268623935059, 5189447.854575566016138 ], [ 634827.527689899667166, 5189447.143433053046465 ], [ 634818.992129724822007, 5189455.721750238910317 ], [ 634801.867992033599876, 5189451.66751684807241 ], [ 634795.153025446692482, 5189442.165719842538238 ], [ 634797.683809987036511, 5189429.244436611421406 ], [ 634801.872299235546961, 5189426.382877899333835 ], [ 634800.428677647258155, 5189423.779431214556098 ], [ 634808.742534915916622, 5189416.594289674423635 ], [ 634811.233441961347125, 5189413.301845578476787 ], [ 634815.093352331430651, 5189408.82976236846298 ], [ 634818.931018509785645, 5189399.906527480110526 ], [ 634820.053398202639073, 5189394.239917886443436 ], [ 634826.928072396083735, 5189384.307440655305982 ], [ 634836.046374544734135, 5189375.096052931621671 ], [ 634847.668741943547502, 5189363.523434076458216 ], [ 634859.379452310851775, 5189354.456182359717786 ], [ 634880.850399183109403, 5189343.702125909738243 ], [ 634905.933329916442744, 5189332.87853756826371 ], [ 634926.077102266484872, 5189320.550971138291061 ], [ 634934.40443695965223, 5189320.212711416184902 ], [ 634950.801423726836219, 5189314.995021346956491 ], [ 634963.195721169002354, 5189299.074750669300556 ], [ 634958.260415801545605, 5189292.350101433694363 ], [ 634958.629315221682191, 5189289.06353557202965 ], [ 634969.677476089447737, 5189290.197492116130888 ], [ 634974.487411648849957, 5189294.712128202430904 ], [ 634985.300114813377149, 5189295.873073742724955 ], [ 634986.583538008620963, 5189300.955669566057622 ], [ 635000.797535589546897, 5189303.440429014153779 ], [ 635012.192192604183219, 5189302.135413190349936 ], [ 635020.603559617884457, 5189299.267702630721033 ], [ 635037.6380042177625, 5189311.589984877035022 ], [ 635047.348473602789454, 5189310.770287931896746 ], [ 635058.400418455945328, 5189313.267249121330678 ], [ 635060.11111273500137, 5189315.102263520471752 ], [ 635076.235036868019961, 5189316.410598369315267 ], [ 635083.554321574163623, 5189320.601942259818316 ], [ 635093.634798664250411, 5189333.413860105909407 ], [ 635100.727799252141267, 5189340.445225090719759 ], [ 635101.385709135793149, 5189347.55906549654901 ], [ 635102.992947600083426, 5189354.47307693772018 ], [ 635113.588410077267326, 5189360.291097563691437 ], [ 635128.375856482191011, 5189353.288094642572105 ], [ 635137.181920194532722, 5189350.025123558938503 ], [ 635144.334679997642525, 5189352.546728921122849 ], [ 635145.938340416876599, 5189347.567272137850523 ], [ 635150.378376016626135, 5189338.914264867082238 ], [ 635158.631053092423826, 5189343.374483414925635 ], [ 635163.858662533573806, 5189338.093714875169098 ], [ 635170.843018907122314, 5189332.528846022672951 ], [ 635179.862644654000178, 5189326.060664395801723 ], [ 635190.043685911572538, 5189320.740206914953887 ], [ 635191.437213040073402, 5189316.18114173039794 ], [ 635197.778063633828424, 5189312.175259787589312 ], [ 635207.968199047027156, 5189314.95852726791054 ], [ 635220.084236386697739, 5189320.091475749388337 ], [ 635221.93779013841413, 5189316.410204445943236 ], [ 635230.617058945121244, 5189317.779835340566933 ], [ 635229.866696242475882, 5189313.631269520148635 ], [ 635235.195970725500956, 5189310.308126240037382 ], [ 635243.658957900945097, 5189310.873116615228355 ], [ 635247.027092546108179, 5189312.970331187359989 ], [ 635251.038400486810133, 5189311.530684283003211 ], [ 635253.694526281324215, 5189302.348333025351167 ], [ 635261.824358710087836, 5189302.099698637612164 ], [ 635270.906076783780009, 5189298.505430029705167 ], [ 635275.20359875226859, 5189286.357164239510894 ], [ 635301.586994057986885, 5189293.778792852535844 ], [ 635301.754628101363778, 5189297.32748153526336 ], [ 635316.394808299141005, 5189302.678363469429314 ], [ 635319.70699873927515, 5189308.769416750408709 ], [ 635332.169350777054206, 5189315.587166716344655 ], [ 635336.7896016552113, 5189305.393312273547053 ], [ 635357.317577364505269, 5189296.345076859928668 ], [ 635364.749037684872746, 5189305.876101851463318 ], [ 635369.875562413246371, 5189306.240331604145467 ], [ 635377.023426576284692, 5189309.752788620069623 ], [ 635379.753021877957508, 5189315.527952566742897 ], [ 635379.95707257790491, 5189320.225203451700509 ], [ 635372.93796632240992, 5189325.541499325074255 ], [ 635358.84046500606928, 5189327.019499979913235 ], [ 635352.282110248110257, 5189345.510965256951749 ], [ 635339.441326519241557, 5189352.35210127197206 ], [ 635332.502928059082478, 5189357.801771656610072 ], [ 635332.787362486356869, 5189362.475384696386755 ], [ 635348.326813601423055, 5189366.57662427611649 ], [ 635346.124115377082489, 5189373.910778751596808 ], [ 635338.609176321653649, 5189378.74664692953229 ], [ 635327.88962845900096, 5189373.932459943927824 ], [ 635324.073903184616938, 5189370.754682356491685 ], [ 635313.036994018475525, 5189371.956798012368381 ], [ 635310.439514480065554, 5189380.159185212105513 ], [ 635324.1421105961781, 5189392.895744188688695 ], [ 635322.144347783643752, 5189402.053280297666788 ], [ 635325.554508383735083, 5189406.793109852820635 ], [ 635333.918799160746858, 5189407.339417688548565 ], [ 635340.749443722306751, 5189404.284823597408831 ], [ 635348.847544939955696, 5189390.329337516799569 ], [ 635356.375984871410765, 5189382.82082399353385 ], [ 635356.827096133027226, 5189373.292961207218468 ], [ 635363.477386539336294, 5189371.199235870502889 ], [ 635368.89944296143949, 5189365.01082163490355 ], [ 635375.835367898223922, 5189358.120195956900716 ], [ 635393.247399425134063, 5189351.545838994905353 ], [ 635401.327341925818473, 5189351.525345816276968 ], [ 635405.58062665280886, 5189360.839271244592965 ], [ 635412.25094497948885, 5189361.682746903039515 ], [ 635419.651774756726809, 5189353.798082780092955 ], [ 635438.535830401233397, 5189353.269494226202369 ], [ 635448.009135419735685, 5189359.864378741942346 ], [ 635457.460064821178094, 5189359.665241995826364 ], [ 635466.132986110402271, 5189353.005162776447833 ], [ 635491.109322289703414, 5189365.429606252349913 ], [ 635493.310424174647778, 5189361.833243531174958 ], [ 635526.123172788298689, 5189361.224675820209086 ], [ 635530.958935641916469, 5189346.299717917107046 ], [ 635545.501891397871077, 5189323.108328714035451 ], [ 635557.028320591896772, 5189328.867220281623304 ], [ 635574.340956141939387, 5189320.553244080394506 ], [ 635589.19162784004584, 5189322.234895821660757 ], [ 635605.624679646338336, 5189344.631463945843279 ], [ 635609.806917966925539, 5189349.365420282818377 ], [ 635617.614992682938464, 5189358.688326156698167 ], [ 635636.277038622763939, 5189348.827044785022736 ], [ 635642.398186352220364, 5189343.819393140263855 ], [ 635656.526708696153946, 5189329.847230098210275 ], [ 635680.049522641696967, 5189301.945121953263879 ], [ 635693.99151266051922, 5189275.93366900831461 ], [ 635703.141909318277612, 5189247.090771909803152 ], [ 635709.255827596411109, 5189172.744413713924587 ], [ 635701.931842136080377, 5189116.646497473120689 ], [ 635692.479307839646935, 5189065.655427793040872 ], [ 635684.622489485889673, 5189025.807765308767557 ], [ 635678.170225902227685, 5188997.96836762689054 ], [ 635672.099152623210102, 5188962.292886616662145 ], [ 635667.215648942859843, 5188942.678569086827338 ], [ 635664.050522660138085, 5188929.965901428833604 ], [ 635653.579240972874686, 5188882.18987106718123 ], [ 635645.289820595644414, 5188833.686299903318286 ], [ 635646.576595060294494, 5188806.839499903842807 ], [ 635649.711867078323849, 5188792.544679282233119 ], [ 635657.912187760462984, 5188762.404561969451606 ], [ 635667.72579143603798, 5188742.772501522675157 ], [ 635675.271538501838222, 5188732.96776080597192 ], [ 635686.753021777607501, 5188719.261147757992148 ], [ 635690.103792236885056, 5188715.260991998016834 ], [ 635707.361118185799569, 5188696.887242185883224 ], [ 635715.600148473400623, 5188688.48071669228375 ], [ 635720.237631850992329, 5188683.748934390023351 ], [ 635737.30236732121557, 5188671.563800522126257 ], [ 635743.940723900217563, 5188666.823647852987051 ], [ 635751.517850477481261, 5188662.395242157392204 ], [ 635772.87488186173141, 5188649.913281151093543 ], [ 635812.928907115594484, 5188631.108763040043414 ], [ 635838.306489745620638, 5188625.890835757367313 ], [ 635854.305519272224046, 5188620.613347183912992 ], [ 635879.377300377935171, 5188609.423036315478384 ], [ 635917.043698252178729, 5188601.963787053711712 ], [ 635945.932886966504157, 5188596.242738333530724 ], [ 635957.32981455209665, 5188593.985759101808071 ], [ 635975.179924482130446, 5188591.320932189002633 ], [ 635995.91988273744937, 5188588.224669555202127 ], [ 636006.032340653240681, 5188589.816667476668954 ], [ 636013.765795122599229, 5188592.580903170630336 ], [ 636020.722261014860123, 5188595.067391536198556 ], [ 636008.613772818353027, 5188573.505376873537898 ], [ 636001.357695012004115, 5188552.313915280625224 ], [ 636000.263671764987521, 5188540.446853105910122 ], [ 636009.926577138598077, 5188528.554859023541212 ], [ 635999.703567823278718, 5188514.832548938691616 ], [ 635987.577397387125529, 5188501.35985214356333 ], [ 635978.758415958960541, 5188516.369063922204077 ], [ 635980.154174299095757, 5188528.015265092253685 ], [ 635971.488325917394832, 5188526.090891464613378 ], [ 635961.112120242207311, 5188515.02586948685348 ], [ 635954.963218811666593, 5188517.799092844128609 ], [ 635944.414129612501711, 5188507.491085577756166 ], [ 635933.767257250379771, 5188486.767913811840117 ], [ 635927.856173303676769, 5188461.81351669691503 ], [ 635931.982978195766918, 5188448.942362426780164 ], [ 635925.388636591727845, 5188446.748246787115932 ], [ 635921.779080355074257, 5188452.139584456570446 ], [ 635911.142988174920902, 5188444.769939541816711 ], [ 635906.678613023948856, 5188429.700704122893512 ], [ 635902.688322567730211, 5188415.564479726366699 ], [ 635897.493759607197717, 5188417.670992941595614 ], [ 635884.552117057261057, 5188405.580355531536043 ], [ 635887.636737505439669, 5188384.730844027362764 ], [ 635901.570817555417307, 5188370.934599306434393 ], [ 635911.502610370866023, 5188357.224267360754311 ], [ 635909.310820780927315, 5188350.813275465741754 ], [ 635915.917048086877912, 5188342.260094616562128 ], [ 635925.731088607572019, 5188342.289086773060262 ], [ 635928.88141798437573, 5188329.97726915217936 ], [ 635945.04896800511051, 5188332.016273813322186 ], [ 635947.658500665100291, 5188359.54035799857229 ], [ 635954.104896687553264, 5188317.126088183373213 ], [ 635955.0440857532667, 5188286.66822431050241 ], [ 635954.702235670993105, 5188259.09903175290674 ], [ 635949.101773935602978, 5188241.421067429706454 ], [ 635942.74545184802264, 5188227.647782032378018 ], [ 635930.28410378692206, 5188223.090268259868026 ], [ 635927.275237351306714, 5188229.026775289326906 ], [ 635924.317437350284308, 5188241.834844474680722 ], [ 635909.704742907779291, 5188244.093080691993237 ], [ 635914.474912844132632, 5188255.234712288714945 ], [ 635918.538615912664682, 5188255.945837455801666 ], [ 635924.509394316468388, 5188268.047856356948614 ], [ 635923.44199172349181, 5188282.825979674234986 ], [ 635918.459131078096107, 5188298.993411698378623 ], [ 635911.197265304625034, 5188305.941515461541712 ], [ 635911.088899574708194, 5188321.360933450050652 ], [ 635919.574066600529477, 5188323.67721102014184 ], [ 635924.562643491313793, 5188320.750230123288929 ], [ 635927.435785715002567, 5188323.8479632306844 ], [ 635911.735168830142356, 5188337.387173131108284 ], [ 635901.040448106941767, 5188347.978671733289957 ], [ 635895.007145391544327, 5188343.959191923961043 ], [ 635882.553777923807502, 5188369.874064814299345 ], [ 635876.48385898093693, 5188357.309384345076978 ], [ 635870.151865935418755, 5188341.81238616630435 ], [ 635887.409184520482086, 5188316.415240154601634 ], [ 635902.566255694837309, 5188288.922474444843829 ], [ 635908.969713463564403, 5188269.248368171975017 ], [ 635903.781527722021565, 5188268.980108732357621 ], [ 635887.723512365715578, 5188284.424132930114865 ], [ 635881.295082022203133, 5188296.045186243951321 ], [ 635881.089359025121666, 5188306.196205250918865 ], [ 635866.985382200567983, 5188305.763239759020507 ], [ 635860.149697327753529, 5188292.599569317884743 ], [ 635871.490784415742382, 5188273.994422720745206 ], [ 635880.133129365509376, 5188262.664028467610478 ], [ 635885.505523821688257, 5188249.932040181010962 ], [ 635885.05705034523271, 5188240.55784622579813 ], [ 635882.599971350166015, 5188225.465780992992222 ], [ 635896.693766055395827, 5188221.029807043261826 ], [ 635893.795670782215893, 5188197.417621908709407 ], [ 635899.205784421414137, 5188184.114321848377585 ], [ 635907.630601197131909, 5188169.643356003798544 ], [ 635912.49104530538898, 5188165.078279810957611 ], [ 635916.743804138968699, 5188137.634956547059119 ], [ 635916.189032868132927, 5188116.347532189451158 ], [ 635929.759354276582599, 5188092.959563337266445 ], [ 635940.170202309614979, 5188068.546862941235304 ], [ 635955.073479376849718, 5188051.97423367574811 ], [ 635955.649872347479686, 5188040.313607997260988 ], [ 635943.421504437690601, 5188037.606667167507112 ], [ 635945.542019758257084, 5188016.765751882456243 ], [ 635938.473332535708323, 5188015.768521962687373 ], [ 635933.054474038537592, 5188005.724803264252841 ], [ 635928.892328837304376, 5187996.635410893708467 ], [ 635923.307547422824427, 5187995.462439488619566 ], [ 635909.914411828503944, 5187987.750936591997743 ], [ 635899.867363030090928, 5187981.434301493689418 ], [ 635886.35820805595722, 5187977.837614005431533 ], [ 635883.021193770691752, 5187973.028076961636543 ], [ 635875.806212914641947, 5187981.804861636832356 ], [ 635864.771997631178237, 5187981.084169118665159 ], [ 635852.857686425792053, 5187979.726501300930977 ], [ 635856.154117641737685, 5187966.40924768242985 ], [ 635868.830797313014045, 5187958.751300185918808 ], [ 635880.888923736056313, 5187952.839690423570573 ], [ 635872.158908430370502, 5187927.698365620337427 ], [ 635864.377369997790083, 5187909.831878302618861 ], [ 635856.502588925301097, 5187894.418902045115829 ], [ 635846.16885763744358, 5187879.350512756966054 ], [ 635834.694388719974086, 5187870.850523588247597 ], [ 635818.396670312620699, 5187858.523769705556333 ], [ 635799.832377314800397, 5187849.888548818416893 ], [ 635794.525953062693588, 5187844.547604530118406 ], [ 635780.110520907910541, 5187827.719058653339744 ], [ 635781.381657168269157, 5187814.131344594992697 ], [ 635786.446821186575107, 5187815.044956027530134 ], [ 635801.604814506368712, 5187823.879965236410499 ], [ 635803.772392069455236, 5187822.946159766055644 ], [ 635795.03280864469707, 5187814.416837248019874 ], [ 635783.119837100501172, 5187807.299250721000135 ], [ 635775.343477704329416, 5187805.637026530690491 ], [ 635765.06883656536229, 5187797.651588563807309 ], [ 635758.959482054458931, 5187791.694925901480019 ], [ 635756.307788652484305, 5187785.026313593611121 ], [ 635749.332354914979078, 5187772.158061241731048 ], [ 635752.949897070066072, 5187770.645706267096102 ], [ 635767.565298856701702, 5187783.987135772593319 ], [ 635781.501097604748793, 5187796.708239478990436 ], [ 635796.18582307593897, 5187796.917053760960698 ], [ 635801.768743666587397, 5187798.45374558120966 ], [ 635798.642585429828614, 5187793.45602697879076 ], [ 635785.110729049076326, 5187785.376176344230771 ], [ 635773.962968392530456, 5187769.407280215062201 ], [ 635770.547703179880045, 5187750.330096954479814 ], [ 635760.638000565231778, 5187738.743810980580747 ], [ 635752.556467245798558, 5187729.295003926381469 ], [ 635738.611676999134943, 5187718.401705167256296 ], [ 635731.082927012466826, 5187712.520452770404518 ], [ 635714.202540069818497, 5187708.803810212761164 ], [ 635720.687451397301629, 5187714.164511752314866 ], [ 635728.664807102875784, 5187731.16543556842953 ], [ 635732.397532248403877, 5187735.049742803908885 ], [ 635733.28520099981688, 5187739.063639494590461 ], [ 635730.510495285503566, 5187741.465325303375721 ], [ 635720.175952907884493, 5187733.589867861941457 ], [ 635713.097250746097416, 5187723.249933662824333 ], [ 635705.562611939152703, 5187715.902082429267466 ], [ 635697.451374251977541, 5187710.767339441925287 ], [ 635686.959220073418692, 5187701.755249913781881 ], [ 635676.175585379707627, 5187694.241145713254809 ], [ 635668.619182255119085, 5187699.577318684197962 ], [ 635654.498369527398609, 5187701.368976939469576 ], [ 635646.313389398856089, 5187708.619358050636947 ], [ 635640.176294969161972, 5187705.998071453534067 ], [ 635644.542263183393516, 5187699.404699891805649 ], [ 635645.770008973544464, 5187690.481994127854705 ], [ 635649.222384141292423, 5187686.39493902772665 ], [ 635652.058120740926825, 5187681.112425525672734 ], [ 635640.410649001598358, 5187676.001522586680949 ], [ 635638.781960335560143, 5187681.218560632318258 ], [ 635635.142837899504229, 5187690.052220713347197 ], [ 635623.341328967129812, 5187690.057413004338741 ], [ 635610.929973294725642, 5187685.411473891697824 ], [ 635605.437837225967087, 5187667.333919852040708 ], [ 635612.415897250524722, 5187656.259171726182103 ], [ 635611.934713646536693, 5187646.16147889290005 ], [ 635608.670377972186543, 5187641.196176904253662 ], [ 635604.567341175745241, 5187641.444367116317153 ], [ 635599.13911228813231, 5187637.947184624150395 ], [ 635599.077419647364877, 5187631.405424043536186 ], [ 635592.835899486439303, 5187625.752552062273026 ], [ 635590.797731982194819, 5187620.302112410776317 ], [ 635588.660466773901135, 5187623.1446213722229 ], [ 635581.599635919905268, 5187617.394756102003157 ], [ 635588.105106513481587, 5187610.883775194175541 ], [ 635578.546945362351835, 5187600.928627249784768 ], [ 635574.963795249699615, 5187602.5935901068151 ], [ 635556.76865132059902, 5187589.251658926717937 ], [ 635552.164855886483565, 5187576.08998164255172 ], [ 635545.310869901208207, 5187573.462491666898131 ], [ 635548.074194538407028, 5187587.835815064609051 ], [ 635545.22000706801191, 5187586.797307555563748 ], [ 635542.441945353522897, 5187581.4602927332744 ], [ 635541.687785247573629, 5187577.910938417539001 ], [ 635530.782516062376089, 5187574.738651272840798 ], [ 635515.244898877106607, 5187567.897561229765415 ], [ 635506.747228178777732, 5187563.09525019209832 ], [ 635489.86458008910995, 5187553.931606499478221 ], [ 635474.781108909286559, 5187546.437866048887372 ], [ 635459.855196893680841, 5187533.682293304242194 ], [ 635459.176244902191684, 5187533.102075840346515 ], [ 635446.733929602894932, 5187520.491927944123745 ], [ 635436.110845715040341, 5187505.42192617803812 ], [ 635428.435827702283859, 5187482.287509788759053 ], [ 635423.78871520597022, 5187472.198910750448704 ], [ 635419.063480609678663, 5187457.53023991920054 ], [ 635414.373758781817742, 5187449.533859573304653 ], [ 635406.839192468789406, 5187447.82474200706929 ], [ 635408.381610913784243, 5187459.082435191608965 ], [ 635404.051618793746457, 5187472.437109565362334 ], [ 635405.162136254250072, 5187478.280717702582479 ], [ 635396.583407249068841, 5187482.051569381728768 ], [ 635381.179697018465959, 5187476.670758484862745 ], [ 635373.287484630825929, 5187478.881379426456988 ], [ 635365.111811321112327, 5187481.178174503147602 ], [ 635359.723510929848999, 5187481.975466268137097 ], [ 635349.56289106013719, 5187485.391419019550085 ], [ 635348.374621342285536, 5187473.831766661256552 ], [ 635341.031226571416482, 5187460.181511324830353 ], [ 635346.912865070276894, 5187457.36370931006968 ], [ 635347.709408523980528, 5187443.16496841236949 ], [ 635355.650372488540597, 5187432.093619441613555 ], [ 635358.958581314305775, 5187427.95910691190511 ], [ 635367.581979615148157, 5187417.623340621590614 ], [ 635383.448582186014391, 5187404.845906586386263 ], [ 635374.140108270803466, 5187402.431662932038307 ], [ 635368.88598095451016, 5187404.571163936518133 ], [ 635354.126331667648628, 5187392.484642312861979 ], [ 635347.704263526131399, 5187393.33033967204392 ], [ 635341.167765476624481, 5187387.970393911004066 ], [ 635343.732366930227727, 5187378.699493985623121 ], [ 635339.738427472067997, 5187378.70853391289711 ], [ 635331.314724819967523, 5187386.590826320461929 ], [ 635328.560248576686718, 5187398.794369991868734 ], [ 635333.481393505469896, 5187415.464276991784573 ], [ 635325.430806324700825, 5187415.698297675698996 ], [ 635318.649972316925414, 5187412.299096868373454 ], [ 635313.622428687172942, 5187403.11801531445235 ], [ 635314.231014010147192, 5187381.216454032808542 ], [ 635316.448320188326761, 5187371.317665123380721 ], [ 635315.429396827705204, 5187370.726350292563438 ], [ 635308.008888213196769, 5187371.543061775155365 ], [ 635311.906686557456851, 5187347.151580749079585 ], [ 635300.637877687462606, 5187346.173925943672657 ], [ 635301.709152364870533, 5187341.275394111871719 ], [ 635292.54552313243039, 5187333.345883881673217 ], [ 635282.486088096047752, 5187323.173233165405691 ], [ 635273.964052712079138, 5187320.966364660300314 ], [ 635265.066397202434018, 5187313.625351130031049 ], [ 635259.891397623345256, 5187305.587695174850523 ], [ 635249.824225451098755, 5187302.922553152777255 ], [ 635246.361353892134503, 5187294.520066758617759 ], [ 635238.673210879438557, 5187286.968631945550442 ], [ 635231.315040289773606, 5187283.531611806713045 ], [ 635219.63845381885767, 5187284.423921649344265 ], [ 635209.8829860718688, 5187281.188112557865679 ], [ 635197.179817579919472, 5187269.185591176152229 ], [ 635196.456076931091957, 5187261.178676603361964 ], [ 635191.656399453757331, 5187245.537797412835062 ], [ 635190.210074037080631, 5187241.270399426110089 ], [ 635182.311079251812771, 5187236.827236410230398 ], [ 635171.445854508667253, 5187229.230760023929179 ], [ 635171.902290837140754, 5187236.608169733546674 ], [ 635161.96680455817841, 5187237.843071809969842 ], [ 635157.460628388216719, 5187227.168928555212915 ], [ 635153.178159300354309, 5187227.327073599211872 ], [ 635155.210522797307931, 5187234.117312001995742 ], [ 635148.587099515134469, 5187231.398736793547869 ], [ 635134.725019229226746, 5187212.340874231420457 ], [ 635131.853922126814723, 5187196.660805975086987 ], [ 635120.112285834620707, 5187189.795404987409711 ], [ 635108.915661569219083, 5187174.643685482442379 ], [ 635100.154036827967502, 5187177.526468463242054 ], [ 635080.565360071370378, 5187169.512602438218892 ], [ 635076.311897175735794, 5187157.5608473084867 ], [ 635068.904739469056949, 5187147.482332395389676 ], [ 635065.060103053110652, 5187142.593141597695649 ], [ 635057.070491896593012, 5187141.183309404179454 ], [ 635049.719585297862068, 5187138.965354106388986 ], [ 635034.119928543688729, 5187133.878217742778361 ], [ 635018.795976241002791, 5187131.039671864360571 ], [ 634998.981203607632779, 5187121.269047169014812 ], [ 634982.715710477903485, 5187112.882746422663331 ], [ 634968.030082393204793, 5187109.848062365315855 ], [ 634955.985692833201028, 5187107.84825845900923 ], [ 634939.196463943459094, 5187104.324796239845455 ], [ 634930.988836438860744, 5187094.627650286071002 ], [ 634920.06601667124778, 5187096.59073643758893 ], [ 634893.490922695258632, 5187098.085536654107273 ], [ 634887.98405533155892, 5187090.394250695593655 ], [ 634861.624834216898307, 5187085.547061519697309 ], [ 634845.211223980179057, 5187077.75620611384511 ], [ 634837.638140650233254, 5187074.256541039794683 ], [ 634828.355680539854802, 5187073.722663376480341 ], [ 634813.783415878773667, 5187063.964243344031274 ], [ 634795.90791279298719, 5187064.813095708377659 ], [ 634788.879973140195943, 5187053.486103888601065 ], [ 634773.125630086986348, 5187053.553077135235071 ], [ 634770.141498768003657, 5187048.338582312688231 ], [ 634756.443567132111639, 5187043.966751828789711 ], [ 634754.235697713680565, 5187037.617522866465151 ], [ 634746.362729419255629, 5187033.641774911433458 ], [ 634741.115448095253669, 5187029.147748648189008 ], [ 634733.676051776157692, 5187029.310182394459844 ], [ 634726.785677054082043, 5187023.00527954287827 ], [ 634727.141180676873773, 5187019.447505941614509 ], [ 634713.990641111973673, 5187015.813965935260057 ], [ 634706.917091402574442, 5187018.0435044253245 ], [ 634685.858286806498654, 5187020.389127098955214 ], [ 634674.394869324518368, 5187017.331271956674755 ], [ 634658.209905702155083, 5187013.440118800848722 ], [ 634640.106409350410104, 5187007.174458550289273 ], [ 634632.383644070010632, 5186997.780550220049918 ], [ 634620.349747458240017, 5186989.697246421128511 ], [ 634600.164062025491148, 5186985.685031019151211 ], [ 634587.182786714518443, 5186984.91621146351099 ], [ 634574.040417259209789, 5186980.745858137495816 ], [ 634572.958853558287956, 5186989.128044987097383 ], [ 634564.837006890913472, 5186994.493573565967381 ], [ 634558.713510570698418, 5187006.943769189529121 ], [ 634551.191443247837014, 5187007.73475768789649 ], [ 634542.119344777893275, 5186997.421961544081569 ], [ 634544.817558934330009, 5186986.174442908726633 ], [ 634531.036749119870365, 5186983.618122154846787 ], [ 634524.657421875279397, 5186978.01388824917376 ], [ 634521.327997502987273, 5186993.860435414128006 ], [ 634517.201750834006816, 5187008.700465987436473 ], [ 634507.929872904205695, 5187021.535078260116279 ], [ 634500.015208767494187, 5187038.879528726451099 ], [ 634493.454200466861948, 5187051.891890881583095 ], [ 634485.332371820113622, 5187067.404731767252088 ], [ 634479.621566046145745, 5187077.950574059039354 ], [ 634469.054657542728819, 5187099.549693687818944 ], [ 634455.203715205308981, 5187121.982889802195132 ], [ 634434.974369163624942, 5187145.517525202594697 ], [ 634387.394862756016664, 5187182.076169956475496 ], [ 634364.163447734666988, 5187198.100105539895594 ], [ 634345.496340661076829, 5187215.621610765345395 ], [ 634326.524537889752537, 5187230.478067713789642 ], [ 634301.384324858197942, 5187246.439534525386989 ], [ 634285.434767476981506, 5187257.971260064281523 ], [ 634271.427386890514754, 5187268.098749523051083 ], [ 634246.486768996343017, 5187283.493628471158445 ], [ 634220.957165626809001, 5187294.128739457577467 ], [ 634213.795521692372859, 5187299.360619255341589 ], [ 634199.450346710160375, 5187314.578775957226753 ], [ 634184.87576313491445, 5187326.708175322972238 ], [ 634182.123866456095129, 5187325.241436474025249 ], [ 634163.331627001869492, 5187329.66249627713114 ], [ 634109.206226368201897, 5187337.427049065940082 ], [ 634101.956434762454592, 5187335.681990786455572 ], [ 634080.585300621693023, 5187342.868005707859993 ], [ 634062.713894224958494, 5187359.463073970749974 ], [ 634044.694351685699075, 5187385.355163845233619 ], [ 634033.836295273853466, 5187404.669403933919966 ], [ 634013.805706469574943, 5187449.436259714886546 ], [ 634004.616826746147126, 5187481.138244430534542 ], [ 634000.457521347329021, 5187506.38615355361253 ], [ 633994.13696308224462, 5187532.88722303789109 ], [ 633988.959023367497139, 5187565.107438439503312 ], [ 633986.301865313551389, 5187624.900058761239052 ], [ 633978.197643100982532, 5187683.948055665008724 ], [ 633975.381354149314575, 5187740.589944653213024 ], [ 633965.210001361789182, 5187800.810919642448425 ], [ 633961.236998227308504, 5187831.561697357334197 ], [ 633954.307235250715166, 5187864.482062745839357 ], [ 633943.598711035214365, 5187900.867940356954932 ], [ 633931.328977731289342, 5187927.337773063220084 ], [ 633912.605828170897439, 5187951.677915521897376 ], [ 633892.452174897887744, 5187967.824143514968455 ], [ 633853.281439326936379, 5187989.146535946987569 ], [ 633824.296089117066003, 5187999.669113365933299 ], [ 633776.526455520885065, 5188018.795644369907677 ], [ 633701.023887426475994, 5188048.252733387984335 ], [ 633609.535951025318354, 5188101.415554117411375 ], [ 633556.0136967911385, 5188127.110758434981108 ], [ 633490.856186017626897, 5188148.10132675524801 ], [ 633447.946988604962826, 5188155.83081145491451 ], [ 633379.745903396978974, 5188159.672883994877338 ], [ 633309.806895922287367, 5188163.329885979183018 ], [ 633251.255600580945611, 5188154.839246957562864 ], [ 633176.663901665480807, 5188141.20381276588887 ], [ 633132.538550281897187, 5188132.065323090180755 ], [ 633063.985815606545657, 5188137.603576221503317 ], [ 633007.958905150997452, 5188140.936350494623184 ], [ 632933.754964349209331, 5188150.439399101771414 ], [ 632901.357438279665075, 5188158.602449191734195 ], [ 632874.94036180479452, 5188166.88027614261955 ], [ 632829.726244175806642, 5188174.910494018346071 ], [ 632790.113950002007186, 5188192.805473487824202 ], [ 632756.425034931860864, 5188200.491815537214279 ], [ 632714.246448333957233, 5188204.073939747177064 ], [ 632685.942603121977299, 5188201.840500816702843 ], [ 632658.390206279000267, 5188200.715568563900888 ], [ 632640.651550814975053, 5188200.944348597899079 ], [ 632605.341562402201816, 5188202.506138095632195 ], [ 632582.575939341681078, 5188205.473375027999282 ], [ 632557.679381832364015, 5188211.469446780160069 ], [ 632524.835087307961658, 5188222.409971449524164 ], [ 632477.063445957377553, 5188237.356280849315226 ], [ 632423.839295256766491, 5188270.688747395761311 ], [ 632355.030136815505102, 5188304.955963343381882 ], [ 632308.028130781720392, 5188328.596800847910345 ], [ 632265.73676501144655, 5188346.663299174979329 ], [ 632220.148902751039714, 5188366.597334280610085 ], [ 632185.320436214562505, 5188379.553968152031302 ], [ 632162.700205357279629, 5188390.643908786587417 ], [ 632138.319681444088928, 5188403.131251868791878 ], [ 632108.600363296689466, 5188420.366151819005609 ], [ 632070.154402439133264, 5188437.957728168927133 ], [ 632036.459030789672397, 5188454.994166444055736 ], [ 632001.642128390376456, 5188474.103052724152803 ], [ 631978.203118135803379, 5188487.715206906199455 ], [ 631953.57684660248924, 5188503.064176867716014 ], [ 631932.656528559979051, 5188517.822014024481177 ], [ 631910.946762515231967, 5188535.256215998902917 ], [ 631890.755001415731385, 5188549.587641169317067 ], [ 631864.343399118282832, 5188566.171414417214692 ], [ 631836.20412092236802, 5188579.741803827695549 ], [ 631808.228445276850834, 5188594.274905153550208 ], [ 631776.415024979505688, 5188610.388667397201061 ], [ 631756.868023946066387, 5188618.569520467892289 ], [ 631730.061303564580157, 5188632.572531472891569 ], [ 631698.268386956886388, 5188641.081034208647907 ], [ 631684.018637794069946, 5188647.578171358443797 ], [ 631651.22062681382522, 5188657.900790620595217 ], [ 631624.380630092462525, 5188664.271483144722879 ], [ 631574.155375871108845, 5188676.042773474007845 ], [ 631486.42858486296609, 5188693.513148354366422 ], [ 631378.328999275574461, 5188709.142721115611494 ], [ 631327.976513968897052, 5188721.805133737623692 ], [ 631319.141605270444416, 5188729.76432163733989 ], [ 631315.40016573574394, 5188747.489603484980762 ], [ 631313.479619639809243, 5188763.395982856862247 ], [ 631302.33122181147337, 5188787.434843922033906 ], [ 631291.586069670971483, 5188818.92011037748307 ], [ 631276.39911284216214, 5188847.384421549737453 ], [ 631254.301328053348698, 5188881.961743937805295 ], [ 631232.197280344087631, 5188913.525178705342114 ], [ 631187.826887457398698, 5188973.449256477877498 ], [ 631173.966754347551614, 5188988.240937789902091 ], [ 631153.633365908171982, 5189006.431356728076935 ], [ 631125.814445847994648, 5189033.496324070729315 ], [ 631085.001305318553932, 5189065.487369005568326 ], [ 631048.347757034003735, 5189090.574598986655474 ], [ 631019.093657515128143, 5189103.845970432274044 ], [ 630991.310734375496395, 5189122.332046397030354 ], [ 630935.828633815515786, 5189153.79596215300262 ], [ 630908.283183069317602, 5189178.975093680433929 ], [ 630896.672935102018528, 5189191.114304549992085 ], [ 630885.455674967728555, 5189206.445552658289671 ], [ 630878.96072030311916, 5189225.563865454867482 ], [ 630884.047893470386043, 5189290.936485765501857 ], [ 630888.915198748698458, 5189327.269576844759285 ], [ 630889.334343245252967, 5189348.122986251488328 ], [ 630891.121276342310011, 5189386.491090064868331 ], [ 630893.168819786980748, 5189419.533938560634851 ], [ 630902.735963752493262, 5189451.984787855297327 ], [ 630913.433824817184359, 5189480.865122207440436 ], [ 630916.29818623221945, 5189508.802174060605466 ], [ 630914.251628590049222, 5189535.395433712750673 ], [ 630913.778421492897905, 5189552.866625981405377 ], [ 630919.423483418184333, 5189573.701473146677017 ], [ 630941.755740508553572, 5189590.235504845157266 ], [ 630972.80620311293751, 5189610.957714950665832 ], [ 631001.036772463470697, 5189642.643847112543881 ], [ 631023.233959976700135, 5189661.441919223405421 ], [ 631051.478174722171389, 5189684.01225752197206 ], [ 631079.74090086191427, 5189698.852375810034573 ], [ 631096.434927192283794, 5189708.721076529473066 ], [ 631110.174604201223701, 5189715.691695698536932 ], [ 631123.120097513310611, 5189724.364133634604514 ], [ 631149.626939306268468, 5189731.919819135218859 ], [ 631166.564754341263324, 5189740.630481150001287 ], [ 631184.152192304842174, 5189749.206304794177413 ], [ 631217.458099167211913, 5189764.03324428293854 ], [ 631242.960395074333064, 5189772.713275478221476 ], [ 631268.253090844489634, 5189778.025313513353467 ], [ 631276.829864331055433, 5189779.481893837451935 ], [ 631311.503428878146224, 5189783.212564520537853 ], [ 631332.910062201321125, 5189786.325933633372188 ], [ 631367.616489107371308, 5189802.095466362312436 ], [ 631381.552769431844354, 5189811.262342711910605 ], [ 631404.149107270757668, 5189824.326152941212058 ], [ 631423.232357590692118, 5189838.170124544762075 ], [ 631439.971611136803403, 5189852.844144141301513 ], [ 631450.55430225119926, 5189863.63144969753921 ], [ 631456.602124322671443, 5189869.796194649301469 ], [ 631468.750823507085443, 5189886.575971215032041 ], [ 631476.254517441033386, 5189906.603502103127539 ], [ 631478.318516258616, 5189927.512395691126585 ], [ 631488.080687364446931, 5189937.927921076305211 ], [ 631497.811169854132459, 5189943.153229163959622 ], [ 631513.546557956608012, 5189956.472268174402416 ], [ 631519.143935868400149, 5189968.065851195715368 ], [ 631532.933954022009857, 5189973.656232117675245 ], [ 631549.722847982076928, 5189989.585028139874339 ], [ 631557.102140185423195, 5190001.117943262681365 ], [ 631570.005586367449723, 5190015.206766446121037 ], [ 631579.066335534676909, 5190018.362770844250917 ], [ 631595.874874815694056, 5190025.85240469686687 ], [ 631618.947081686928868, 5190040.038273273035884 ], [ 631626.100182638503611, 5190054.63716112729162 ], [ 631642.448827529326081, 5190069.40756462328136 ], [ 631646.99317717156373, 5190080.065272879786789 ], [ 631649.690569089027122, 5190095.83726641535759 ], [ 631648.893904181197286, 5190103.458256394602358 ], [ 631642.397256290307269, 5190109.688314294442534 ], [ 631643.492601488251239, 5190116.890544964931905 ], [ 631654.773770177387632, 5190116.548567491583526 ], [ 631659.880737828090787, 5190108.892934823408723 ], [ 631659.961837410228327, 5190101.955732720904052 ], [ 631676.738498496357352, 5190112.434648222289979 ], [ 631691.172367544495501, 5190128.843340085819364 ], [ 631706.106095720548183, 5190134.449213379062712 ], [ 631728.135074986028485, 5190145.831499657593668 ], [ 631739.726484126062132, 5190149.998547116294503 ], [ 631750.134201116976328, 5190159.850110653787851 ], [ 631757.129972228081897, 5190158.78124273288995 ], [ 631784.913459273171611, 5190153.076469006948173 ], [ 631799.456645367434248, 5190151.841055732220411 ], [ 631809.935887045459822, 5190157.783102571032941 ], [ 631818.602083207573742, 5190154.980737374164164 ], [ 631824.113556169788353, 5190159.400273284874856 ], [ 631830.849722701590508, 5190156.723109633661807 ], [ 631835.644817390246317, 5190147.946215475909412 ], [ 631849.928981691598892, 5190134.434104246087372 ], [ 631858.355252106091939, 5190127.808938947506249 ], [ 631881.111369890510105, 5190122.965524578467011 ], [ 631883.052414866862819, 5190130.947105717845261 ], [ 631872.24830805149395, 5190135.514955352991819 ], [ 631861.514562385855243, 5190140.881960193626583 ], [ 631857.849646190647036, 5190151.11298041138798 ], [ 631845.846918807481416, 5190153.664529777131975 ], [ 631839.94592615053989, 5190161.321646926924586 ], [ 631859.58480899524875, 5190170.721370701678097 ], [ 631873.016131398151629, 5190176.647632164880633 ], [ 631892.642057838616893, 5190164.131407648324966 ], [ 631893.581509424839169, 5190169.095107289031148 ], [ 631894.889484488638118, 5190185.543411621823907 ], [ 631905.811957795638591, 5190180.601613254286349 ], [ 631908.124871295993216, 5190174.195341878570616 ], [ 631914.60526105738245, 5190169.038945061154664 ], [ 631926.913697518524714, 5190169.734402437694371 ], [ 631936.282228941447102, 5190178.837341603823006 ], [ 631940.977604645187967, 5190186.553798855282366 ], [ 631946.314480834291317, 5190199.23489539232105 ], [ 631945.250647025182843, 5190204.045504723675549 ], [ 631930.709644370130263, 5190215.375372937880456 ], [ 631926.625030617928132, 5190218.186670059338212 ], [ 631917.058084545657039, 5190224.973446422256529 ], [ 631913.379281898145564, 5190223.974885319359601 ], [ 631909.464419848285615, 5190218.810553625226021 ], [ 631906.161108128493652, 5190214.726571220904589 ], [ 631896.38750788429752, 5190212.856331505812705 ], [ 631890.257422837195918, 5190208.064272377640009 ], [ 631878.06462651246693, 5190206.448842366226017 ], [ 631872.961798840085976, 5190200.111356096342206 ], [ 631871.956963733304292, 5190193.054662628099322 ], [ 631870.025436730240472, 5190186.629159013740718 ], [ 631864.10684456594754, 5190198.317737761884928 ], [ 631861.535657688276842, 5190198.806947829201818 ], [ 631857.564873772207648, 5190190.642839844338596 ], [ 631850.144862192566507, 5190191.842478564940393 ], [ 631849.035892465501092, 5190180.681237162090838 ], [ 631842.700458922190592, 5190171.327967449091375 ], [ 631829.436494291410781, 5190172.488126881420612 ], [ 631821.911996322800405, 5190165.080490896478295 ], [ 631806.895999308675528, 5190168.010749164037406 ], [ 631798.79663724207785, 5190165.944037662819028 ], [ 631788.385338214458898, 5190164.939861291088164 ], [ 631761.033542809775099, 5190172.364883298054338 ], [ 631761.091513799503446, 5190176.714617951773107 ], [ 631751.563550466089509, 5190187.790803371928632 ], [ 631752.597257972112857, 5190193.562063311226666 ], [ 631751.27055175951682, 5190201.834000400267541 ], [ 631741.329136252868921, 5190211.351252417080104 ], [ 631734.974491400411353, 5190213.349975159391761 ], [ 631735.637400673469529, 5190221.342786317691207 ], [ 631732.600362383993343, 5190227.878702447749674 ], [ 631724.628819966223091, 5190236.102551970630884 ], [ 631711.37586591555737, 5190236.9089225968346 ], [ 631708.149381120223552, 5190230.075407805852592 ], [ 631691.857803780003451, 5190237.626673391088843 ], [ 631680.466696198098361, 5190240.901619353331625 ], [ 631679.813135457807221, 5190253.452753198333085 ], [ 631671.891406938782893, 5190255.931764028035104 ], [ 631666.120690512121655, 5190263.10212380439043 ], [ 631661.859375442378223, 5190262.490637215785682 ], [ 631646.180692455382086, 5190277.681894906796515 ], [ 631647.226138902362436, 5190288.992021920159459 ], [ 631645.653726992080919, 5190302.710461895912886 ], [ 631639.495993752265349, 5190317.638773363083601 ], [ 631645.186425215681084, 5190323.645270394161344 ], [ 631654.249150288407691, 5190342.019456641748548 ], [ 631657.224999242229387, 5190354.826353424228728 ], [ 631648.207557189743966, 5190365.987221338786185 ], [ 631639.374068068224005, 5190365.399906779639423 ], [ 631625.205329235177487, 5190379.709895676933229 ], [ 631637.207544609205797, 5190401.216917510144413 ], [ 631626.740720996982418, 5190413.228058880195022 ], [ 631631.593738752882928, 5190440.647069029510021 ], [ 631623.749287604121491, 5190446.223220375366509 ], [ 631628.70420315512456, 5190460.25273718405515 ], [ 631621.89956252835691, 5190479.700773390941322 ], [ 631617.14897881471552, 5190497.787855993025005 ], [ 631615.213910685386509, 5190512.897040026262403 ], [ 631622.915409149019979, 5190524.004471929743886 ], [ 631629.37564961228054, 5190535.130777929909527 ], [ 631631.632987960823812, 5190545.853566288016737 ], [ 631636.744893683237024, 5190568.872237741947174 ], [ 631646.931282020639628, 5190591.717645153403282 ], [ 631649.219580304808915, 5190621.588541285134852 ], [ 631648.791284187696874, 5190646.751967409625649 ], [ 631649.326700682053342, 5190670.067280447110534 ], [ 631654.696490401634946, 5190683.210155418142676 ], [ 631669.7191856962163, 5190676.940122902393341 ], [ 631686.589975709095597, 5190671.633784539066255 ], [ 631701.454043360776268, 5190674.683516859076917 ], [ 631701.184373411582783, 5190690.527161133475602 ], [ 631688.672068903688341, 5190713.620394923724234 ], [ 631684.579305194783956, 5190734.992457306943834 ], [ 631679.744928934378549, 5190745.164895554073155 ], [ 631671.642648030072451, 5190728.24651590641588 ], [ 631654.574322148342617, 5190738.005966661497951 ], [ 631643.175677173538134, 5190757.593932739458978 ], [ 631636.810469042276964, 5190748.163107668049634 ], [ 631630.746638970449567, 5190721.024703772738576 ], [ 631619.673939974862151, 5190714.31048973556608 ], [ 631628.775587352458388, 5190672.514241402037442 ], [ 631627.40337969281245, 5190643.591177538968623 ], [ 631619.221800689818338, 5190631.332703723572195 ], [ 631608.293062511598691, 5190627.665718311443925 ], [ 631591.166523063671775, 5190630.208844031207263 ], [ 631578.633421366801485, 5190643.888705058023334 ], [ 631559.269106681458652, 5190657.719271372072399 ], [ 631544.572746826568618, 5190669.364441135898232 ], [ 631550.718850551755168, 5190684.847151268273592 ], [ 631545.231111982255243, 5190705.000556001439691 ], [ 631531.547133195097558, 5190711.451246960088611 ], [ 631513.889078191015869, 5190710.633723430335522 ], [ 631509.523392465547659, 5190715.800109719857574 ], [ 631508.285909095080569, 5190734.456935681402683 ], [ 631521.689440102316439, 5190750.593147898092866 ], [ 631510.729527711053379, 5190763.902810948900878 ], [ 631527.723328761523589, 5190787.061709589324892 ], [ 631527.506235349806957, 5190815.677326877601445 ], [ 631535.747672139434144, 5190843.998962906189263 ], [ 631533.831020212965086, 5190844.337317836470902 ], [ 631512.89581682824064, 5190850.12061474006623 ], [ 631491.085823888191953, 5190844.085712088271976 ], [ 631487.229781781090423, 5190844.241007065400481 ], [ 631478.341174491099082, 5190871.317766129039228 ], [ 631498.475738349254243, 5190886.597009138204157 ], [ 631504.643832894624211, 5190900.493185622617602 ], [ 631520.556886820821092, 5190909.834505420178175 ], [ 631544.724051155266352, 5190915.792528515681624 ], [ 631552.602404863806441, 5190928.022926659323275 ], [ 631553.23508716467768, 5190942.902825506404042 ], [ 631564.288827241165563, 5190959.915983967483044 ], [ 631575.639792726142332, 5190978.501112345606089 ], [ 631593.700099966721609, 5191003.9750443007797 ], [ 631609.867280305828899, 5191018.301408323459327 ], [ 631619.131107841036282, 5191037.313993299379945 ], [ 631614.914313698885962, 5191050.533443699590862 ], [ 631598.55581859103404, 5191060.664384766481817 ], [ 631582.27298013784457, 5191071.344578091055155 ], [ 631580.288885636022314, 5191073.284887278452516 ], [ 631573.697246522759087, 5191115.288756136782467 ], [ 631576.995267418329604, 5191116.285094307735562 ], [ 631590.273315061116591, 5191143.612522934563458 ], [ 631611.662126107141376, 5191165.109371835365891 ], [ 631629.474101028055884, 5191187.841251109726727 ], [ 631635.248094886890613, 5191212.496101950295269 ], [ 631637.2496252739802, 5191234.308901550248265 ], [ 631646.124108677031472, 5191253.400856456719339 ], [ 631668.932095851749182, 5191271.240086023695767 ], [ 631687.266318006557412, 5191276.3338717892766 ], [ 631695.246809900505468, 5191269.698130407370627 ], [ 631692.218035502941348, 5191250.368691152893007 ], [ 631689.300904332310893, 5191234.172982703894377 ], [ 631700.505176466307603, 5191234.000724173150957 ], [ 631711.479014250915498, 5191231.916644773446023 ], [ 631723.187872061971575, 5191218.315753217786551 ], [ 631731.283426718320698, 5191215.316740114241838 ], [ 631746.914334715809673, 5191221.20248550735414 ], [ 631759.854891574475914, 5191227.529415579512715 ], [ 631780.602884504478425, 5191234.331218513660133 ], [ 631795.335312258335762, 5191235.371933576650918 ], [ 631793.062624382087961, 5191222.437998496927321 ], [ 631791.412479465943761, 5191208.001740637235343 ], [ 631794.899347511120141, 5191199.068618991412222 ], [ 631806.965125340269879, 5191200.33194315712899 ], [ 631812.544379082974046, 5191210.578334960155189 ], [ 631819.379885604954325, 5191232.261426877230406 ], [ 631833.469727616175078, 5191243.207648423500359 ], [ 631854.656848553218879, 5191255.93357383646071 ], [ 631874.566027380526066, 5191266.311893082223833 ], [ 631891.118783472338691, 5191277.079054253175855 ], [ 631920.269898583879694, 5191276.444343154318631 ], [ 631940.543126446544193, 5191262.910233944654465 ], [ 631939.712672208319418, 5191246.020077438093722 ], [ 631938.801973778055981, 5191221.569981974549592 ], [ 631957.692943609319627, 5191207.702367015182972 ], [ 631953.949156500166282, 5191194.95536823477596 ], [ 631963.053738987771794, 5191189.463923566974699 ], [ 631977.333730950485915, 5191186.473115707747638 ], [ 631992.161249258322641, 5191189.312583582475781 ], [ 632004.966346796834841, 5191211.696608639322221 ], [ 632018.228389168391004, 5191253.787204299122095 ], [ 632034.195000967010856, 5191265.700980625115335 ], [ 632042.611680449452251, 5191265.197482047602534 ], [ 632036.663067871239036, 5191234.69771000277251 ], [ 632030.220664071850479, 5191213.707003899849951 ], [ 632015.036805363721214, 5191200.409150958061218 ], [ 632003.080360051477328, 5191183.214899062179029 ], [ 631999.915178245049901, 5191160.243267731741071 ], [ 631998.666053886641748, 5191144.642476195469499 ], [ 632004.26738528907299, 5191122.516111696138978 ], [ 631998.506550822407007, 5191090.920865430496633 ], [ 631981.414569033426233, 5191049.620281064882874 ], [ 631978.234133847989142, 5191032.503126299008727 ], [ 631986.164829766959883, 5191013.343236669898033 ], [ 631983.878639562055469, 5191000.497067674063146 ], [ 631965.372923031332903, 5190990.438650370575488 ], [ 631952.366566905984655, 5190977.461971268057823 ], [ 631945.248865244910121, 5190957.02500132843852 ], [ 631933.150373256881721, 5190953.981228892691433 ], [ 631914.538091249531135, 5190950.88857380207628 ], [ 631901.777117635821924, 5190945.114701818674803 ], [ 631892.687982946285047, 5190939.807275080122054 ], [ 631889.560060233110562, 5190944.924741361290216 ], [ 631879.587795015657321, 5190940.509246418252587 ], [ 631870.013882648432627, 5190918.036582830362022 ], [ 631870.502518683904782, 5190912.299231495708227 ], [ 631875.024688866222277, 5190886.953665466979146 ], [ 631891.874675521510653, 5190876.676118236035109 ], [ 631907.817677382845432, 5190887.78283934481442 ], [ 631920.968398611759767, 5190895.040263619273901 ], [ 631935.08794081909582, 5190885.266176845878363 ], [ 631936.701327550690621, 5190866.263746149837971 ], [ 631924.902350069722161, 5190842.568271077238023 ], [ 631912.225889438996091, 5190819.549809292890131 ], [ 631923.130237642792054, 5190816.321626880206168 ], [ 631944.102096667746082, 5190823.190197869203985 ], [ 631970.877807942219079, 5190815.302441230043769 ], [ 631973.811490977765061, 5190797.041424399241805 ], [ 631961.818696431000717, 5190789.197735532186925 ], [ 631932.382360263727605, 5190785.321890745311975 ], [ 631919.542748854029924, 5190765.133507034741342 ], [ 631910.04527797002811, 5190741.576205590739846 ], [ 631893.651712117018178, 5190716.933559226803482 ], [ 631879.784155693720095, 5190697.096691054292023 ], [ 631847.408008584403433, 5190690.869947787374258 ], [ 631846.189680430688895, 5190675.148121882230043 ], [ 631860.128465996356681, 5190661.250185986980796 ], [ 631873.109881994081661, 5190662.650065319612622 ], [ 631888.644014689838514, 5190658.770704091526568 ], [ 631894.615212014177814, 5190673.250519623979926 ], [ 631921.428096308954991, 5190673.988866477273405 ], [ 631939.066701426520012, 5190664.434670021757483 ], [ 631947.406374418176711, 5190670.653264889493585 ], [ 631956.648508486803621, 5190688.120567593723536 ], [ 631985.803355930605903, 5190698.547223443165421 ], [ 632004.105166937108152, 5190693.796025625430048 ], [ 631990.026518162107095, 5190683.541976548731327 ], [ 631991.886528899660334, 5190665.087706055492163 ], [ 632010.773497616872191, 5190680.770286827348173 ], [ 632038.940942976390943, 5190681.29570724721998 ], [ 632034.278219725936651, 5190690.811805677600205 ], [ 632043.111515980563127, 5190704.218381034210324 ], [ 632018.340943211689591, 5190702.749840541742742 ], [ 632013.096480195759796, 5190709.375181902199984 ], [ 632069.345340868923813, 5190725.231720509938896 ], [ 632074.370922757778317, 5190718.423656211234629 ], [ 632089.946428473456763, 5190713.4650674816221 ], [ 632102.195364572107792, 5190725.294889107346535 ], [ 632098.984348656609654, 5190730.122962301596999 ], [ 632113.703868609620258, 5190738.327036874368787 ], [ 632118.489435187308118, 5190740.863352738320827 ], [ 632116.600874592200853, 5190754.061445950530469 ], [ 632123.347272163955495, 5190758.01105225738138 ], [ 632133.851589678088203, 5190744.73962390050292 ], [ 632143.533446407294832, 5190739.544719340279698 ], [ 632151.520229806192219, 5190741.762553468346596 ], [ 632170.150989119429141, 5190746.47239854093641 ], [ 632178.682787018828094, 5190744.928713630884886 ], [ 632150.42792005778756, 5190732.091511367820203 ], [ 632133.520242849830538, 5190719.909424101002514 ], [ 632103.416708221891895, 5190709.702578927390277 ], [ 632085.981367657193914, 5190704.964058691635728 ], [ 632085.551007875823416, 5190694.529341434128582 ], [ 632058.370460786274634, 5190685.194209245964885 ], [ 632060.301996608497575, 5190680.632360948249698 ], [ 632088.670143704861403, 5190674.947560527361929 ], [ 632097.605885690427385, 5190682.158244088292122 ], [ 632118.5516437580809, 5190683.745684036053717 ], [ 632134.516102158697322, 5190693.124889276921749 ], [ 632149.26557922095526, 5190695.455818796530366 ], [ 632151.050899221561849, 5190703.891727736219764 ], [ 632164.12637985451147, 5190709.869945526123047 ], [ 632173.006897669634782, 5190700.057669710367918 ], [ 632166.149628343177028, 5190689.169595207087696 ], [ 632169.321233763825148, 5190685.480782624334097 ], [ 632180.010535042732954, 5190684.897749370895326 ], [ 632189.278071724344045, 5190674.789081464521587 ], [ 632205.290542950155213, 5190669.536938883364201 ], [ 632212.969724541995674, 5190679.725065010599792 ], [ 632209.672129879007116, 5190698.332868796773255 ], [ 632205.688046945491806, 5190701.877861196175218 ], [ 632214.484033051412553, 5190717.887656314298511 ], [ 632232.36064357298892, 5190708.509487848728895 ], [ 632246.865792447701097, 5190703.634669655933976 ], [ 632260.731412666849792, 5190706.431526688858867 ], [ 632277.239910097559914, 5190697.065065783448517 ], [ 632284.607329502003267, 5190684.854161443188787 ], [ 632311.142972001223825, 5190685.78379238024354 ], [ 632330.478685140609741, 5190683.446054748259485 ], [ 632351.982624580035917, 5190680.794242584146559 ], [ 632354.834724823362194, 5190663.798748220317066 ], [ 632371.465046434779651, 5190665.193740199320018 ], [ 632376.469199525541626, 5190673.921428099274635 ], [ 632400.568922749953344, 5190675.501565148122609 ], [ 632415.965024868375622, 5190693.246619798243046 ], [ 632415.349727983470075, 5190706.012419761158526 ], [ 632398.021670082816854, 5190716.355880352668464 ], [ 632384.860319460043684, 5190723.940437762066722 ], [ 632386.091882674722001, 5190727.251207939349115 ], [ 632397.162907243240625, 5190741.958813353441656 ], [ 632414.022485423018225, 5190739.518931394442916 ], [ 632433.34444977925159, 5190722.596787459217012 ], [ 632456.50243225786835, 5190741.672888316214085 ], [ 632466.544189482694492, 5190732.900322810746729 ], [ 632476.197398786898702, 5190727.802936529740691 ], [ 632485.8070944637293, 5190730.198367926292121 ], [ 632507.13955143163912, 5190727.22365465760231 ], [ 632516.130407023709267, 5190740.477951022796333 ], [ 632527.543065617326647, 5190751.210604222491384 ], [ 632511.453387904213741, 5190777.212258802726865 ], [ 632498.437427126104012, 5190778.368640883825719 ], [ 632490.507925978046842, 5190797.929569315165281 ], [ 632481.021976223797537, 5190798.544058301486075 ], [ 632478.145610148552805, 5190782.126018107868731 ], [ 632461.948096434003673, 5190777.981550327502191 ], [ 632443.508146746782586, 5190763.586471483111382 ], [ 632423.700276485877112, 5190765.231216217391193 ], [ 632403.568011516006663, 5190758.028927787207067 ], [ 632386.02498975279741, 5190759.85222365707159 ], [ 632374.809417664306238, 5190763.740086451172829 ], [ 632373.322634799289517, 5190779.594886655919254 ], [ 632379.863630363484845, 5190799.965034308843315 ], [ 632392.62581372668501, 5190816.962742306292057 ], [ 632407.696128463605419, 5190807.896772619336843 ], [ 632427.220132507500239, 5190811.025832110084593 ], [ 632434.369685544632375, 5190826.327376216650009 ], [ 632464.049842812702991, 5190836.149038107134402 ], [ 632480.59400926460512, 5190834.145766191184521 ], [ 632472.916246164124459, 5190856.891799706965685 ], [ 632465.970853705191985, 5190881.964155652560294 ], [ 632495.037669012439437, 5190888.517574016936123 ], [ 632509.556452099699527, 5190876.967352838255465 ], [ 632527.280656878720038, 5190875.311146979220212 ], [ 632527.184746358077973, 5190886.467920377850533 ], [ 632537.253775692428462, 5190883.319469062611461 ], [ 632551.47269538952969, 5190884.863417881540954 ], [ 632567.031727681867778, 5190892.563840117305517 ], [ 632573.341768405633047, 5190885.021663754247129 ], [ 632578.598176527069882, 5190883.159250630997121 ], [ 632583.195748087833636, 5190868.952305874787271 ], [ 632599.0008981769206, 5190868.655351656489074 ], [ 632611.152649134164676, 5190863.109514366835356 ], [ 632614.376560187898576, 5190854.52588938549161 ], [ 632637.213093314203434, 5190829.804994350299239 ], [ 632671.422911072033457, 5190802.326850280165672 ], [ 632682.373902314575389, 5190799.706398150883615 ], [ 632692.79961482656654, 5190810.557255127467215 ], [ 632677.984076494118199, 5190821.564456626772881 ], [ 632678.181146480375901, 5190837.480915537104011 ], [ 632672.846615480491892, 5190841.640882654115558 ], [ 632682.11252805730328, 5190870.050028839148581 ], [ 632693.680417375639081, 5190870.487896583043039 ], [ 632707.742679248098284, 5190878.004852176643908 ], [ 632718.91050819598604, 5190870.694364538416266 ], [ 632725.098528434871696, 5190866.266950864344835 ], [ 632744.106867009890266, 5190865.538542482070625 ], [ 632758.189825532026589, 5190859.385606601834297 ], [ 632768.181876951712184, 5190856.470859340392053 ], [ 632780.117371592088602, 5190853.994161856360734 ], [ 632786.285617141751572, 5190848.73046011198312 ], [ 632801.467038060654886, 5190847.479941433295608 ], [ 632803.839916600496508, 5190853.825960198417306 ], [ 632815.431616661022417, 5190853.806295786052942 ], [ 632810.149698703084141, 5190858.341134516522288 ], [ 632799.027810683241114, 5190862.307599054649472 ], [ 632801.327275124611333, 5190869.791317111812532 ], [ 632788.20901674812194, 5190882.069315603002906 ], [ 632776.850930850603618, 5190875.004400478675961 ], [ 632774.006902317050844, 5190880.008700008504093 ], [ 632764.002113381051458, 5190894.009622384794056 ], [ 632764.977470814948902, 5190906.02854865975678 ], [ 632768.931528214830905, 5190916.939246728084981 ], [ 632775.561856715241447, 5190930.351369058713317 ], [ 632781.946701075416058, 5190939.26856236346066 ], [ 632786.367109022336081, 5190949.511230929754674 ], [ 632793.7815793142654, 5190959.561865229159594 ], [ 632802.756418087752536, 5190962.950469474308193 ], [ 632808.021752088796347, 5190966.262908527627587 ], [ 632811.143127330346033, 5190977.098448787815869 ], [ 632818.245975888799876, 5190982.430069740861654 ], [ 632828.082678795326501, 5190990.874015127308667 ], [ 632831.617824228713289, 5190998.550788740627468 ], [ 632832.075807400397025, 5191004.131298708729446 ], [ 632835.689173264545389, 5191007.09461138304323 ], [ 632833.267131853615865, 5191017.324833366088569 ], [ 632842.525130935944617, 5191028.10581362247467 ], [ 632846.005548768793233, 5191038.760469697415829 ], [ 632846.183257040102035, 5191047.588996433652937 ], [ 632846.531881164992228, 5191061.298183361068368 ], [ 632845.823017143993638, 5191072.394502676092088 ], [ 632846.688425918808207, 5191079.476823374629021 ], [ 632854.90016414038837, 5191089.451060562394559 ], [ 632861.669818819034845, 5191099.965723406523466 ], [ 632866.785221070749685, 5191115.66692980658263 ], [ 632872.940176479285583, 5191126.69509691465646 ], [ 632874.886958790826611, 5191137.09964703489095 ], [ 632868.597669473616406, 5191147.358032770454884 ], [ 632875.464707355713472, 5191161.902106706053019 ], [ 632883.039082498289645, 5191174.897335558198392 ], [ 632882.254629593109712, 5191184.325453108176589 ], [ 632882.492046173079871, 5191195.285898558795452 ], [ 632876.592944375472143, 5191209.938661909662187 ], [ 632878.522110742051154, 5191219.144987165927887 ], [ 632887.065208707004786, 5191230.272803171537817 ], [ 632894.879510396625847, 5191241.214221844449639 ], [ 632904.166106196935289, 5191251.194759835489094 ], [ 632911.070135336834937, 5191260.922739624977112 ], [ 632913.342367762466893, 5191272.179796727374196 ], [ 632920.872291323379613, 5191282.968393961898983 ], [ 632923.836801455239765, 5191299.493947995826602 ], [ 632924.358542372705415, 5191309.083297334611416 ], [ 632930.861424152506515, 5191319.466408850625157 ], [ 632926.227281714323908, 5191327.479088635183871 ], [ 632937.31864846451208, 5191342.400064623914659 ], [ 632932.846382653224282, 5191358.40905284229666 ], [ 632939.642724329605699, 5191377.234138948842883 ], [ 632946.717824157094583, 5191399.728608745150268 ], [ 632951.960689454106614, 5191420.327387133613229 ], [ 632957.219418350141495, 5191439.994194323197007 ], [ 632955.954286402789876, 5191459.549929252825677 ], [ 632954.736728553543799, 5191476.309729234315455 ], [ 632946.206121493130922, 5191484.554807092994452 ], [ 632951.401388173457235, 5191507.949501696042717 ], [ 632947.292704042163678, 5191530.253594822250307 ], [ 632941.415245700860396, 5191546.934088664129376 ], [ 632939.360903081251308, 5191558.08611548319459 ], [ 632941.034485299605876, 5191569.301621731370687 ], [ 632938.000555615406483, 5191583.233736855909228 ], [ 632934.034653446055017, 5191597.150006129406393 ], [ 632933.828406526008621, 5191609.265773079358041 ], [ 632932.737783564138226, 5191618.569702045060694 ], [ 632934.284442414878868, 5191637.241058991290629 ], [ 632940.522728050476871, 5191654.127779514528811 ], [ 632948.736051987507381, 5191664.522371616214514 ], [ 632957.897213032003492, 5191674.000838238745928 ], [ 632956.790703691425733, 5191684.236758288927376 ], [ 632949.461794390226714, 5191676.653985116630793 ], [ 632944.912934761028737, 5191670.050798612646759 ], [ 632939.257585371844471, 5191673.683532220311463 ], [ 632941.831405398901552, 5191686.778866782784462 ], [ 632948.212496449821629, 5191695.277766152285039 ], [ 632961.085717165959068, 5191705.751666689291596 ], [ 632967.355731143150479, 5191720.774426599964499 ], [ 632963.437420385307632, 5191731.894741667434573 ], [ 632960.482831342727877, 5191741.166959374211729 ], [ 632954.532203390263021, 5191748.449680185876787 ], [ 632958.854438279755414, 5191760.110628904774785 ], [ 632968.88880396343302, 5191773.684702094644308 ], [ 632982.211851443047635, 5191778.396269220858812 ], [ 632990.792823630850762, 5191768.619883174076676 ], [ 632996.649750235490501, 5191750.63060172367841 ], [ 632999.217776031931862, 5191739.930898485705256 ], [ 633002.545148555655032, 5191719.338681928813457 ], [ 633006.278998884838074, 5191708.820816582068801 ], [ 633015.229111541761085, 5191693.043053483590484 ], [ 633017.001660348265432, 5191674.3262625830248 ], [ 633018.170105472207069, 5191657.261099417693913 ], [ 633022.510917246807367, 5191640.281940063461661 ], [ 633029.934558375156485, 5191621.071370135992765 ], [ 633037.650453266804107, 5191604.135654206387699 ], [ 633054.494551438139752, 5191590.153173699975014 ], [ 633073.97509808302857, 5191560.100458946079016 ], [ 633092.391393055790104, 5191547.805645735934377 ], [ 633111.01828415482305, 5191534.770466112531722 ], [ 633133.11124871741049, 5191516.726560018025339 ], [ 633145.962962176534347, 5191502.428108287975192 ], [ 633138.250382099999115, 5191496.2011763965711 ], [ 633140.498869744013064, 5191482.303220059722662 ], [ 633145.787843947298825, 5191470.773877444677055 ], [ 633154.984448756906204, 5191458.138131545856595 ], [ 633176.562173504149541, 5191438.641529005952179 ], [ 633189.984716762555763, 5191425.290752428583801 ], [ 633204.43144449905958, 5191406.462719383649528 ], [ 633230.150909006595612, 5191390.844406181015074 ], [ 633247.866571482038125, 5191387.342178929597139 ], [ 633277.319075855542906, 5191394.208186125382781 ], [ 633293.170883636688814, 5191385.240526329725981 ], [ 633267.62457707291469, 5191377.703052532859147 ], [ 633253.12865822436288, 5191367.522850142791867 ], [ 633238.938645902439021, 5191359.286718294024467 ], [ 633229.614763886900619, 5191348.207609350793064 ], [ 633215.452080147457309, 5191326.440699600614607 ], [ 633217.269365619053133, 5191304.330824069678783 ], [ 633213.182348843780346, 5191290.188032458536327 ], [ 633209.512183259124868, 5191270.883602380752563 ], [ 633200.780094041256234, 5191249.064149688929319 ], [ 633199.101897325599566, 5191227.873741799034178 ], [ 633187.703404641710222, 5191211.960563872940838 ], [ 633178.77262980141677, 5191191.650656781159341 ], [ 633189.298357150284573, 5191170.366995918564498 ], [ 633199.893445851979777, 5191153.762267593294382 ], [ 633213.284190757898614, 5191133.878286266699433 ], [ 633216.924230288015679, 5191115.94723217189312 ], [ 633220.256359079154208, 5191096.427015336230397 ], [ 633225.989246646640822, 5191087.191121816635132 ], [ 633254.304409977863543, 5191086.621140990406275 ], [ 633276.482079553883523, 5191086.275678561069071 ], [ 633287.618635973427445, 5191086.089276377111673 ], [ 633294.752831569407135, 5191080.240035617724061 ], [ 633301.49554757156875, 5191079.235858176834881 ], [ 633310.698645473341458, 5191068.803094222210348 ], [ 633311.517079963465221, 5191060.903446424752474 ], [ 633318.030072137713432, 5191056.241577121429145 ], [ 633323.632335555623285, 5191060.20272062998265 ], [ 633323.546954301651567, 5191069.566766590811312 ], [ 633335.940339944092557, 5191089.36065468378365 ], [ 633335.297464712755755, 5191101.926031136885285 ], [ 633317.766144763911143, 5191112.399026121012866 ], [ 633325.48559560009744, 5191129.090538800694048 ], [ 633335.443945113336667, 5191146.250119060277939 ], [ 633344.985696390969679, 5191156.631979700177908 ], [ 633348.671193382120691, 5191149.953089820221066 ], [ 633359.933385893004015, 5191143.915117357857525 ], [ 633368.309844434494153, 5191134.931197986938059 ], [ 633363.955291801597923, 5191130.86529952287674 ], [ 633368.125687785213813, 5191123.485688523389399 ], [ 633380.343625224195421, 5191124.625613022595644 ], [ 633392.03924073302187, 5191119.734972380101681 ], [ 633392.686304929666221, 5191115.558208100497723 ], [ 633399.371117726899683, 5191114.902034966275096 ], [ 633403.732611866784282, 5191119.088053175248206 ], [ 633416.037863613688387, 5191127.728064166381955 ], [ 633430.901075762696564, 5191133.543737671338022 ], [ 633440.984834924456663, 5191148.210625804960728 ], [ 633444.799916600575671, 5191150.837412443943322 ], [ 633444.559002989088185, 5191156.474016078747809 ], [ 633430.667161468300037, 5191157.625470194034278 ], [ 633425.204654277185909, 5191162.84120746422559 ], [ 633422.889505944564007, 5191168.203505340032279 ], [ 633427.62873226008378, 5191175.341785958968103 ], [ 633426.520849163411185, 5191189.496176866814494 ], [ 633433.902182108373381, 5191204.433011263608932 ], [ 633429.150501963449642, 5191212.887668353505433 ], [ 633441.658555591246113, 5191215.665442321449518 ], [ 633449.630776165286079, 5191204.758715541101992 ], [ 633444.628581912023947, 5191198.149954591877759 ], [ 633444.619406046811491, 5191191.932120937854052 ], [ 633463.603240013355389, 5191185.948618712835014 ], [ 633463.602284306078218, 5191178.719975478947163 ], [ 633445.406205125036649, 5191174.846451499499381 ], [ 633450.377940555801615, 5191171.321259598247707 ], [ 633440.47887845733203, 5191163.485170043073595 ], [ 633465.236486859852448, 5191168.07037119846791 ], [ 633473.270466511952691, 5191177.973598883487284 ], [ 633477.847155402530916, 5191195.83554117847234 ], [ 633485.942058090586215, 5191221.310968548990786 ], [ 633483.23939453670755, 5191243.915746024809778 ], [ 633462.615552397328429, 5191263.768595959059894 ], [ 633436.835958626004867, 5191269.05546204186976 ], [ 633423.907550058560446, 5191275.934007300063968 ], [ 633397.210108368541114, 5191282.565186898224056 ], [ 633388.262556667905301, 5191281.392925719730556 ], [ 633361.427270209998824, 5191286.195842951536179 ], [ 633357.104301606537774, 5191294.607804265804589 ], [ 633364.206282666884363, 5191313.146688128821552 ], [ 633377.54910897242371, 5191312.939856953918934 ], [ 633375.444125207723118, 5191332.329952434636652 ], [ 633378.950221024686471, 5191346.76485541369766 ], [ 633370.783939838409424, 5191360.435108273290098 ], [ 633362.25197611679323, 5191382.077682717703283 ], [ 633355.378333250293508, 5191389.753752392716706 ], [ 633338.340576640097424, 5191395.207987093366683 ], [ 633326.082014915649779, 5191403.389596143737435 ], [ 633331.375611452735029, 5191410.840506588108838 ], [ 633323.980079942382872, 5191417.337590830400586 ], [ 633316.365555207245052, 5191426.530495022423565 ], [ 633301.46972334664315, 5191425.344686924479902 ], [ 633288.310919456998818, 5191431.646446058526635 ], [ 633273.240537800360471, 5191440.712430958636105 ], [ 633276.889180994359776, 5191445.435811059549451 ], [ 633289.052534101065248, 5191442.846096964552999 ], [ 633314.200179679086432, 5191444.206418469548225 ], [ 633337.563204967766069, 5191440.875128489919007 ], [ 633355.366048049880192, 5191435.584665212780237 ], [ 633374.501538570621051, 5191423.992001170292497 ], [ 633388.942036909167655, 5191415.060258963145316 ], [ 633396.298118111910298, 5191407.690878319554031 ], [ 633426.081706878961995, 5191401.980212652124465 ], [ 633454.334995723795146, 5191406.573938 ], [ 633478.178428769344464, 5191410.055637778714299 ], [ 633506.425307130906731, 5191410.620472492650151 ], [ 633524.820142787648365, 5191395.592429135926068 ], [ 633544.785915553686209, 5191393.134446396492422 ], [ 633594.240633424371481, 5191392.642360107041895 ], [ 633622.300697791855782, 5191392.669031199999154 ], [ 633656.884769028634764, 5191395.726600077934563 ], [ 633674.771700684446841, 5191405.661596269346774 ], [ 633687.154548774007708, 5191418.084709675051272 ], [ 633681.238615358946845, 5191427.380508630536497 ], [ 633694.445280093699694, 5191436.874827133491635 ], [ 633706.982129123411141, 5191446.243752462789416 ], [ 633722.647687249351293, 5191452.330108062364161 ], [ 633742.953213354339823, 5191464.571119457483292 ], [ 633752.733640247373842, 5191472.387212299741805 ], [ 633763.316590652102605, 5191488.275522641837597 ], [ 633768.492201037472114, 5191499.385040562599897 ], [ 633784.77274833782576, 5191509.346670676954091 ], [ 633801.68334369699005, 5191525.236706039868295 ], [ 633817.915849288459867, 5191544.30602309666574 ], [ 633824.663315783720464, 5191555.653298700228333 ], [ 633828.802314591710456, 5191570.031997732818127 ], [ 633840.715202773106284, 5191584.276033261790872 ], [ 633852.918457172112539, 5191598.203056715428829 ], [ 633861.474208978004754, 5191609.587107168510556 ], [ 633871.896146490704268, 5191628.120544841513038 ], [ 633878.897207514732145, 5191639.3731246041134 ], [ 633879.735613984754309, 5191650.095844614319503 ], [ 633884.528580132406205, 5191672.111265922896564 ], [ 633891.55623894056771, 5191681.62539782281965 ], [ 633902.549296255921945, 5191699.209630784578621 ], [ 633913.901372916996479, 5191711.329238496720791 ], [ 633925.774062507320195, 5191727.111534941010177 ], [ 633941.558083789306693, 5191742.040462333709002 ], [ 633958.033889979589731, 5191756.450184625573456 ], [ 633975.677470419788733, 5191767.932946875691414 ], [ 633998.211780668701977, 5191779.71097014285624 ], [ 634019.454980524023995, 5191781.454553929157555 ], [ 634032.59003736730665, 5191781.939108613878489 ], [ 634046.061284529278055, 5191785.172282999381423 ], [ 634056.237104862928391, 5191780.687767457216978 ], [ 634064.916868824744597, 5191780.08755583781749 ], [ 634072.437982141273096, 5191781.350524429231882 ], [ 634076.593943813117221, 5191791.7947460366413 ], [ 634090.942603338509798, 5191801.991492390632629 ], [ 634094.364990349044092, 5191796.49503128696233 ], [ 634102.825650023296475, 5191797.488019786775112 ], [ 634117.852058604243211, 5191794.364008272998035 ], [ 634119.645204829634167, 5191789.473790956661105 ], [ 634133.943732145708054, 5191789.223224204964936 ], [ 634143.749026771867648, 5191794.168895616196096 ], [ 634152.497753747622482, 5191799.856533142738044 ], [ 634162.717845550738275, 5191800.171502568759024 ], [ 634165.579894550493918, 5191797.692364128306508 ], [ 634173.160633443389088, 5191798.976348659023643 ], [ 634186.975838355720043, 5191803.739304346963763 ], [ 634194.397948165307753, 5191808.292420985177159 ], [ 634208.799611619324423, 5191808.443596753291786 ], [ 634219.812106727156788, 5191811.6699123326689 ], [ 634238.555959215736948, 5191814.499855362810194 ], [ 634246.025631438242272, 5191816.727914478629827 ], [ 634260.385807781945914, 5191820.668176075443625 ], [ 634273.41463794815354, 5191821.401961203664541 ], [ 634282.709879329893738, 5191817.365416344255209 ], [ 634290.631960155442357, 5191814.517434849403799 ], [ 634303.08739485393744, 5191822.677060270681977 ], [ 634309.060969678452238, 5191822.272773819975555 ], [ 634307.795796054415405, 5191809.128907233476639 ], [ 634313.565260636154562, 5191807.557206861674786 ], [ 634319.832293383544311, 5191799.606312246993184 ], [ 634322.27911345497705, 5191794.617228415794671 ], [ 634326.94706479809247, 5191794.722703382372856 ], [ 634326.986713898833841, 5191781.410070401616395 ], [ 634319.230377302039415, 5191779.984080014750361 ], [ 634312.4745171405375, 5191785.45979752484709 ], [ 634307.642580772400834, 5191782.592671159654856 ], [ 634300.807746373582631, 5191786.891104882583022 ], [ 634296.271571769146249, 5191787.856815797276795 ], [ 634288.857182573527098, 5191783.78880279045552 ], [ 634286.486107059055939, 5191772.405034111812711 ], [ 634284.896657120552845, 5191767.4432213306427 ], [ 634277.153451926540583, 5191770.297263325192034 ], [ 634273.218144141254015, 5191769.211319412104785 ], [ 634274.345542072900571, 5191779.758967427536845 ], [ 634279.954124721232802, 5191784.113229016773403 ], [ 634284.387970428797416, 5191791.861298680305481 ], [ 634281.395270513137802, 5191793.851250457577407 ], [ 634269.783098600571975, 5191786.317951521836221 ], [ 634267.377387247164734, 5191782.96116434969008 ], [ 634263.713013581233099, 5191768.426544115878642 ], [ 634265.438134422409348, 5191760.602314497344196 ], [ 634262.147700041183271, 5191744.426133984699845 ], [ 634266.832927310606465, 5191742.10802333150059 ], [ 634262.254130874061957, 5191734.355477327480912 ], [ 634262.325106463045813, 5191734.356685571372509 ], [ 634262.006618412560783, 5191726.162686284631491 ], [ 634252.674046693835407, 5191713.537458218634129 ], [ 634245.900760103715584, 5191702.471722553484142 ], [ 634248.368066476890817, 5191696.161056448705494 ], [ 634260.492970205261372, 5191695.073530914261937 ], [ 634281.307900167768821, 5191693.368980382569134 ], [ 634280.564141266513616, 5191681.315938773564994 ], [ 634276.730049763806164, 5191677.044891756027937 ], [ 634268.721917602466419, 5191681.600323649123311 ], [ 634251.44297338440083, 5191680.827197703532875 ], [ 634242.776022685458884, 5191677.678824401460588 ], [ 634231.549688805593178, 5191664.457391068339348 ], [ 634230.385599132161587, 5191656.652983920648694 ], [ 634239.323851601919159, 5191650.384472752921283 ], [ 634249.141068853670731, 5191648.69769265409559 ], [ 634261.763018562924117, 5191649.895489516668022 ], [ 634271.772928011254407, 5191648.224994543008506 ], [ 634284.52034076442942, 5191650.276900461874902 ], [ 634294.710407697712071, 5191649.597408755682409 ], [ 634305.649591508088633, 5191658.715173494070768 ], [ 634316.524493044940755, 5191666.735887035727501 ], [ 634329.523071578703821, 5191666.486181903630495 ], [ 634341.603649028227665, 5191663.830980016849935 ], [ 634345.296575454063714, 5191663.000905269756913 ], [ 634345.687207649927586, 5191660.965651881881058 ], [ 634337.588468962698244, 5191657.391969093121588 ], [ 634331.446221804246306, 5191645.794995703734457 ], [ 634320.961011042818427, 5191640.375773880630732 ], [ 634322.975528207840398, 5191635.524336815811694 ], [ 634338.474111016606912, 5191634.14924937300384 ], [ 634351.039437158964574, 5191630.861323148012161 ], [ 634342.201679374789819, 5191618.126525809988379 ], [ 634332.490717332344502, 5191614.512393924407661 ], [ 634342.239371980074793, 5191597.292226504534483 ], [ 634355.568697188049555, 5191600.815970739349723 ], [ 634369.900462139863521, 5191600.843976401723921 ], [ 634373.193383518373594, 5191602.659940903075039 ], [ 634380.073682607966475, 5191600.213182693347335 ], [ 634388.258529681828804, 5191600.25653154682368 ], [ 634385.630447306553833, 5191590.459287989884615 ], [ 634389.840817198855802, 5191584.081304267980158 ], [ 634397.566712569911033, 5191584.533792851492763 ], [ 634406.707234897185117, 5191588.411203379742801 ], [ 634410.563551367027685, 5191591.199709545820951 ], [ 634424.837711030733772, 5191580.221282192505896 ], [ 634425.086855674511753, 5191572.458938899450004 ], [ 634450.239955934695899, 5191564.798519901931286 ], [ 634455.560132218641229, 5191568.472885258495808 ], [ 634463.568537668790668, 5191568.484224648214877 ], [ 634472.192390760290436, 5191571.814861415885389 ], [ 634491.053074816474691, 5191572.304933366365731 ], [ 634518.742531084106304, 5191570.667389709502459 ], [ 634528.695700698532164, 5191566.51604422274977 ], [ 634543.773223756346852, 5191565.08978499379009 ], [ 634554.577804339816794, 5191567.841593720950186 ], [ 634567.25607261818368, 5191569.609322058968246 ], [ 634570.732021191157401, 5191573.948285194113851 ], [ 634592.49241680232808, 5191576.150622705928981 ], [ 634607.896465840749443, 5191579.214703175239265 ], [ 634614.478399066603743, 5191582.077589857392013 ], [ 634623.825575490249321, 5191581.509758771397173 ], [ 634641.498197244131006, 5191584.065473608672619 ], [ 634653.68477065640036, 5191589.280671519227326 ], [ 634666.702345966594294, 5191594.612007766030729 ], [ 634677.61195672582835, 5191600.065433776937425 ], [ 634691.176502357702702, 5191613.032727307640016 ], [ 634703.356401834520511, 5191629.274239337071776 ], [ 634713.101163715822622, 5191639.186629332602024 ], [ 634724.957262201234698, 5191646.194124891422689 ], [ 634716.441939682234079, 5191655.577677639201283 ], [ 634712.811457020929083, 5191657.907756643369794 ], [ 634722.870407307520509, 5191671.391308170743287 ], [ 634733.34407208301127, 5191676.842340058647096 ], [ 634740.990709446370602, 5191678.955419640988111 ], [ 634745.639551581349224, 5191686.705166553147137 ], [ 634753.207784552592784, 5191697.476462923921645 ], [ 634757.653365210047923, 5191704.360785373486578 ], [ 634758.080243118689395, 5191718.523338932543993 ], [ 634764.179290769156069, 5191729.662597917020321 ], [ 634774.880036382121034, 5191738.691329589113593 ], [ 634777.31867194280494, 5191749.102314859628677 ], [ 634789.017936702934094, 5191763.324781325645745 ], [ 634796.040364092448726, 5191763.867290180176497 ], [ 634810.16978931077756, 5191776.958162761293352 ], [ 634819.588671967736445, 5191783.281188493594527 ], [ 634819.366753615555353, 5191787.917191750369966 ], [ 634827.929414277896285, 5191797.486484169028699 ], [ 634829.078730906359851, 5191806.628585433587432 ], [ 634835.013332184869796, 5191815.562173940241337 ], [ 634842.156086694449186, 5191824.48330516461283 ], [ 634850.419441907550208, 5191834.834472266957164 ], [ 634859.518033374915831, 5191846.579783187247813 ], [ 634862.562895438284613, 5191858.67999663297087 ], [ 634864.670296836527996, 5191871.924211101606488 ], [ 634874.26911221886985, 5191876.840387582778931 ], [ 634882.568767786724493, 5191886.882179446518421 ], [ 634895.719085023505613, 5191894.458663457073271 ], [ 634900.855877869063988, 5191899.449877857230604 ], [ 634899.424647231469862, 5191905.694189724512398 ], [ 634905.739902850938961, 5191916.291156738065183 ], [ 634912.714577759848908, 5191919.226767048239708 ], [ 634911.359825328574516, 5191931.022109651006758 ], [ 634914.467626906582154, 5191932.492951503023505 ], [ 634916.677070798818022, 5191939.098222380504012 ], [ 634926.359278185875155, 5191947.397651166655123 ], [ 634926.930793222971261, 5191958.114832249470055 ], [ 634932.471540051163174, 5191961.344008305110037 ], [ 634925.458955089445226, 5191976.611861081793904 ], [ 634928.65352988964878, 5191994.895321516320109 ], [ 634935.95705749723129, 5192001.303349085152149 ], [ 634934.883161626406945, 5192012.460506904870272 ], [ 634929.796021798625588, 5192019.708529386669397 ], [ 634930.747041404130869, 5192028.457280754111707 ], [ 634918.656482100253925, 5192043.679670289158821 ], [ 634912.937624120386317, 5192058.842548632062972 ], [ 634918.042575966799632, 5192071.869792675599456 ], [ 634921.20029587764293, 5192085.091890443116426 ], [ 634908.777463418315165, 5192096.631810517981648 ], [ 634901.087555307662115, 5192101.230669203214347 ], [ 634885.821727989707142, 5192112.425198051147163 ], [ 634873.929577072733082, 5192128.503921163268387 ], [ 634857.465778915444389, 5192145.515766552649438 ], [ 634837.741320281522349, 5192161.401145988143981 ], [ 634825.505664622178301, 5192176.044082787819207 ], [ 634826.474480731179938, 5192190.029872490093112 ], [ 634818.493239245610312, 5192199.935502058826387 ], [ 634802.934055304853246, 5192215.968795299530029 ], [ 634789.330076601589099, 5192240.264948499388993 ], [ 634761.220704838633537, 5192254.819629445672035 ], [ 634757.893903255928308, 5192267.328360852785408 ], [ 634748.239388840273023, 5192274.259619863703847 ], [ 634747.126182723557577, 5192289.36891596019268 ], [ 634732.793951712781563, 5192301.233289152383804 ], [ 634718.999958529719152, 5192307.67511027213186 ], [ 634711.63213112030644, 5192320.489018782973289 ], [ 634694.688184727216139, 5192330.974606184288859 ], [ 634692.729012014344335, 5192336.53480398375541 ], [ 634688.85826840379741, 5192344.859175672754645 ], [ 634684.007927863742225, 5192355.963684461079538 ], [ 634669.758418192737736, 5192371.569420949555933 ], [ 634654.545179346110672, 5192389.02325970493257 ], [ 634636.641941912123002, 5192398.196298255585134 ], [ 634632.119339121505618, 5192411.049637630581856 ], [ 634625.031213498325087, 5192430.166986162774265 ], [ 634615.317379252053797, 5192442.107989156618714 ], [ 634604.26659223344177, 5192461.274858544580638 ], [ 634587.411671492620371, 5192466.608620899729431 ], [ 634563.709307064651512, 5192471.57580962125212 ], [ 634551.266456379555166, 5192479.592532396316528 ], [ 634534.866639724001288, 5192489.849784769117832 ], [ 634529.246108504710719, 5192499.824578839354217 ], [ 634523.528982441872358, 5192511.947614477016032 ], [ 634507.296049897675402, 5192521.918716358952224 ], [ 634491.92978599620983, 5192524.857939244247973 ], [ 634476.408002417651005, 5192530.648371799848974 ], [ 634463.671190546592698, 5192539.721048332750797 ], [ 634453.31293010909576, 5192546.287342833355069 ], [ 634438.281749085756019, 5192545.637454379349947 ], [ 634428.692329914076254, 5192545.397184820845723 ], [ 634416.640009792987257, 5192553.49956713244319 ], [ 634409.715033100568689, 5192567.555936716496944 ], [ 634401.030909572495148, 5192577.574568843469024 ], [ 634374.924892687820829, 5192594.57019470911473 ], [ 634361.942109094699845, 5192603.641674300655723 ], [ 634343.079251373535953, 5192613.380009104497731 ], [ 634330.227609598194249, 5192619.03689902741462 ], [ 634313.219046032289043, 5192631.631654072552919 ], [ 634295.332650272059254, 5192640.577633720822632 ], [ 634277.535093025304377, 5192644.891379245556891 ], [ 634253.71197828440927, 5192646.264698798768222 ], [ 634239.64940578059759, 5192653.681863744743168 ], [ 634218.334208437008783, 5192660.278610142879188 ], [ 634191.150034718913957, 5192652.795143658295274 ], [ 634176.026251798612066, 5192651.126714104786515 ], [ 634147.087747436249629, 5192649.834064261056483 ], [ 634119.921673649339937, 5192645.516747978515923 ], [ 634093.528080145828426, 5192641.286575555801392 ], [ 634071.94285547430627, 5192637.901235898956656 ], [ 634037.47983250755351, 5192633.133691490627825 ], [ 634007.392538242507726, 5192623.376947125419974 ], [ 633983.944345130352303, 5192613.005228970199823 ], [ 633953.067705844994634, 5192606.267861189320683 ], [ 633936.951241328381002, 5192599.061842621304095 ], [ 633920.076433256152086, 5192593.639806493185461 ], [ 633905.983112575137056, 5192594.994779918342829 ], [ 633889.136396443354897, 5192601.490594833157957 ], [ 633874.053398352232762, 5192602.71072621550411 ], [ 633854.531537507544272, 5192597.772596329450607 ], [ 633841.410432827542536, 5192594.530361979268491 ], [ 633826.200740952044725, 5192583.282997735776007 ], [ 633819.354914587223902, 5192582.589470689184964 ], [ 633809.24214995035436, 5192577.849546810612082 ], [ 633802.18555931665469, 5192577.084430652670562 ], [ 633790.36654486192856, 5192581.34996869508177 ], [ 633780.633847562945448, 5192581.775209631770849 ], [ 633771.88429104257375, 5192574.43264570645988 ], [ 633756.905778553336859, 5192561.296326559968293 ], [ 633742.894165719277225, 5192560.55378589220345 ], [ 633735.674962404882535, 5192555.24315835442394 ], [ 633728.574142847442999, 5192545.035798888653517 ], [ 633716.575592107721604, 5192544.107567864470184 ], [ 633705.739558255998418, 5192540.677242507226765 ], [ 633687.313263886026107, 5192537.874666036106646 ], [ 633659.883470678934827, 5192531.545967898331583 ], [ 633639.901991709368303, 5192530.462829899974167 ], [ 633620.831425801967271, 5192532.494021385908127 ], [ 633594.203615474281833, 5192534.564530636183918 ], [ 633567.367510319454595, 5192534.418616100214422 ], [ 633523.221303001744673, 5192529.989208516664803 ], [ 633487.500718883471563, 5192522.618402307853103 ], [ 633452.184205824160017, 5192521.879154648631811 ], [ 633410.805013574194163, 5192518.380811312235892 ], [ 633385.127404790138826, 5192516.382734852842987 ], [ 633359.978476188960485, 5192511.172810402698815 ], [ 633327.740209349896759, 5192504.948265229351819 ], [ 633303.637112376280129, 5192499.392182216048241 ], [ 633272.204630994005129, 5192491.532430425286293 ], [ 633250.822434285655618, 5192477.810115586034954 ], [ 633226.907327947206795, 5192476.425012495368719 ], [ 633204.849498618394136, 5192485.236978027969599 ], [ 633189.751319353468716, 5192491.345584203489125 ], [ 633180.455293015693314, 5192496.83899402897805 ], [ 633175.007628096267581, 5192501.94597589597106 ], [ 633177.424910125089809, 5192507.912801051512361 ], [ 633190.412562588928267, 5192518.169375309720635 ], [ 633209.699720911798067, 5192535.013834975659847 ], [ 633227.11677679955028, 5192556.509215420112014 ], [ 633237.976783615536988, 5192581.188727894797921 ], [ 633231.294206242309883, 5192590.397475126199424 ], [ 633215.387052508769557, 5192593.855656404048204 ], [ 633199.218669150141068, 5192594.8401253009215 ], [ 633186.652968517970294, 5192596.213104353286326 ], [ 633169.493180001270957, 5192592.967100851237774 ], [ 633157.134505942696705, 5192583.062222634442151 ], [ 633157.964771395898424, 5192577.052677528001368 ], [ 633142.09194578952156, 5192576.037480317987502 ], [ 633131.206398271839134, 5192581.212865435518324 ], [ 633125.233733221073635, 5192589.963681924156845 ], [ 633117.645916072651744, 5192595.322208524681628 ], [ 633100.607321341522038, 5192602.930678406730294 ], [ 633086.490031026769429, 5192615.325632095336914 ], [ 633078.408340944093652, 5192622.498629115521908 ], [ 633063.938140967977233, 5192627.313982911407948 ], [ 633039.801216473686509, 5192647.885893883183599 ], [ 633020.708143343101256, 5192667.216745139099658 ], [ 633010.657552024698816, 5192679.145950893871486 ], [ 633005.019923795480281, 5192697.525952950119972 ], [ 633005.066160178626888, 5192706.027276271022856 ], [ 632985.593162139412016, 5192729.465418529696763 ], [ 632978.913174258545041, 5192733.891425654292107 ], [ 632973.317335632047616, 5192751.636188176460564 ], [ 632964.673574720742181, 5192768.623077933676541 ], [ 632959.450657102628611, 5192785.551204072311521 ], [ 632953.796510166255757, 5192805.192847577854991 ], [ 632947.734073948347941, 5192824.73654283862561 ], [ 632943.148229565820657, 5192827.796294393017888 ], [ 632940.098458107328042, 5192843.650489444844425 ], [ 632942.281597764696926, 5192868.536291166208684 ], [ 632945.873274481738918, 5192883.284633805043995 ], [ 632953.33971576183103, 5192886.288601320236921 ], [ 632953.635338367428631, 5192891.419351138174534 ], [ 632952.851308387587778, 5192895.475784569978714 ], [ 632947.532716026995331, 5192904.102751655504107 ], [ 632937.43813173728995, 5192917.208140339702368 ], [ 632925.07316927833017, 5192929.69590949267149 ], [ 632922.274900239193812, 5192936.004912220872939 ], [ 632917.582933580270037, 5192949.644261995330453 ], [ 632917.740043982164934, 5192966.257025683298707 ], [ 632927.982599021983333, 5192970.948163297958672 ], [ 632948.853376092971303, 5192974.652346201241016 ], [ 632950.756049120565876, 5192986.058099876157939 ], [ 632969.90742708707694, 5192984.917266073636711 ], [ 632982.633519977913238, 5192975.004504452459514 ], [ 632991.929993317346089, 5192968.721155843697488 ], [ 633001.988854110008106, 5192966.406540466472507 ], [ 633005.682328827679157, 5192970.712197570130229 ], [ 633020.064736177446321, 5192968.000254429876804 ], [ 633033.86032291315496, 5192963.046430652961135 ], [ 633046.639057959895581, 5192953.974514222703874 ], [ 633060.355748821049929, 5192956.063945042900741 ], [ 633071.920268913265318, 5192950.65216737985611 ], [ 633077.39285571849905, 5192952.009263012558222 ], [ 633083.474978229613043, 5192951.100885785184801 ], [ 633084.922991275321692, 5192954.972326455637813 ], [ 633097.570430677616969, 5192954.670694918371737 ], [ 633113.115571587230079, 5192951.20557296462357 ], [ 633110.166894351947121, 5192957.422026279382408 ], [ 633110.619033425697125, 5192970.03803788498044 ], [ 633117.709660934051499, 5192971.741682080551982 ], [ 633118.614682950079441, 5192978.49071185849607 ], [ 633125.689939183648676, 5192985.030824499204755 ], [ 633124.432969625573605, 5192989.555173641070724 ], [ 633113.172744809533469, 5193000.468849812634289 ], [ 633104.840393636957742, 5193003.62780765350908 ], [ 633106.068624339764938, 5193011.187296167016029 ], [ 633106.211660533794202, 5193012.065683282911777 ], [ 633116.929183824686334, 5193012.706141722388566 ], [ 633136.979209126788191, 5193006.296898537315428 ], [ 633171.630319207441062, 5192998.132353722117841 ], [ 633174.239403053885326, 5192996.181895028799772 ], [ 633181.018559634569101, 5192994.978406992740929 ], [ 633201.524652330437675, 5192994.553574228659272 ], [ 633221.200200603809208, 5192992.578698683530092 ], [ 633240.808616215945221, 5192987.793874983675778 ], [ 633254.006953941658139, 5192986.321668667718768 ], [ 633255.862350524403155, 5192987.526200467720628 ], [ 633263.706922905170359, 5192985.470871333032846 ], [ 633278.492246223962866, 5192984.112701107747853 ], [ 633288.015224859933369, 5192983.49589769821614 ], [ 633310.691902847145684, 5192979.802224920131266 ], [ 633321.026411732076667, 5192978.445259092375636 ], [ 633325.770777463680133, 5192978.175058931112289 ], [ 633350.196683213114738, 5192975.811106471344829 ], [ 633363.957043327856809, 5192970.931675001978874 ], [ 633379.503030029707588, 5192967.241577505134046 ], [ 633397.337084951577708, 5192958.196731326170266 ], [ 633415.827773844124749, 5192944.297325782477856 ], [ 633428.068091781809926, 5192926.208705669268966 ], [ 633443.694243761477992, 5192919.280164113268256 ], [ 633465.207176624797285, 5192927.084046114236116 ], [ 633467.18880527454894, 5192940.197091977111995 ], [ 633472.757098041474819, 5192949.911377131007612 ], [ 633494.076646091998555, 5192957.153005446307361 ], [ 633501.847378375008702, 5192962.196038868278265 ], [ 633505.990399289410561, 5192965.292432554997504 ], [ 633515.970960319391452, 5192964.40741594415158 ], [ 633524.282029287656769, 5192969.780639177188277 ], [ 633535.391244720318355, 5192977.894368688575923 ], [ 633542.267729262937792, 5192979.490367382764816 ], [ 633537.773644141037948, 5192986.320483449846506 ], [ 633528.88527060218621, 5192998.409487076103687 ], [ 633526.811113712959923, 5193004.650827053003013 ], [ 633534.064441815135069, 5193010.071047219447792 ], [ 633542.372063596965745, 5193013.414313918910921 ], [ 633552.648443369893357, 5193022.285835419781506 ], [ 633559.285168340895325, 5193022.809797625057399 ], [ 633570.179319534334354, 5193021.943352152593434 ], [ 633590.103841957286932, 5193027.136319786310196 ], [ 633601.54241781309247, 5193022.897344051860273 ], [ 633611.09715683828108, 5193018.30128397513181 ], [ 633625.975565748405643, 5193014.765811753459275 ], [ 633652.72535072802566, 5193018.042115047574043 ], [ 633655.527133305789903, 5193019.514745681546628 ], [ 633655.724835800472647, 5193025.873765682801604 ], [ 633661.040936008095741, 5193029.727110093459487 ], [ 633671.914555096183904, 5193032.652072350494564 ], [ 633683.056283648475073, 5193027.523064347915351 ], [ 633691.940949838957749, 5193028.044315534643829 ], [ 633699.823340862174518, 5193033.987216898240149 ], [ 633716.858364434330724, 5193034.285265596583486 ], [ 633734.719742507440969, 5193037.84818862285465 ], [ 633753.662133335252292, 5193042.698500206694007 ], [ 633768.923522501369007, 5193046.387166675180197 ], [ 633777.370480496436357, 5193049.828809687867761 ], [ 633791.387762943282723, 5193049.650505468249321 ], [ 633805.899979431764223, 5193047.419713038019836 ], [ 633824.202256734017283, 5193047.229400490410626 ], [ 633834.692314037587494, 5193049.659865964204073 ], [ 633853.050903512979858, 5193052.210335112176836 ], [ 633888.31965845823288, 5193051.410922343842685 ], [ 633903.748198253335431, 5193048.629772233776748 ], [ 633915.389223707374185, 5193052.643778474070132 ], [ 633926.897834321949631, 5193048.52197456266731 ], [ 633945.818558913306333, 5193052.412912198342383 ], [ 633957.128457069629803, 5193053.969441902823746 ], [ 633969.816611646441743, 5193057.739284137263894 ], [ 633998.646189687307924, 5193059.730079060420394 ], [ 634008.043948118342087, 5193062.769936673343182 ], [ 634033.042957876808941, 5193064.982489914633334 ], [ 634048.722257049987093, 5193062.744591922499239 ], [ 634065.132138123037294, 5193056.357338058762252 ], [ 634086.558696223888546, 5193056.082210207358003 ], [ 634099.753666868899018, 5193053.16604177840054 ], [ 634113.49816646752879, 5193058.027818243019283 ], [ 634126.539542825659737, 5193056.262963201850653 ], [ 634144.497695542871952, 5193054.669844849035144 ], [ 634155.734656813088804, 5193055.520138309337199 ], [ 634166.762843356002122, 5193055.827893848530948 ], [ 634169.587504494469613, 5193059.773780950345099 ], [ 634185.25754777668044, 5193065.772301291115582 ], [ 634196.179106165422127, 5193067.057192279957235 ], [ 634208.455329707823694, 5193063.894401116296649 ], [ 634226.745274778455496, 5193066.601696841418743 ], [ 634237.154499592259526, 5193072.488633901812136 ], [ 634260.631132082897238, 5193074.141289314255118 ], [ 634278.501136787352152, 5193076.084478184580803 ], [ 634292.414534080424346, 5193075.547415119595826 ], [ 634317.914326898520812, 5193069.433925805613399 ], [ 634330.465661220951006, 5193069.493641103617847 ] ], [ [ 634193.777955494238995, 5187656.405418138019741 ], [ 634187.383202266297303, 5187668.811962280422449 ], [ 634188.998983132769354, 5187691.741270431317389 ], [ 634197.903334907372482, 5187707.150960541330278 ], [ 634211.971276570111513, 5187732.032010958530009 ], [ 634222.849944693851285, 5187753.002015630714595 ], [ 634221.976395913166925, 5187759.970785341225564 ], [ 634199.0807388786925, 5187764.663987673819065 ], [ 634191.116121971630491, 5187751.089188262820244 ], [ 634179.181824988685548, 5187735.978928460739553 ], [ 634166.790220459457487, 5187721.594831543974578 ], [ 634155.986193257966079, 5187708.757688680663705 ], [ 634144.118206630693749, 5187687.809852897189558 ], [ 634130.295324232545681, 5187663.219957204535604 ], [ 634127.365122849703766, 5187642.258210603147745 ], [ 634120.943687120219693, 5187644.087828480638564 ], [ 634113.487812620936893, 5187643.960980678908527 ], [ 634111.782403650227934, 5187634.609425955452025 ], [ 634111.516201922437176, 5187613.502063581719995 ], [ 634099.944590470520779, 5187599.879894831217825 ], [ 634097.258826165576465, 5187580.713212084956467 ], [ 634103.817583826370537, 5187554.199183869175613 ], [ 634106.493521566037089, 5187541.55737048573792 ], [ 634111.205148346722126, 5187530.162128741852939 ], [ 634108.553441514610313, 5187517.457696414552629 ], [ 634107.732286914484575, 5187498.367722139693797 ], [ 634103.864269893383607, 5187483.0987179428339 ], [ 634099.575255118776113, 5187470.299415765330195 ], [ 634100.649416356231086, 5187454.298519519157708 ], [ 634101.239584329654463, 5187445.70601007156074 ], [ 634094.353224749444053, 5187441.515080734156072 ], [ 634083.484917716588825, 5187452.794566884636879 ], [ 634069.866487107705325, 5187463.265322944149375 ], [ 634061.936383107444271, 5187447.250238540582359 ], [ 634053.339981226366945, 5187424.142198940739036 ], [ 634064.468814354389906, 5187399.546833021566272 ], [ 634073.248040320933796, 5187390.515681279823184 ], [ 634078.809857650543563, 5187374.286161743104458 ], [ 634077.264674154343084, 5187363.310453329235315 ], [ 634094.109685322153382, 5187353.853535599075258 ], [ 634106.33390802773647, 5187343.634016604162753 ], [ 634121.783759660902433, 5187337.893199998885393 ], [ 634128.774151439545676, 5187334.733296479098499 ], [ 634149.70947956549935, 5187337.589315666817129 ], [ 634166.643500558100641, 5187331.011764729395509 ], [ 634183.297966358019039, 5187328.582228659652174 ], [ 634169.148887525079772, 5187348.673466281034052 ], [ 634176.772170009440742, 5187353.805891063064337 ], [ 634174.889934251667, 5187359.409578899852931 ], [ 634163.773848971119151, 5187353.453761357814074 ], [ 634162.550486533902586, 5187359.002666815184057 ], [ 634165.270550903398544, 5187369.6293939743191 ], [ 634160.908015971304849, 5187385.779318526387215 ], [ 634158.919766498962417, 5187391.208214593119919 ], [ 634163.582115681841969, 5187408.043662771582603 ], [ 634174.067679622909054, 5187413.207778292708099 ], [ 634170.366174749564379, 5187428.648996808566153 ], [ 634178.990009247208945, 5187432.39349855389446 ], [ 634181.746103349374607, 5187442.077908963896334 ], [ 634188.221303978934884, 5187440.400160818360746 ], [ 634200.809257509303279, 5187471.161726083606482 ], [ 634198.408738458994776, 5187494.946641003713012 ], [ 634192.113546936772764, 5187499.327294234186411 ], [ 634185.124108446761966, 5187496.022563460282981 ], [ 634178.95285016077105, 5187482.598262213170528 ], [ 634173.504248677869327, 5187471.600143502466381 ], [ 634171.010481584817171, 5187465.423026005737484 ], [ 634165.320883272215724, 5187465.828208446502686 ], [ 634162.19507216126658, 5187472.056699456647038 ], [ 634169.321557779796422, 5187476.944690782576799 ], [ 634171.888238062267192, 5187486.593859074637294 ], [ 634167.227715443819761, 5187494.750141194090247 ], [ 634161.108179883798584, 5187493.331095340661705 ], [ 634157.544545409968123, 5187497.023272404447198 ], [ 634159.981165264034644, 5187507.853161719627678 ], [ 634154.257735279854387, 5187515.242403334006667 ], [ 634159.433672448853031, 5187523.518030175939202 ], [ 634166.901544243795797, 5187527.146905013360083 ], [ 634165.868925628717989, 5187547.524241218343377 ], [ 634168.066300098435022, 5187554.135298446752131 ], [ 634178.326637123478577, 5187535.804832730442286 ], [ 634176.438522264244966, 5187526.003206059336662 ], [ 634173.79688001528848, 5187507.181256162002683 ], [ 634182.381780545925722, 5187502.046580636873841 ], [ 634190.199895932339132, 5187503.425537824630737 ], [ 634198.438652879558504, 5187514.349133829586208 ], [ 634199.019958843360655, 5187538.837733532302082 ], [ 634197.067560121184215, 5187556.970581274479628 ], [ 634199.129288754309528, 5187569.616998082026839 ], [ 634198.660592257510871, 5187575.595714369788766 ], [ 634192.969428432174027, 5187578.031756164506078 ], [ 634192.084562151227146, 5187584.139374586753547 ], [ 634196.775459839729592, 5187586.776046481914818 ], [ 634196.859990156721324, 5187589.566353472881019 ], [ 634193.088847746374086, 5187592.407026805914938 ], [ 634194.683798714890145, 5187610.743222403340042 ], [ 634183.891822589677759, 5187611.480557987466455 ], [ 634178.928503501228988, 5187623.034516199491918 ], [ 634185.32368640974164, 5187620.769430669024587 ], [ 634188.486169451847672, 5187630.900704527273774 ], [ 634191.170392748201266, 5187642.04580744355917 ], [ 634193.777955494238995, 5187656.405418138019741 ] ], [ [ 634851.02390304452274, 5189676.394727727398276 ], [ 634839.463568840175867, 5189670.456280430778861 ], [ 634829.682802441180684, 5189665.301076859235764 ], [ 634829.164334166096523, 5189663.155370630323887 ], [ 634818.437099357135594, 5189658.97101241722703 ], [ 634814.304061730974354, 5189648.937181046232581 ], [ 634805.309237627312541, 5189636.085748552344739 ], [ 634807.676933137467131, 5189629.515352456830442 ], [ 634809.42732146452181, 5189622.554522412829101 ], [ 634809.635600341018289, 5189617.778322764672339 ], [ 634816.19235168886371, 5189613.54211044870317 ], [ 634826.696280316682532, 5189613.397886266931891 ], [ 634833.934882349916734, 5189612.871092361398041 ], [ 634840.908331705257297, 5189616.055610944516957 ], [ 634848.388033759896643, 5189609.940216206014156 ], [ 634868.088869333267212, 5189604.544789584353566 ], [ 634875.617432248196565, 5189612.186533727683127 ], [ 634873.301203924929723, 5189617.200855466537178 ], [ 634877.091673513641581, 5189624.976978092454374 ], [ 634884.183720505912788, 5189630.241383249871433 ], [ 634887.34642024571076, 5189626.078445855528116 ], [ 634885.566670072847046, 5189614.669721886515617 ], [ 634895.296144147170708, 5189610.264542338438332 ], [ 634909.470365781569853, 5189611.56169914547354 ], [ 634912.223847303073853, 5189606.412825585342944 ], [ 634910.774262181483209, 5189593.583804002963006 ], [ 634900.163706101011485, 5189593.882197256200016 ], [ 634891.211572233354673, 5189584.985289826057851 ], [ 634889.081364384619519, 5189576.719461949542165 ], [ 634910.048886374570429, 5189562.759002769365907 ], [ 634921.047167727258056, 5189559.596341274678707 ], [ 634929.125259106862359, 5189558.567863279022276 ], [ 634933.082746073487215, 5189562.112038392573595 ], [ 634930.1939104385674, 5189565.637695056386292 ], [ 634947.703458602540195, 5189570.546448688954115 ], [ 634952.629252729471773, 5189582.178687225095928 ], [ 634941.123729323036969, 5189585.827699646353722 ], [ 634951.309046757873148, 5189606.578996002674103 ], [ 634945.488159732427448, 5189620.398239098489285 ], [ 634935.595984059851617, 5189627.782512793317437 ], [ 634924.207778630778193, 5189641.049031525850296 ], [ 634904.910196652170271, 5189642.608516479842365 ], [ 634899.569227366009727, 5189652.847115791402757 ], [ 634887.194502959260717, 5189660.682113124057651 ], [ 634862.907517690211535, 5189656.698979460634291 ], [ 634860.611788649111986, 5189660.332720262929797 ], [ 634870.3453904268099, 5189666.262070544064045 ], [ 634871.132682884112, 5189672.764148203656077 ], [ 634865.808669441961683, 5189676.424344495870173 ], [ 634851.433674548985437, 5189671.412948615849018 ], [ 634851.02390304452274, 5189676.394727727398276 ] ], [ [ 632563.755131845129654, 5190809.130744128488004 ], [ 632561.232822440797463, 5190820.259165648370981 ], [ 632544.846650094958022, 5190820.677247868850827 ], [ 632537.117143961368129, 5190816.502900898456573 ], [ 632522.647191167692654, 5190809.028016589581966 ], [ 632549.313179310876876, 5190783.208371885120869 ], [ 632577.794092615135014, 5190787.643926628865302 ], [ 632596.386012522038072, 5190771.666288755834103 ], [ 632617.147642052150331, 5190756.521548914723098 ], [ 632638.894904744927771, 5190736.107870129868388 ], [ 632664.30789255478885, 5190719.164384452626109 ], [ 632678.436373394681141, 5190708.749471984803677 ], [ 632685.244009776855819, 5190715.152980547398329 ], [ 632672.369168423349038, 5190744.38419949542731 ], [ 632667.136031994479708, 5190767.907804727554321 ], [ 632666.226193414069712, 5190789.69608939345926 ], [ 632648.956564921769314, 5190808.648071816191077 ], [ 632639.417202573851682, 5190811.344551364891231 ], [ 632632.411711551947519, 5190797.708076797425747 ], [ 632621.669486698927358, 5190792.704471310600638 ], [ 632614.911419124575332, 5190797.371189432218671 ], [ 632602.522725882008672, 5190808.144698793999851 ], [ 632593.156436364515685, 5190808.428255070000887 ], [ 632582.001257570693269, 5190816.5239118617028 ], [ 632573.252491933759302, 5190815.60005403123796 ], [ 632575.604629066307098, 5190800.602920546196401 ], [ 632572.441060944809578, 5190799.119165917858481 ], [ 632563.755131845129654, 5190809.130744128488004 ] ], [ [ 636152.06126090278849, 5190927.353077280335128 ], [ 636139.682860017288476, 5190929.76024494599551 ], [ 636126.877678584540263, 5190923.344583727419376 ], [ 636119.509810423478484, 5190921.830238660797477 ], [ 636108.309710642439313, 5190914.111941707320511 ], [ 636103.613739971187897, 5190927.165392717346549 ], [ 636102.805625061620958, 5190927.115636832080781 ], [ 636095.835860030143522, 5190925.301086524501443 ], [ 636089.268954825238325, 5190919.673574285581708 ], [ 636087.58601188682951, 5190909.864380886778235 ], [ 636085.39104039024096, 5190901.878428642638028 ], [ 636099.305613281438127, 5190889.762832254171371 ], [ 636109.376713074161671, 5190877.391859116964042 ], [ 636118.324249867582694, 5190868.699568519368768 ], [ 636118.574713919661008, 5190863.151091265492141 ], [ 636113.209361593704671, 5190860.775878823362291 ], [ 636103.83156196877826, 5190851.978667873889208 ], [ 636109.658914888044819, 5190842.719287169165909 ], [ 636124.454045455204323, 5190850.894742485135794 ], [ 636139.859417497180402, 5190853.825840561650693 ], [ 636150.735251401667483, 5190861.031612422317266 ], [ 636158.694013136788271, 5190872.42056493088603 ], [ 636171.027763518388383, 5190889.554700125008821 ], [ 636172.238384131575003, 5190902.263716910965741 ], [ 636167.407449441263452, 5190910.380094944499433 ], [ 636159.000949735986069, 5190916.366723096929491 ], [ 636148.890304159838706, 5190915.139669515192509 ], [ 636152.06126090278849, 5190927.353077280335128 ] ], [ [ 633541.029024725081399, 5191317.55226825363934 ], [ 633545.371638532262295, 5191336.271245965734124 ], [ 633543.39662125473842, 5191342.763386553153396 ], [ 633538.91905216651503, 5191349.819137887097895 ], [ 633535.734500107821077, 5191354.7522550849244 ], [ 633528.088282166048884, 5191365.809131426736712 ], [ 633514.85014840902295, 5191376.770819184370339 ], [ 633492.609461528947577, 5191368.934206421487033 ], [ 633483.464165126904845, 5191358.523742068558931 ], [ 633483.638675360474735, 5191348.271942879073322 ], [ 633489.40508124907501, 5191338.1153309578076 ], [ 633494.239514280576259, 5191327.942835065536201 ], [ 633502.722535853390582, 5191322.493719603866339 ], [ 633521.568428755039349, 5191310.695224923081696 ], [ 633531.097117473371327, 5191310.599083789624274 ], [ 633541.029024725081399, 5191317.55226825363934 ] ], [ [ 636299.943173119216226, 5191866.424352304078639 ], [ 636302.716679638018832, 5191878.662987723946571 ], [ 636302.7083063214086, 5191903.238693730905652 ], [ 636297.450474046403542, 5191910.467855731956661 ], [ 636295.642241761088371, 5191923.996441185474396 ], [ 636291.709302827599458, 5191929.701210395433009 ], [ 636290.524703207425773, 5191945.010320212692022 ], [ 636285.838732325937599, 5191951.66023943759501 ], [ 636278.653531392337754, 5191962.557393468916416 ], [ 636276.999257046845742, 5191970.978840449824929 ], [ 636275.930734326830134, 5191981.055179235525429 ], [ 636272.627089221961796, 5191983.98079149518162 ], [ 636266.080861040856689, 5191984.364333622157574 ], [ 636260.216673038434237, 5191975.933890085667372 ], [ 636259.874920391128398, 5191961.705735741183162 ], [ 636265.471169036347419, 5191949.693569395691156 ], [ 636274.137783874990419, 5191932.480935207568109 ], [ 636272.728926800307818, 5191927.837153416126966 ], [ 636271.279202140052803, 5191917.192987528629601 ], [ 636268.678237499319948, 5191908.857112661004066 ], [ 636276.49060154648032, 5191883.086294873617589 ], [ 636286.334903689567, 5191872.997358992695808 ], [ 636289.526761151035316, 5191865.304071140475571 ], [ 636299.943173119216226, 5191866.424352304078639 ] ], [ [ 631164.379321831744164, 5189510.681105802766979 ], [ 631151.603641931433231, 5189514.585437034256756 ], [ 631139.588076159590855, 5189513.837999039329588 ], [ 631144.275509664323181, 5189509.801028896123171 ], [ 631146.330241621704772, 5189504.932275392115116 ], [ 631124.73647861671634, 5189503.583845371380448 ], [ 631115.192334606661461, 5189500.217618988826871 ], [ 631104.711986087728292, 5189496.514492595568299 ], [ 631132.926179248490371, 5189493.171847893856466 ], [ 631137.540901354397647, 5189489.00063456594944 ], [ 631150.991835835156962, 5189476.794294347055256 ], [ 631169.300547223072499, 5189470.342269375920296 ], [ 631182.448745901347138, 5189473.280858927406371 ], [ 631188.55146042839624, 5189476.508519568480551 ], [ 631207.395116585190408, 5189488.919472694396973 ], [ 631203.100384344346821, 5189500.434689714573324 ], [ 631194.692983452812769, 5189501.369553756900132 ], [ 631176.453242341987789, 5189498.009338772855699 ], [ 631164.379321831744164, 5189510.681105802766979 ] ], [ [ 631660.738334461580962, 5189753.741309832781553 ], [ 631647.530579084297642, 5189754.829453041777015 ], [ 631634.771210935665295, 5189748.314678913913667 ], [ 631625.119745775358751, 5189747.611466319300234 ], [ 631611.97444804571569, 5189750.200586746446788 ], [ 631599.95681349944789, 5189746.048289042897522 ], [ 631597.972976410062984, 5189740.463859527371824 ], [ 631613.631852125283331, 5189732.014864508993924 ], [ 631634.00388252583798, 5189732.472558329813182 ], [ 631660.741387323010713, 5189737.874288882128894 ], [ 631666.248848383547738, 5189743.937683786265552 ], [ 631660.738334461580962, 5189753.741309832781553 ] ], [ [ 631663.278682148084044, 5190836.24497102573514 ], [ 631650.861550434725359, 5190853.746327754110098 ], [ 631635.918169611133635, 5190855.356471258215606 ], [ 631613.661732457345352, 5190848.451913006603718 ], [ 631619.195342433755286, 5190833.019708241336048 ], [ 631639.158267392427661, 5190829.308667179197073 ], [ 631663.278682148084044, 5190836.24497102573514 ] ], [ [ 631656.060966554563493, 5190902.135588880628347 ], [ 631661.781415231758729, 5190921.233136809431016 ], [ 631651.112069859984331, 5190939.18806975055486 ], [ 631633.186529573751613, 5190926.791927497833967 ], [ 631639.671173690119758, 5190900.992974949069321 ], [ 631656.060966554563493, 5190902.135588880628347 ] ], [ [ 635810.970744076417759, 5190690.409374267794192 ], [ 635813.449383407714777, 5190700.645057490095496 ], [ 635810.971758204745129, 5190710.088426541537046 ], [ 635793.916795516503043, 5190704.788386560976505 ], [ 635788.314872666844167, 5190691.581655741669238 ], [ 635793.562553742434829, 5190687.531191965565085 ], [ 635810.970744076417759, 5190690.409374267794192 ] ], [ [ 631789.670646772254258, 5190530.754225307144225 ], [ 631783.840835262672044, 5190544.6387400906533 ], [ 631774.536930177593604, 5190543.548125961795449 ], [ 631762.484647924196906, 5190539.613997261039913 ], [ 631764.570681457291357, 5190526.598021196201444 ], [ 631789.670646772254258, 5190530.754225307144225 ] ], [ [ 635922.645037493901327, 5190664.697466934099793 ], [ 635907.557680144789629, 5190664.760675134137273 ], [ 635910.644070743815973, 5190655.211643723770976 ], [ 635912.021416761446744, 5190640.500793091021478 ], [ 635919.359518565004691, 5190641.178668504580855 ], [ 635923.017820795881562, 5190644.851763529703021 ], [ 635921.872974082245491, 5190649.370079019106925 ], [ 635917.867623263387941, 5190658.801419251598418 ], [ 635924.015301095903851, 5190658.862056222744286 ], [ 635922.645037493901327, 5190664.697466934099793 ] ], [ [ 636296.536038604564965, 5192223.152641647495329 ], [ 636288.5438981608022, 5192231.75915988907218 ], [ 636281.053197866189294, 5192239.984255551360548 ], [ 636278.104645623010583, 5192223.872806300409138 ], [ 636294.965988810523413, 5192217.16918068844825 ], [ 636296.536038604564965, 5192223.152641647495329 ] ] ], [ [ [ 632051.808958367910236, 5190871.626944188959897 ], [ 632053.72357466199901, 5190870.241260501556098 ], [ 632057.50453991885297, 5190870.305616974830627 ], [ 632059.940063550369814, 5190866.092254242859781 ], [ 632060.98183948546648, 5190860.436895526945591 ], [ 632061.078374343225732, 5190854.765428376384079 ], [ 632065.388272114680149, 5190851.529484645463526 ], [ 632072.085406882804818, 5190846.915901511907578 ], [ 632077.70858751819469, 5190849.848179253749549 ], [ 632083.740033228415996, 5190856.569428408518434 ], [ 632085.053315861616284, 5190862.737650212831795 ], [ 632089.707121499930508, 5190867.071701216511428 ], [ 632094.865707427728921, 5190869.523275152780116 ], [ 632097.277116933604702, 5190866.727774435654283 ], [ 632095.010509399930015, 5190861.016102690249681 ], [ 632098.383230363484472, 5190857.291429974138737 ], [ 632102.196374220075086, 5190855.465303529985249 ], [ 632107.867822810309008, 5190855.561838047578931 ], [ 632106.994982236181386, 5190851.292162599973381 ], [ 632104.712324001127854, 5190846.52573286741972 ], [ 632102.013356680516154, 5190838.44291375298053 ], [ 632099.778965411009267, 5190830.840759959071875 ], [ 632096.599332594778389, 5190823.22251723986119 ], [ 632091.016373666352592, 5190817.927155607379973 ], [ 632086.314300182275474, 5190816.428848575800657 ], [ 632086.402789606014267, 5190811.230021055787802 ], [ 632086.018658595625311, 5190806.02312973421067 ], [ 632082.782713748631068, 5190801.713251547887921 ], [ 632079.050015099812299, 5190798.8131716651842 ], [ 632074.331852735718712, 5190798.26010624319315 ], [ 632071.496128659462556, 5190798.211839395575225 ], [ 632072.545948134502396, 5190792.083859664388001 ], [ 632071.240708911209367, 5190785.443017617799342 ], [ 632067.067548077204265, 5190780.644410539418459 ], [ 632060.579569888184778, 5190772.969857728108764 ], [ 632059.738906284444965, 5190766.809700346551836 ], [ 632060.259793560369872, 5190763.982020863331854 ], [ 632057.007759936735965, 5190760.617365274578333 ], [ 632052.778326937463135, 5190759.127084482461214 ], [ 632048.524721732130274, 5190759.054684302769601 ], [ 632040.986924327444285, 5190757.508130886591971 ], [ 632035.347654350684024, 5190755.521115282550454 ], [ 632033.994147809455171, 5190751.71601702645421 ], [ 632027.882257274352014, 5190749.720957119949162 ], [ 632021.826677701319568, 5190744.41755301412195 ], [ 632013.872571296873502, 5190739.554592053405941 ], [ 632009.186567903961986, 5190737.111044718883932 ], [ 632004.95713499141857, 5190735.620783671736717 ], [ 632002.634253980242647, 5190733.217458746396005 ], [ 632001.280747335404158, 5190729.41236087679863 ], [ 631999.93528504553251, 5190725.134642448276281 ], [ 631995.225167892873287, 5190724.108957428485155 ], [ 631987.190598632674664, 5190723.972202557139099 ], [ 631981.519151711720042, 5190723.875669943168759 ], [ 631978.683428281336091, 5190723.827403637580574 ], [ 631973.06024810206145, 5190720.895128396339715 ], [ 631967.941865711240098, 5190716.080434748902917 ], [ 631960.379936861572787, 5190715.951724752783775 ], [ 631954.716534691629931, 5190715.38257173076272 ], [ 631947.675492853391916, 5190712.426182992756367 ], [ 631944.912168964976445, 5190708.124332102015615 ], [ 631946.923316499218345, 5190701.067201737314463 ], [ 631943.214751434279606, 5190696.749262229539454 ], [ 631935.660867723519914, 5190696.147912782616913 ], [ 631935.556290794746019, 5190702.291998710483313 ], [ 631931.662705598631874, 5190708.844330903142691 ], [ 631928.73045009910129, 5190714.467510708607733 ], [ 631926.286884488188662, 5190719.153493491001427 ], [ 631921.039792659226805, 5190721.900728285312653 ], [ 631920.00606311194133, 5190727.083484226837754 ], [ 631925.156621994683519, 5190730.00771477073431 ], [ 631930.355466920183972, 5190730.09620339423418 ], [ 631936.05106592993252, 5190728.774855566211045 ], [ 631943.124265688820742, 5190729.840762109495699 ], [ 631948.315027491888031, 5190730.40188991650939 ], [ 631956.32546312129125, 5190731.95648717880249 ], [ 631963.879347493872046, 5190732.557818016037345 ], [ 631964.255435279221274, 5190738.237308907322586 ], [ 631960.794247714336962, 5190747.160788307897747 ], [ 631954.553647663444281, 5190752.727657316252589 ], [ 631949.250244276598096, 5190758.783235522918403 ], [ 631942.585290294606239, 5190761.506336668506265 ], [ 631937.386464537121356, 5190761.417847961187363 ], [ 631934.999228658620268, 5190762.795487342402339 ], [ 631941.559604939888231, 5190766.216452951543033 ], [ 631945.292302548885345, 5190769.116531528532505 ], [ 631948.512157430290245, 5190774.371668328531086 ], [ 631959.390474282554351, 5190774.084069991484284 ], [ 631969.291372538660653, 5190775.670864943414927 ], [ 631977.277655416633934, 5190778.643343850038946 ], [ 631984.302608374156989, 5190782.544975098222494 ], [ 631987.098109888960607, 5190784.956325338222086 ], [ 631993.698708798037842, 5190786.014208202250302 ], [ 632000.307371918926947, 5190786.599451529793441 ], [ 632003.127006245194934, 5190787.592978774569929 ], [ 632004.713801905163564, 5190777.692060490138829 ], [ 632010.449604708701372, 5190774.007629116997123 ], [ 632015.167766354628839, 5190774.560694163665175 ], [ 632015.055144072044641, 5190781.177382566034794 ], [ 632015.431231211288832, 5190786.856874227523804 ], [ 632015.342741795699112, 5190792.055720149539411 ], [ 632015.726873253122903, 5190797.262591221369803 ], [ 632014.685098330606706, 5190802.917949470691383 ], [ 632012.722215237328783, 5190807.139376245439053 ], [ 632013.106346824904904, 5190812.346227982081473 ], [ 632018.232773121562786, 5190816.688302795402706 ], [ 632022.830267303157598, 5190824.330677478574216 ], [ 632025.545323408907279, 5190831.468253677710891 ], [ 632026.410119503620081, 5190836.210548823699355 ], [ 632039.058253227150999, 5190843.044439604505897 ], [ 632041.365044727455825, 5190846.393006645143032 ], [ 632041.284599395818077, 5190851.119212940335274 ], [ 632039.369983227457851, 5190852.504896676167846 ], [ 632034.155047845095396, 5190853.361647672951221 ], [ 632029.812991213286296, 5190858.48809324670583 ], [ 632027.393576262053102, 5190861.756214810535312 ], [ 632026.383978612488136, 5190865.521090606227517 ], [ 632027.729439486982301, 5190869.79880978167057 ], [ 632030.044275258667767, 5190872.674756264314055 ], [ 632035.275280428584665, 5190870.872763955034316 ], [ 632038.503179253544658, 5190875.655282128602266 ], [ 632041.698899760143831, 5190882.328282891772687 ], [ 632040.649078987305984, 5190888.456261906772852 ], [ 632040.54449940030463, 5190894.600330064073205 ], [ 632039.005968615994789, 5190901.665505683980882 ], [ 632035.625242109759711, 5190905.862779432907701 ], [ 632031.77990092895925, 5190909.579387234523892 ], [ 632032.676874547149055, 5190912.431200151331723 ], [ 632038.340277525945567, 5190913.000356074422598 ], [ 632044.932832649210468, 5190914.530842503532767 ], [ 632047.376381955109537, 5190909.84485920984298 ], [ 632048.394025004352443, 5190905.607343378476799 ], [ 632048.522738211322576, 5190898.045432510785758 ], [ 632048.62731785455253, 5190891.901364234276116 ], [ 632048.259257436380722, 5190885.749251045286655 ], [ 632047.883190990425646, 5190880.069759162142873 ], [ 632047.963636665372178, 5190875.343552796170115 ], [ 632051.808958367910236, 5190871.626944188959897 ] ] ], [ [ [ 632681.941683894954622, 5190985.886647157371044 ], [ 632682.470618256600574, 5190982.58634218852967 ], [ 632680.596222097519785, 5190981.608920594677329 ], [ 632676.310431441757828, 5190983.427003408782184 ], [ 632676.839385094353929, 5190980.12669880874455 ], [ 632676.919832113548182, 5190975.400485043413937 ], [ 632677.000279077095911, 5190970.674271278083324 ], [ 632677.064636607654393, 5190966.893300260417163 ], [ 632677.128994102589786, 5190963.11232924181968 ], [ 632679.043633031658828, 5190961.726644172333181 ], [ 632679.572547872317955, 5190958.42633886449039 ], [ 632678.707751853624359, 5190953.684035714715719 ], [ 632673.533050606609322, 5190952.177680183202028 ], [ 632670.256879938067868, 5190950.230862686410546 ], [ 632670.329281609738246, 5190945.977289675734937 ], [ 632664.706112369312905, 5190943.045025853440166 ], [ 632661.814052177127451, 5190946.305107077583671 ], [ 632658.521791921230033, 5190945.303551714867353 ], [ 632652.882494884543121, 5190943.316530029289424 ], [ 632647.707813249668106, 5190941.810175059363246 ], [ 632637.350347553030588, 5190939.270085585303605 ], [ 632629.347963101812638, 5190937.242860470898449 ], [ 632621.818200781242922, 5190935.223641453310847 ], [ 632618.077453779289499, 5190932.796158391982317 ], [ 632613.880174440331757, 5190929.415407441556454 ], [ 632607.343922488857061, 5190924.576569474302232 ], [ 632603.146643192740157, 5190921.195818699896336 ], [ 632601.256157987751067, 5190921.163640168495476 ], [ 632598.380207024980336, 5190923.478478795848787 ], [ 632595.536434619221836, 5190923.902832258492708 ], [ 632595.592747059068643, 5190920.594483284279704 ], [ 632598.508921126252972, 5190915.916538225486875 ], [ 632598.148924550740048, 5190909.29179560393095 ], [ 632596.811506824800745, 5190904.541448907926679 ], [ 632592.125497640343383, 5190902.09789605345577 ], [ 632587.887995273224078, 5190901.080252009443939 ], [ 632582.648938122554682, 5190903.354867644608021 ], [ 632580.75845301267691, 5190903.322689197957516 ], [ 632575.551574394339696, 5190903.706819728016853 ], [ 632571.722336570266634, 5190906.478190356865525 ], [ 632570.664469375740737, 5190913.07879866939038 ], [ 632570.584023119881749, 5190917.805011195130646 ], [ 632571.000331971794367, 5190921.121404596604407 ], [ 632571.400551522849128, 5190925.38304051104933 ], [ 632574.196055927313864, 5190927.794414621777833 ], [ 632577.960936807328835, 5190928.80401426833123 ], [ 632576.470671196235344, 5190933.033471674658358 ], [ 632575.477160438662395, 5190935.853129249997437 ], [ 632575.901513799093664, 5190938.696901449933648 ], [ 632576.766309779603034, 5190943.439203348942101 ], [ 632576.718041816959158, 5190946.274930907413363 ], [ 632574.34689080901444, 5190946.707328848540783 ], [ 632572.896848682546988, 5190948.573660559952259 ], [ 632573.321201621671207, 5190951.417452075518668 ], [ 632575.660173952812329, 5190952.875539190135896 ], [ 632576.052348494995385, 5190957.60979644395411 ], [ 632579.296339971129782, 5190961.447079269215465 ], [ 632581.106378237949684, 5190966.205470629967749 ], [ 632584.358414362650365, 5190969.570132306776941 ], [ 632584.742544019594789, 5190974.777010943740606 ], [ 632583.292501396033913, 5190976.643361918628216 ], [ 632580.881126816966571, 5190979.438866006210446 ], [ 632580.808724481496029, 5190983.692457373254001 ], [ 632583.09138376719784, 5190988.458893564529717 ], [ 632583.043115484295413, 5190991.294621158391237 ], [ 632580.63978552329354, 5190993.617503892630339 ], [ 632579.654319378896616, 5190995.96452076267451 ], [ 632580.991735633113421, 5191000.714886874891818 ], [ 632582.793728707358241, 5191005.945899696089327 ], [ 632581.327596475253813, 5191008.757493074983358 ], [ 632579.885598444379866, 5191010.15122264996171 ], [ 632580.750393585767597, 5191014.893524747341871 ], [ 632580.694080368848518, 5191018.201873582787812 ], [ 632580.629722702666186, 5191021.982824358157814 ], [ 632580.5734090982005, 5191025.291192510165274 ], [ 632580.509051035973243, 5191029.072162600234151 ], [ 632579.49140562908724, 5191033.309664421714842 ], [ 632579.443137029302306, 5191036.145391984842718 ], [ 632579.36268931790255, 5191040.871604584157467 ], [ 632579.306375886546448, 5191044.179953400045633 ], [ 632583.6725941861514, 5191037.635658698156476 ], [ 632586.612903821514919, 5191031.539850831031799 ], [ 632588.575791791896336, 5191027.31843844614923 ], [ 632591.019365084124729, 5191022.632449829019606 ], [ 632591.099812582950108, 5191017.906237087212503 ], [ 632591.668970794300549, 5191012.24282653350383 ], [ 632592.726839680341072, 5191005.642218146473169 ], [ 632592.799242251785472, 5191001.388626657426357 ], [ 632593.368400560808368, 5190995.725196738727391 ], [ 632593.432758311042562, 5190991.944226518273354 ], [ 632594.450403316528536, 5190987.706724439747632 ], [ 632595.500227101845667, 5190981.57873722165823 ], [ 632597.438980489736423, 5190978.775188343599439 ], [ 632599.393823262071237, 5190975.026396869681776 ], [ 632599.962980879237875, 5190969.362986135296524 ], [ 632598.593385119456798, 5190966.503124359063804 ], [ 632601.541738464031368, 5190959.934694449417293 ], [ 632603.977247056784108, 5190955.721326227299869 ], [ 632606.356442923191935, 5190954.816307011060417 ], [ 632610.177636742126197, 5190952.517557905055583 ], [ 632612.052032643929124, 5190953.494979189708829 ], [ 632613.870115828816779, 5190957.780749604105949 ], [ 632617.106062927166931, 5190962.090654103085399 ], [ 632618.019145821104757, 5190963.997248344123363 ], [ 632617.03366076736711, 5190966.344245857559144 ], [ 632615.599688124028035, 5190967.265354076400399 ], [ 632618.851743836887181, 5190970.630016381852329 ], [ 632621.62311420973856, 5190974.459255029447377 ], [ 632622.487909862189554, 5190979.201557546854019 ], [ 632625.699722673045471, 5190984.929326257668436 ], [ 632629.376112371101044, 5190991.137741781771183 ], [ 632628.806954073254019, 5190996.801172213628888 ], [ 632630.096102096023969, 5191004.387266838923097 ], [ 632631.906159396399744, 5191009.145659322850406 ], [ 632633.259646161575802, 5191012.950763804838061 ], [ 632635.077728803735226, 5191017.236534711904824 ], [ 632637.768651292193681, 5191025.791987127624452 ], [ 632639.089978183736093, 5191031.487577371299267 ], [ 632639.49824139312841, 5191035.276592783629894 ], [ 632645.049025940941647, 5191042.462450076825917 ], [ 632645.000757266068831, 5191045.298178100958467 ], [ 632644.960533355013467, 5191047.661284786649048 ], [ 632645.817302716895938, 5191052.87620940245688 ], [ 632645.785123553010635, 5191054.766694753430784 ], [ 632650.903491159318946, 5191059.58140057977289 ], [ 632655.068590894923545, 5191064.852619282901287 ], [ 632657.359313100576401, 5191069.146474432200193 ], [ 632660.54699044697918, 5191076.292108424939215 ], [ 632660.939163606613874, 5191081.026366792619228 ], [ 632659.9295429517515, 5191084.791247649118304 ], [ 632660.313690494280308, 5191089.998127701692283 ], [ 632663.973988860379905, 5191097.151806754991412 ], [ 632664.342027229256928, 5191103.303929262794554 ], [ 632669.028016699012369, 5191105.747484585270286 ], [ 632672.328321486595087, 5191106.276419923640788 ], [ 632672.424859689315781, 5191100.604963508434594 ], [ 632672.048776432289742, 5191094.925462247803807 ], [ 632672.145314474008046, 5191089.254005833528936 ], [ 632673.162960712914355, 5191085.016503175720572 ], [ 632670.880302071804181, 5191080.250065365806222 ], [ 632668.605688203824684, 5191075.011006242595613 ], [ 632666.306939846137539, 5191071.189811266958714 ], [ 632664.088639839901589, 5191062.642383423633873 ], [ 632662.799511805525981, 5191055.05630762130022 ], [ 632662.904094065306708, 5191048.912229966372252 ], [ 632662.992586673120968, 5191043.713395023718476 ], [ 632662.592348977457732, 5191039.451757696457207 ], [ 632658.851601903676055, 5191037.024292727932334 ], [ 632657.465916891815141, 5191035.109673004597425 ], [ 632660.349913688725792, 5191032.322213486768305 ], [ 632661.391693575424142, 5191026.666846738196909 ], [ 632663.843292743666098, 5191021.508235576562583 ], [ 632664.41245111473836, 5191015.844824003055692 ], [ 632665.91076234378852, 5191011.142763932235539 ], [ 632672.583775141043589, 5191007.947021398693323 ], [ 632678.768076837528497, 5191005.688496102578938 ], [ 632683.077982497867197, 5191002.452549039386213 ], [ 632684.087583449087106, 5190998.687648108229041 ], [ 632682.75016650382895, 5190993.937300098128617 ], [ 632681.396660073776729, 5190990.132194879464805 ], [ 632681.941683894954622, 5190985.886647157371044 ] ] ], [ [ [ 632331.664799249498174, 5190821.580709527246654 ], [ 632335.578608443727717, 5190818.939128266647458 ], [ 632338.246503456146456, 5190821.305854361504316 ], [ 632340.252772909356281, 5190817.084273783490062 ], [ 632335.644440857344307, 5190815.071421503089368 ], [ 632331.029506292194128, 5190813.445339609868824 ], [ 632326.78161205840297, 5190812.986153325997293 ], [ 632324.854341914062388, 5190812.566466469317675 ], [ 632321.41288594645448, 5190810.186593033373356 ], [ 632321.478718601632863, 5190806.318867084570229 ], [ 632319.577800712082535, 5190804.352097954601049 ], [ 632318.043845853535458, 5190803.552223063074052 ], [ 632313.402617171872407, 5190803.473224654793739 ], [ 632312.675139110884629, 5190800.752663291059434 ], [ 632320.450071454164572, 5190798.563684836030006 ], [ 632326.277983775595203, 5190797.115350849926472 ], [ 632329.791835989337415, 5190795.24074649438262 ], [ 632329.457731058704667, 5190792.139997906051576 ], [ 632327.196356252185069, 5190788.619543264620006 ], [ 632326.108459547511302, 5190784.345316280610859 ], [ 632324.640375329414383, 5190779.677735441364348 ], [ 632324.758873288636096, 5190772.715844124555588 ], [ 632326.017933581024408, 5190766.934014382772148 ], [ 632325.329973700689152, 5190761.892829318530858 ], [ 632322.295037983101793, 5190758.359208185225725 ], [ 632318.827248982153833, 5190757.526417875662446 ], [ 632315.346332279616036, 5190757.46716955024749 ], [ 632311.09183564374689, 5190757.394754203036427 ], [ 632308.771211671410128, 5190757.355255101807415 ], [ 632305.296858920832165, 5190756.909235801547766 ], [ 632301.842236426658928, 5190755.302904250100255 ], [ 632298.361300553078763, 5190755.243655618280172 ], [ 632296.007760745473206, 5190757.138009729795158 ], [ 632295.981427683262154, 5190758.685111603699625 ], [ 632289.373391469474882, 5190760.507050306536257 ], [ 632287.033018064568751, 5190761.627863081172109 ], [ 632283.499416487058625, 5190764.66279873251915 ], [ 632279.985545833129436, 5190766.537383496761322 ], [ 632275.344298265059479, 5190766.45838519744575 ], [ 632271.502905113506131, 5190764.845489812083542 ], [ 632269.19544775004033, 5190764.032449448481202 ], [ 632267.59570007014554, 5190767.100262266583741 ], [ 632266.415638303733431, 5190768.240843840874732 ], [ 632261.780955096241087, 5190767.775055270642042 ], [ 632257.526478350628167, 5190767.702640157192945 ], [ 632251.724899906199425, 5190767.603891943581402 ], [ 632246.283778366167098, 5190769.058828938752413 ], [ 632242.763343814061955, 5190771.320203724317253 ], [ 632238.089161380543374, 5190773.175057967193425 ], [ 632231.087772274855524, 5190775.377183547243476 ], [ 632227.220066438545473, 5190775.311351558193564 ], [ 632237.964080242323689, 5190780.523718356154859 ], [ 632242.539514631265774, 5190784.470423012971878 ], [ 632246.767658378230408, 5190786.089920666068792 ], [ 632248.629095726879314, 5190790.377332556061447 ], [ 632254.784528652555309, 5190792.416517306119204 ], [ 632263.234271794906817, 5190796.042284182272851 ], [ 632270.969664873555303, 5190796.173948253504932 ], [ 632277.544784846715629, 5190796.285863324068487 ], [ 632281.03888697118964, 5190795.571571061387658 ], [ 632283.687051411485299, 5190799.098608886823058 ], [ 632284.75519816193264, 5190804.533147341571748 ], [ 632288.583405171055347, 5190806.919603413902223 ], [ 632292.405047958949581, 5190809.692849815823138 ], [ 632292.306299415999092, 5190815.494409332983196 ], [ 632290.686781546100974, 5190819.722572325728834 ], [ 632294.468925111577846, 5190824.816423363983631 ], [ 632300.991360143991187, 5190828.022503728047013 ], [ 632307.926917919423431, 5190829.688104501925409 ], [ 632310.548730216687545, 5190834.762205749750137 ], [ 632318.624869999708608, 5190837.607849447987974 ], [ 632318.559037043014541, 5190841.475575361400843 ], [ 632317.352603540988639, 5190844.163219515234232 ], [ 632322.35432781255804, 5190845.795885302126408 ], [ 632327.061408577836119, 5190842.007177858613431 ], [ 632329.06109493074473, 5190838.172368172556162 ], [ 632331.414635314722545, 5190836.27801438421011 ], [ 632334.548319647088647, 5190834.010056748054922 ], [ 632337.714901275932789, 5190829.808226036839187 ], [ 632335.014089726959355, 5190829.375372583046556 ], [ 632329.232259936514311, 5190828.116311442106962 ], [ 632329.671696291072294, 5190825.02874865103513 ], [ 632331.664799249498174, 5190821.580709527246654 ] ] ] ] } }
]
}
